#version	cldr-geonames-20260807-r2
# cityId	nameKo	countryId	population
1796236	상하이	CN	24874500
1816670	베이징	CN	18960744
1795565	선전 시	CN	17494398
1809858	광저우	CN	16096724
2314302	킨샤사	CD	16000000
745044	이스탄불	TR	15701602
2332459	라고스	NG	15388000
1566083	호치민	VN	14002598
1815286	청두 시	CN	13568357
1172451	라호르	PK	13004135
1275339	뭄바이	IN	12691836
3448439	상파울루	BR	12400232
3530597	멕시코시티	MX	12294193
1174872	카라치	PK	11624219
1792947	톈진 시	CN	11090314
1273294	델리	IN	11034555
1791247	우한 시	CN	10392693
524901	모스크바	RU	10381222
1185241	다카	BD	10356500
1835848	서울특별시	KR	10349312
1850147	도쿄	JP	9733276
1812545	둥관 시	CN	9644871
360630	카이로	EG	9606916
1790630	시안 시	CN	9600000
993800	요하네스버그	ZA	9418183
1799962	난징	CN	9314685
1808926	항저우	CN	9236032
1811103	포산 시	CN	9042509
2643743	런던	GB	8961989
5128581	뉴욕	US	8804190
1642911	자카르타	ID	8540121
1277333	벵갈루루	IN	8495492
1581130	하노이	VN	8053663
1668341	타이베이	TW	7871900
3936456	리마	PE	7737002
3688689	보고타	CO	7674366
1814906	충칭 시	CN	7457599
1819729	홍콩	HK	7396076
98182	바그다드	IQ	7216000
1790842	Wuzhong	CN	7202654
1797929	칭다오 시	CN	7172451
112931	테헤란	IR	7153309
2034937	선양	CN	7050000
1269843	Hyderabad	IN	6993262
3451190	리우데자네이루	BR	6747815
1886760	쑤저우 시	CN	6715559
11072148	Puxi	CN	6683712
1279233	아마다바드	IN	6357693
2293538	아비장	CI	6321017
1798524	Pudong	CN	5681512
2147714	시드니	AU	5638830
1880252	싱가포르	SG	5638700
2158177	멜버른	AU	5435590
160263	다르에스살람	TZ	5383728
498817	상트페테르부르크	RU	5351935
361058	알렉산드리아	EG	5263542
2037013	하얼빈 시	CN	5242897
1609350	방콕	TH	5104476
1808722	허페이 시	CN	5050000
1814087	다롄 시	CN	4913879
2335204	카노	NG	4910000
3871336	산티아고	CL	4837295
3369157	케이프타운	ZA	4772846
1168197	페샤와르	PK	4758762
2038180	창춘 시	CN	4714996
105343	제다	SA	4697000
1264527	첸나이	IN	4681087
1275004	콜카타	IN	4631392
1790645	샤먼 시	CN	4617251
1255364	Surat	IN	4591246
1298824	양곤	MM	4477638
13308620	Bao'an	CN	4476554
1138958	카불	AF	4434550
184745	나이로비	KE	4397073
1790923	우시 시	CN	4396835
360995	Giza	EG	4367343
1805753	지난 시	CN	4335989
1793511	타이위안 시	CN	4303673
1784658	정저우 시	CN	4253913
2460596	바마코	ML	4227569
108410	리야드	SA	4205961
12908892	신베이시	TW	4004367
12747063	New Territories	HK	3984077
1795270	스자좡 시	CN	3938513
1205733	치타공	BD	3920222
344979	아디스아바바	ET	3860000
1804651	쿤밍 시	CN	3855346
6986104	중산 시	CN	3841873
1799869	난닝 시	CN	3839800
1795940	산터우 시	CN	3838900
5368361	로스앤젤레스	US	3820914
1179400	Faisalabad	PK	3800193
292223	두바이	AE	3790000
1848354	요코하마 시	JP	3777491
1810821	푸저우 시	CN	3740000
1799397	닝보 시	CN	3731203
2553604	카사블랑카	MA	3665954
2339354	이바단	NG	3649000
1798425	Puyang	CN	3590000
323786	앙카라	TR	3517182
1794903	스옌 시	CN	3460000
2950159	베를린	DE	3426354
1793346	탕산 시	CN	3372102
1166993	라왈핀디	PK	3357612
13512505	Lüliang	CN	3346500
1007311	더반	ZA	3338026
1815456	창저우 시	CN	3290918
1838524	부산광역시	KR	3285147
3117735	마드리드	ES	3255944
1871859	평양직할시	KP	3222000
1785286	쯔보 시	CN	3129228
1259229	푸네	IN	3124458
750269	부르사	TR	3101833
1815577	창사 시	CN	3093980
1692192	Quezon City	PH	3084270
1269515	자이푸르	IN	3046163
1809461	구이양 시	CN	3037159
1529102	우루무치 시	CN	3029372
1625822	수라바야	ID	3018022
1843564	인천광역시	KR	3015482
1804430	란저우 시	CN	3000000
3646738	카라카스	VE	3000000
703448	키예프	UA	2952301
311046	İzmir	TR	2938292
1806776	후이저우 시	CN	2900113
3435910	부에노스아이레스	AR	2891082
1809078	하이커우 시	CN	2873358
1668399	타이중 시	TW	2850285
1267995	Kanpur	IN	2823249
6167865	토론토	CA	2794356
3652462	키토	EC	2781641
2174003	브리즈번	AU	2780063
2240449	루안다	AO	2776168
1853909	오사카 시	JP	2753862
1803318	린이 시	CN	2743843
1816971	바오딩 시	CN	2739887
1673820	가오슝 시	TW	2737660
5110302	브루클린	US	2736074
3657509	과야킬	EC	2723665
3470127	벨루오리존치	BR	2721564
1800480	Minhang	CN	2716600
11995100	바중시	CN	2712894
3450554	사우바도르	BR	2711840
2352778	아부자	NG	2690000
1200109	Gazipur	BD	2674697
4887398	시카고	US	2664452
1791388	원저우 시	CN	2650000
1649378	브카시	ID	2648272
2253354	다카르	SN	2646503
1581298	Haiphong	VN	2625200
1785725	윈푸 시	CN	2612800
6619347	나비뭄바이	IN	2600000
53654	모가디슈	SO	2587183
2298890	쿠마시	GH	2544530
1650357	반둥	ID	2528163
1177662	Gujranwala	PK	2511118
1797873	화이안시	CN	2494013
1214520	메단	ID	2486283
1264733	러크나우	IN	2472011
2357048	와가두구	BF	2415266
1262180	나그푸르	IN	2405665
3399415	포르탈레자	BR	2400000
3687925	칼리	CO	2392877
2063523	퍼스	AU	2384371
1835329	대구광역시	KR	2365523
2507480	알제	DZ	2364230
1800163	난창 시	CN	2357839
587084	바쿠	AZ	2351300
2036892	후허하오터 시	CN	2350000
1856057	나고야 시	JP	2332176
3169070	로마	IT	2318895
5133273	Queens	US	2316841
4699066	휴스턴	US	2314157
124665	마슈하드	IR	2307177
1795855	소흥	CN	2300000
1799722	난퉁 시	CN	2273326
1816917	Baoshan	CN	2265900
1819609	주룽	HK	2232339
1787093	옌타이 시	CN	2227733
314830	가지안테프	TR	2222415
922704	루붐바시	CD	2221925
3663517	Manaus	BR	2219580
909137	루사카	ZM	2212301
3469058	브라질리아	BR	2207718
1790437	주하이 시	CN	2207090
3492908	산토도밍고	DO	2201941
2365267	로메	TG	2188376
1169825	물탄	PK	2169915
3553478	아바나	CU	2163824
1645524	Depok	ID	2163635
2038432	바오터우 시	CN	2150000
2988507	파리	FR	2138551
1273865	코임바토르	IN	2136916
12359313	Qingyang	CN	2125400
2324774	포트하커트	NG	2120000
964137	프리토리아	ZA	2112693
3860259	코르도바	AR	2106734
209228	Mbuji-Mayi	CD	2101332
170063	알레포	SY	2098210
1785623	쿤산 시	CN	2092496
99071	Al Mawşil al Jadīdah	IQ	2065597
1791681	웨이팡 시	CN	2044028
1783621	쭌이 시	CN	2037775
3911925	라파스	BO	2004652
10859300	롄윈강 시	CN	2001009
3674962	메데인	CO	1999979
1269743	인도르	IN	1994397
2260535	브라자빌	CG	1982000
1512569	타슈켄트	UZ	1978028
1810638	간저우 시	CN	1977253
1526384	알마티	KZ	1977011
379252	하르툼	SD	1974647
2911298	함부르크	DE	1973896
2128295	삿포로 시	JP	1973832
1794035	Songjiang	CN	1973500
2306104	아크라	GH	1963264
3464975	쿠리치바	BR	1948626
8347664	어얼둬쓰 시	CN	1940653
71137	사나	YE	1937451
2422465	코나크리	GN	1928389
1625084	탕에랑	ID	1927815
3981609	티후아나	MX	1922523
1176734	하이데라바드	PK	1921275
276781	베이루트	LB	1916100
1797121	지에양 시	CN	1899394
2036502	지린 시	CN	1895865
1806508	Jiading	CN	1886100
683506	부쿠레슈티	RO	1877155
2422488	Camayenne	GN	1871242
195272	Kakamega	KE	1867579
1796134	Shangqiu	CN	1859723
1800146	난충 시	CN	1858875
1668355	타이난 시	TW	1856642
2037799	다퉁 시	CN	1850000
2335727	카두나	NG	1850000
365137	옴두르만	SD	1849659
1715348	다바오	PH	1848947
1254661	Thāne	IN	1841488
3526683	Iztapalapa	MX	1835486
316541	디야르바키르	TR	1833684
3904906	Santa Cruz de la Sierra	BO	1831434
1253573	바도다라	IN	1822221
325363	아다나	TR	1816750
1799629	난양 시	CN	1811812
292968	아부다비	AE	1807000
1633070	팔렘방	ID	1801367
292672	샤르자	AE	1800000
1275841	보팔	IN	1798218
1806299	장먼 시	CN	1795459
2347283	베닌시티	NG	1782000
1815251	Jiangyin	CN	1779515
1810845	푸양 시	CN	1768947
6077243	몬트리올	CA	1762949
11838258	Bayan Nur	CN	1760000
3633009	마라카이보	VE	1752602
1815395	차오저우 시	CN	1750945
625144	민스크	BY	1742124
3054643	부다페스트	HU	1741041
1797945	칭위안 시	CN	1738424
1793724	Tai’an	CN	1735425
1258393	Rasapūdipalem	IN	1728128
7626690	핌프리친치와드	IN	1727692
1720151	칼로칸	PH	1712945
756135	바르샤바	PL	1702139
953781	소웨토	ZA	1695047
1627896	스마랑	ID	1694740
3521081	푸에블라	MX	1692181
2761369	빈	AT	1691468
3128760	바르셀로나	ES	1686208
1260086	파트나	IN	1684297
99072	모술	IQ	1683000
12165956	Kallakurichi	IN	1682687
232422	캄팔라	UG	1680600
1788852	시닝 시	CN	1677177
7283386	Changshu	CN	1677050
1807681	Huainan	CN	1666826
2538475	라바트	MA	1655753
3390760	헤시피	BR	1653461
5308655	피닉스	US	1650070
1793743	Suzhou	CN	1647642
3529612	Ecatepec de Morelos	MX	1645352
1802206	Lu’an	CN	1644344
3625549	발렌시아	VE	1619470
1264728	Ludhiana	IN	1618879
1787746	옌청 시	CN	1615717
1496747	노보시비르스크	RU	1612833
95446	Erbil	IQ	1612700
1863967	후쿠오카 시	JP	1612392
1793505	타이저우 시	CN	1607108
2037860	다칭 시	CN	1604027
1701668	마닐라	PH	1600000
1791236	우후 시	CN	1598165
3991164	케레타로	MX	1594212
1813325	다저우 시	CN	1589435
1787227	양저우 시	CN	1584237
3998655	León de los Aldama	MX	1579803
104515	메카	SA	1578722
4560349	필라델피아	US	1573916
1821306	프놈펜	KH	1573544
1809498	구이린 시	CN	1572300
170654	다마스쿠스	SY	1569394
1167528	퀘타	PK	1565546
1784853	자오칭 시	CN	1553109
2326016	오니차	NG	1553000
1800627	몐양 시	CN	1550000
2193733	오클랜드	NZ	1547200
418863	이스파한	IR	1547164
12358576	Wanzhou	CN	1545900
1526273	아스타나	KZ	1544142
890299	하라레	ZW	1542813
2274895	몬로비아	LR	1542549
1798449	푸톈 시	CN	1539389
1859642	가와사키 시	JP	1538262
3462377	고이아니아	BR	1536097
4726206	샌안토니오	US	1526656
1859171	고베 시	JP	1525152
2673730	스톡홀름	SE	1515017
4013708	시우다드후아레스	MX	1512450
1586203	Cần Thơ	VN	1507187
2867714	뮌헨	DE	1505005
1336135	쿨나	BD	1500689
3405870	벨렝	BR	1499641
1486209	예카테린부르크	RU	1495066
3452925	포르투알레그리	BR	1488252
1786657	인촨 시	CN	1487579
5125771	맨해튼	US	1487536
1261731	나시크	IN	1486053
8400694	타이저우 시	CN	1485502
3439389	아순시온	PY	1482200
1814870	Yiwu	CN	1481384
3979770	Zapopan	MX	1476491
1622786	마카사르	ID	1474393
2078025	애들레이드	AU	1469163
1797353	취안저우 시	CN	1469157
1264521	마두라이	IN	1465625
1805528	진화 시	CN	1463990
1857910	교토 시	JP	1463723
1806602	Cixi	CN	1457510
1791121	창더 시	CN	1457419
1735161	쿠알라룸푸르	MY	1453975
308464	카이세리	TR	1452458
1804879	카이펑 시	CN	1451741
2038632	안산 시	CN	1450000
128747	카라지	IR	1448075
1283240	카트만두	NP	1442271
1835235	대전광역시	KR	1441203
10942359	바오지 시	CN	1437802
1793771	Suqian	CN	1437685
1803300	류저우시	CN	1436599
1254361	티루넬벨리	IN	1435844
306571	코니아	TR	1433861
1787331	Zhangjiagang	CN	1432044
1279259	아그라	IN	1430055
8581443	South Tangerang	ID	1429529
113646	타브리즈	IR	1424641
706483	하르키우	UA	1421125
1797658	진장 시	CN	1416151
1271951	Faridabad	IN	1414050
1816234	보저우 시	CN	1409436
1797318	취징 시	CN	1408500
5391811	샌디에고	US	1404452
1841811	광주광역시	KR	1401235
1784990	Zhanjiang	CN	1400709
2037355	푸순 시	CN	1400646
1258847	Rājkot	IN	1390640
1801792	뤄양 시	CN	1390581
4005539	과달라하라	MX	1385629
5110266	The Bronx	US	1385108
1802875	Guankou	CN	1380000
1580240	후에	VN	1380000
3173435	밀라노	IT	1371498
1262111	Najafgarh	IN	1365000
2427123	은자메나	TD	1359526
1808963	한단 시	CN	1358318
1183460	반누	PK	1357890
1786764	이창 시	CN	1350150
1070940	안타나나리보	MG	1349501
1808198	허쩌 시	CN	1346717
3461786	Guarulhos	BR	1345364
2293521	Abobo	CI	1340083
1269300	잠셰드푸르	IN	1339438
2232593	두알라	CM	1338082
323777	안탈리아	TR	1335002
99532	Basrah	IQ	1326564
4684888	댈러스	US	1326087
6940394	Saitama	JP	1324854
2440485	니아메	NE	1323691
8533133	류판수이 시	CN	1320825
1684308	Taguig	PH	1308085
1801180	마오밍 시	CN	1307802
5913490	캘거리	CA	1306784
2210247	트리폴리	LY	1302947
109223	메디나	SA	1300000
2220957	야운데	CM	1299369
6295587	바탐 섬	ID	1296960
1797551	친저우 시	CN	1296300
1801934	뤄허 시	CN	1294974
1790587	샹양시	CN	1294733
1806408	양장 시	CN	1292987
1786760	Yixing	CN	1285785
1259652	Pimpri	IN	1284606
1583992	다낭	VN	1276000
250441	암만	JO	1275857
1723510	Budta	PH	1273715
792680	베오그라드	RS	1273651
1587923	Biên Hòa	VN	1272235
1797798	Qingpu	CN	1271424
3441575	몬테비데오	UY	1270737
1788046	Xuchang	CN	1265536
1268295	Kalyān	IN	1262255
1783745	쯔궁 시	CN	1262064
520555	Nizhniy Novgorod	RU	1259013
1642548	Jepara	ID	1257912
1040652	마푸투	MZ	1254837
10630003	쉬저우 시	CN	1253991
110336	담맘	SA	1252523
268743	Ra’s Bayrūt	LB	1251739
1799491	네이장 시	CN	1251095
115019	시라즈	IR	1249942
1808316	Heshan	CN	1249807
1272423	Dombivali	IN	1247327
214481	카낭가	CD	1247168
551487	카잔	RU	1243500
1805518	지닝 시	CN	1241012
3648522	바르키시메토	VE	1240714
349076	Shubrā al Khaymah	EG	1240289
1798439	Putuo	CN	1239100
3718426	포르토프랭스	HT	1234742
1835553	수원시	KR	1234582
1788534	신양 시	CN	1230042
1803834	랴오청 시	CN	1229768
10942283	Jinzhong	CN	1226617
3946083	카야오	PE	1226200
1263214	메루트	IN	1223184
1253133	Virār	IN	1222390
1261162	Nowrangapur	IN	1220946
94824	카르발라	IQ	1218732
1808956	창즈 시	CN	1214940
1792892	Tianshui	CN	1212791
7802746	Sadr City	IQ	1211849
1787375	Yangpu	CN	1210800
186301	몸바사	KE	1208333
1311874	만달레이	MM	1208099
1255634	스리나가르	IN	1206419
3689147	바랑키야	CO	1206319
1508291	첼랴빈스크	RU	1202371
3523349	메리다	MX	1201000
1862415	히로시마 시	JP	1200754
3492914	산티아고데로스카바예로스	DO	1200000
1518980	쉼켄트	KZ	1200000
1791636	웨이난 시	CN	1199290
1271308	가지아바드	IN	1199191
1039854	Matola	MZ	1198988
1272979	Dhanbad	IN	1196214
3947322	아레키파	PE	1195700
12747064	Hong Kong Island	HK	1195529
2548885	Fes	MA	1191905
3514674	Gustavo Adolfo Madero	MX	1185772
2377450	누악쇼트	MR	1184530
212730	키상가니	CD	1181788
1805953	자싱 시	CN	1180000
1278149	Aurangabad	IN	1175116
1784285	중웨이 시	CN	1174600
1496153	옴스크	RU	1172070
2246678	Pikine	SN	1170791
1631761	페칸바루	ID	1167599
10794003	Panjin	CN	1166481
1624917	반다르람풍	ID	1166066
3067696	프라하	CZ	1165581
1253405	바라나시	IN	1164404
1805179	주장 시	CN	1164268
499099	사마라	RU	1163399
2353151	아바	NG	1160000
1278710	암리차르	IN	1159227
2655603	버밍엄	GB	1157603
2618425	코펜하겐	DK	1153615
727011	소피아	BG	1152556
1785294	안양 시	CN	1146839
616052	예레반	AM	1144700
13405906	Luohu District	CN	1143801
1253184	비자야와다	IN	1143232
13608002	Fengxiang	CN	1140872
1816373	비제 시	CN	1137383
3995465	몬테레이	MX	1135512
202061	키갈리	RW	1132686
501175	로스토프나도누	RU	1130305
1783763	주저우 시	CN	1129687
1978681	Malingao	PH	1121974
2244322	투바	SN	1120824
479561	우파	RU	1120547
1258526	란치	IN	1120374
1787858	상라오 시	CN	1116486
927967	릴롱궤	MW	1115815
1807700	화이베이 시	CN	1113321
2331447	마이두구리	NG	1110000
1787957	Xuhui	CN	1109800
1800818	메이산 시	CN	1107742
152224	므완자	TZ	1104521
1833747	울산광역시	KR	1098421
2111149	Sendai	JP	1096704
1502026	크라스노야르스크	RU	1090811
1810820	푸저우 시	CN	1089888
1809532	구이강 시	CN	1086327
3143244	오슬로	NO	1082575
1269633	자발푸르	IN	1081677
2337639	일로린	NG	1080000
415189	아덴	YE	1079670
1648473	보고르	ID	1078351
3530589	Ciudad Nezahualcoyotl	MX	1077208
1808370	헝양 시	CN	1075516
1278994	Prayagraj	IN	1073438
3691175	트루히요	PE	1067700
1253102	비샤카파트남	IN	1063178
1842485	고양시	KR	1061752
1785781	위린 시	CN	1056743
1268865	조드푸르	IN	1056191
1270583	Gwalior	IN	1054420
1805540	징저우 시	CN	1052282
964420	포트엘리자베스	ZA	1050078
611717	트빌리시	GE	1049498
472045	보로네시	RU	1047549
1788572	Xinxiang	CN	1047088
1786746	이춘 시	CN	1045952
2322911	소코토	NG	1040000
2335953	조스	NG	1040000
2530335	Tangier	MA	1035141
1254745	Teni	IN	1034724
1790353	셴양 시	CN	1034081
3996069	멕시칼리	MX	1032686
2255414	푸앵트누아르	CG	1032000
3395981	마세이오	BR	1031597
3467865	캄피나스	BR	1031554
1796556	싼야 시	CN	1031396
1185188	랑푸르	BD	1031388
94787	키르쿠크	IQ	1031000
162183	아슈하바트	TM	1030063
1795874	사오관 시	CN	1028460
1270396	Howrah	IN	1027672
1258980	라이푸르	IN	1027264
1846326	창원시	KR	1025702
1802276	룽옌 시	CN	1025087
2886242	쾰른	DE	1024621
2964574	더블린	IE	1024027
1254388	티루치라팔리	IN	1022518
1786217	융저우 시	CN	1020715
2800866	브뤼셀	BE	1019022
1679432	삼보앙가	PH	1018849
6094817	오타와	CA	1017449
1806535	Huzhou	CN	1015937
472757	볼고그라드	RU	1013533
379251	Khartoum North	SD	1012211
5946768	에드먼턴	CA	1010899
698740	오데사	UA	1010537
1803936	Wuwei	CN	1010295
4160021	잭슨빌	US	1009833
4691930	포트워스	US	1008106
1808857	한중 시	CN	1006557
7576887	허저우 시	CN	1005490
3046446	페슈트	HU	1001748
1266049	코타	IN	1001694
6943660	Shivaji Nagar	IN	1000000
7602670	Zhu Cheng City	CN	1000000
1812101	둥잉 시	CN	998968
1801640	루저우 시	CN	998900
5392171	산호세	US	997368
1256436	Sholapur	IN	997281
2542997	Marrakesh	MA	995871
3598132	과테말라시티	GT	994938
1800779	메이저우 시	CN	992351
1927639	웨양 시	CN	991465
1804591	라이우 시	CN	989535
2038300	번시 시	CN	987717
747323	Esenyurt	TR	983571
511196	페름	RU	982419
2317765	자리아	NG	980000
7033318	Kennedy	CO	979914
2113015	지바 시	JP	979768
1798827	핑딩산 시	CN	979130
3645528	시우다드과야나	VE	978202
1166000	사르고다	PK	975886
4671654	오스틴	US	974447
3617763	마나과	NI	973087
1816440	벙부 시	CN	972784
2537763	Salé	MA	972299
281184	예루살렘	IL	971800
1274746	Chandigarh	IN	970602
709930	드니프로페트로우시크	UA	968502
1717512	세부	PH	965332
1796823	Sanhe	CN	965075
1254348	Tiruppur	IN	963173
1271476	구와하티	IN	962334
1790492	샹탄 시	CN	959303
1803567	린펀 시	CN	959198
1931681	Victoria	HK	956800
1784642	Zhenjiang	CN	950516
2343279	에누구	NG	950000
3838583	로사리오	AR	948312
101760	Sulţānah	SA	946697
2036662	Huludao	CN	944495
1269920	Hubballi	IN	943788
1633419	파당	ID	942938
1859307	기타큐슈 시	JP	940978
70225	Taiz	YE	940600
11790342	Setagaya	JP	940071
3489854	킹스턴	JM	937700
1805701	Jing’an	CN	936500
1281673	바오산 시	CN	935618
1797063	Rui’an	CN	927383
4014338	치와와	MX	925762
6611854	네피도	MM	925000
315202	에스키셰히르	TR	921630
1262321	마이소르	IN	920550
1257629	살렘	IN	917414
3388368	상루이스	BR	917237
1897000	성남시	KR	914832
3687238	카르타헤나	CO	914552
1730501	Antipolo	PH	913712
4509177	콜럼버스	US	913175
1164909	시알코트	PK	911817
4460243	샬럿	US	911311
1804609	라이빈 시	CN	910282
2319133	와리	NG	910000
3172394	나폴리	IT	909048
1790254	샤오간 시	CN	908266
3467747	캄푸그란지	BR	906092
1783683	Ziyang	CN	905729
2362344	보보디울라소	BF	904920
1183880	Bahawalpur	PK	903795
1797264	취저우 시	CN	902767
931755	블랜타이어	MW	902588
709717	도네츠크	UA	901645
100077	Abū Ghurayb	IQ	900000
1528675	비슈케크	KG	900000
119208	쿰	IR	900000
1785453	짜오좡 시	CN	899753
542420	크라스노다르	RU	899541
3394023	Natal	BR	896708
1798654	핑샹 시	CN	893550
1636722	말랑	ID	889359
3531673	칸쿤	MX	888797
4259418	인디애나폴리스	US	887642
1270642	구르가온	IN	886519
1275817	Bhubaneswar	IN	885363
1886762	Zhoushan	CN	882932
2035265	치치하얼 시	CN	882364
8307074	Mulenvos	AO	882014
98463	Sulaymaniyah	IQ	878146
2995469	마르세유	FR	877215
1802940	푸닝 시	CN	874954
1275901	비완디	IN	874032
954013	Soshanguve	ZA	872309
3386496	테레지나	BR	871126
1789065	Ankang	CN	870126
1268782	잘란다르	IN	868929
2747891	로테르담	NL	868135
1804540	Langfang	CN	868066
3464374	두키지카시아스	BR	866347
2236500	Viana	AO	865863
1805987	자오쭤 시	CN	865413
1629001	사마린다	ID	865306
12069922	Rohini	IN	860000
1791748	Wanxian	CN	859662
1799194	Guang’an	CN	858159
1732752	조호르바루	MY	858118
1184370	Arifwala	PK	854462
7290466	Pasig City	PH	853050
1845604	청주시	KR	852147
12501153	Kanayannur	IN	851406
3600949	테구시갈파	HN	850848
1838716	부천시	KR	850731
1566166	타인호아	VN	850000
3165524	투린	IT	847287
292913	알아인	AE	846747
2399697	리브르빌	GA	846090
498677	사라토프	RU	844858
2028462	울란바토르	MN	844818
1791673	웨이하이 시	CN	844310
1821940	Takeo	KH	843931
3456160	노바이구아수	BR	843046
3919968	코차밤바	BO	841276
144448	아바즈	IR	841145
1651944	비엔티안	LA	840940
3449344	São Bernardo do Campo	BR	840499
1785412	Zhabei	CN	840000
1788508	신위 시	CN	839488
965301	피터마리츠버그	ZA	839327
1786770	이빈 시	CN	836340
3522790	나우칼판	MX	834434
1771023	Kampung Baru Subang	MY	833571
2290956	부아케	CI	832371
1793703	Taicang	CN	831113
5391959	샌프란시스코	US	827526
1853195	사카이 시	JP	826161
2509954	발렌시아	ES	824340
13608000	Jinshan	CN	822776
1815059	Chenzhou	CN	822534
3397277	주앙페소아	BR	817511
217831	Bukavu	CD	816811
3094802	크라쿠프	PL	816614
3648559	바르셀로나	VE	815141
2389853	방기	CF	812407
4004898	에르모시요	MX	812229
1276014	Bhayandar	IN	809378
4012176	Culiacán	MX	808416
1735158	프탈링자야	MY	807879
1817993	안칭 시	CN	804493
2485926	오랑	DZ	803329
2409306	프리타운	SL	802639
3601782	산페드로술라	HN	801259
1261809	Narela	IN	800000
1788927	싱타이 시	CN	798770
1855431	니가타 시	JP	797591
287286	무스카트	OM	797000
250090	자르카	JO	792665
6955677	Çankaya	TR	792189
742394	Küçükçekmece	TR	792030
1863289	하마마쓰 시	JP	791707
922773	Kolwezi	CD	790248
1562798	빈	VN	790000
1254163	티루바난타푸람	IN	788271
1784841	자오퉁 시	CN	787845
6929460	Panzhihua	CN	787177
1814757	추저우 시	CN	782671
5809844	시애틀	US	780995
358619	Port Said	EG	780515
3685533	쿠쿠타	CO	777106
169577	홈스	SY	775404
1788081	Xuancheng	CN	774332
74477	이브	YE	771514
1624647	Tasikmalaya	ID	770839
1033356	남풀라	MZ	770379
1817720	Shangyu	CN	770000
425378	부줌부라	BI	769317
1488754	튜멘	RU	768358
315368	에르주룸	TR	767848
1817968	안순 시	CN	765313
160196	도도마	TZ	765179
1185128	Rajshahi	BD	763580
1180281	Dera Ismail Khan	PK	763195
3447399	소로카바	BR	762172
1790840	우저우 시	CN	761948
1734634	이포	MY	759952
1797595	친황다오 시	CN	759718
88319	벵가지	LY	757490
3445831	우베를란지아	BR	754954
1279017	Alīgarh	IN	753207
1816920	사오양 시	CN	753194
304922	말라티아	TR	750491
6183235	위니펙	CA	749607
8469289	Ōta	JP	748081
1514588	안디잔	UZ	747800
1277013	바레일리	IN	745435
107304	Buraydah	SA	745353
2036986	허강 시	CN	743307
3995402	모렐리아	MX	743275
456172	리가	LV	742572
2759794	Amsŭt'erŭdam	NL	741636
1721080	카가얀데오로	PH	741617
1801620	Ma’anshan	CN	741531
1732903	샤알람	MY	740750
751324	Bağcılar	TR	740069
12324556	Shizuishan	CN	739400
1858421	구마모토 시	JP	738907
2325200	Oyo	NG	736072
1627549	Serang	ID	735651
3981254	Torreón	MX	735340
1812961	더양 시	CN	735070
2352947	아베오쿠타	NG	735000
79415	Al Ḩudaydah	YE	734699
1787351	양취안 시	CN	731228
2350841	아쿠레	NG	730000
5419384	덴버	US	729019
3455775	Osasco	BR	728615
7758790	Kikolo	AO	728205
2239888	Maianga	AO	727681
3448636	상조제두스캄푸스	BR	727078
3514663	Álvaro Obregón	MX	726664
1865689	Aihara	JP	725493
1004866	Evaton	ZA	725468
1680102	Valenzuela	PH	725173
1169607	Muzaffarābād	PK	725000
1854383	오카야마 시	JP	724691
3985606	산루이스포토시	MX	722772
4019233	아과스칼리엔테스	MX	722250
1713022	제너럴산토스	PH	722059
1783873	Zhumadian	CN	721670
1262801	Morādābād	IN	721139
11611609	Sagamihara	JP	720780
6075357	미시소거	CA	717961
702550	리비우	UA	717273
1513157	나망간	UZ	713220
687700	Zaporizhzhya	UA	710052
148730	잔지바르시티	TZ	709809
3988086	살티요	MX	709671
173576	라타키아	SY	709000
8504423	수방자야	MY	708296
1252948	와랑갈	IN	704570
1694781	Paranaque City	PH	703245
482283	톨리야티	RU	702879
7874116	Santo Domingo Oeste	DO	701269
1183105	Battagram	PK	700000
1272866	Dhārāvi	IN	700000
8601412	Santo Domingo Este	DO	700000
359796	수에즈	EG	699541
1815463	Changzhi	CN	699514
3451328	히베이랑프레투	BR	698642
2561668	아가디르	MA	698310
11071717	Edogawe	JP	697932
3191281	사라예보	BA	696731
1650527	발릭파판	ID	695287
10987897	Adachi	JP	695043
1815611	Changning	CN	694900
2347470	Bauchi	NG	693700
1851717	시즈오카 시	JP	693389
2464470	튀니스	TN	693210
2033196	장자커우 시	CN	692602
4140963	워싱턴 D.C.	US	689545
4644585	내슈빌	US	689447
2037346	푸신 시	CN	689050
107968	타이프	SA	688693
1796989	Changsha	CN	688242
1807234	황스 시	CN	688090
2036113	랴오양 시	CN	687890
8740157	Hlaingthaya	MM	687867
1052373	베이라	MZ	687764
1808090	Hongkou	CN	687500
3104324	사라고사	ES	686986
2510911	세비야	ES	686741
1816269	Baise	CN	686078
1630789	폰티아낙	ID	686019
1626801	Situbondo	ID	685967
2351943	Agege	NG	683600
1816336	빈저우 시	CN	682717
4544349	오클라호마시티	US	681054
1785738	윈청 시	CN	680036
1812955	더저우 시	CN	679535
1221874	두샨베	TJ	679400
2394819	코토누	BJ	679012
5520993	엘패소	US	678815
1270927	고라크푸르	IN	674246
4005492	Guadalupe	MX	673616
3081368	브로츠와프	PL	672545
1645528	덴파사르	ID	670210
1270668	군투르	IN	670073
2334802	카치나	NG	670000
1796669	싼먼샤 시	CN	669307
6642286	E’zhou	CN	668727
353225	Madīnat an Naşr	EG	668413
2591957	Camama	AO	667094
101628	타부크	SA	667000
911148	키트웨	ZM	665961
894701	불라와요	ZW	665952
2035715	무단장 시	CN	665915
3471872	아라카주	BR	664908
3459712	조인빌리	BR	664500
264371	아테네	GR	664046
3186886	자그레브	HR	663592
1804153	러산 시	CN	662814
3449701	Santo André	BR	662373
6173331	밴쿠버	CA	662248
9072919	르자오 시	CN	661943
658225	헬싱키	FI	658864
1845759	천안시	KR	658831
3533462	아카풀코	MX	658609
1650213	Banjarmasin	ID	657663
1259425	Puducherry	IN	657209
1793900	쑤이닝 시	CN	656760
5907364	브램턴	CA	656480
2591953	Golfe	AO	655796
9181182	푸양 시	CN	655674
3667905	Soacha	CO	655025
4930956	보스턴	US	653833
3515431	Tlalnepantla	MX	653410
10581114	Jājmau	IN	652831
5746545	포틀랜드	US	652503
2242906	Calumbo	AO	652270
3981461	Tlaquepaque	MX	650123
2925533	프랑크푸르트	DE	650000
1821274	마카오	MO	649335
2523920	팔레르모	IT	648260
554840	이젭스크	RU	648213
1248991	콜롬보	LK	648034
3778045	마투린	VE	647459
1278718	Amravati	IN	647057
4990729	디트로이트	US	645705
2325590	Osogbo	NG	645000
1863905	후나바시 시	JP	644668
1275665	Bikaner	IN	644406
6317344	자보아탕두스구아라라페스	BR	644037
13631351	Hoji ya Henda	AO	642050
5506956	라스베이거스	US	641903
4645421	New South Memphis	US	641608
1843847	화성시	KR	640890
2165087	Gold Coast	AU	640778
3093133	우치	PL	639890
1845457	전주시	KR	638421
13608003	Chongming	CN	637921
285839	Al Aḩmadī	KW	637411
3658666	쿠엥카	EC	636996
618426	키시너우	MD	635994
922741	리카시	CD	635768
1642858	Jambi City	ID	635101
1808770	허비 시	CN	634721
1185186	Comilla	BD	634654
204953	Tshikapa	CD	634529
1180942	Chunian	PK	634236
1273874	Kochi	IN	633553
4641239	멤피스	US	633104
1805611	징먼 시	CN	632954
1510853	바르나울	RU	632372
2037886	단둥 시	CN	631973
3693528	피우라	PE	630000
1275971	빌라이	IN	627734
901344	은돌라	ZM	627503
3465624	콘타젱	BR	627123
479123	울리야놉스크	RU	626540
223817	지부티	DJ	626512
2648579	글래스고	GB	626410
2035513	Panshan	CN	625040
4299276	루이빌	US	624444
2023469	이르쿠츠크	RU	623869
1846918	안산시	KR	623256
360761	Al Mansurah	EG	621953
128226	Kermanshah	IR	621100
1806096	Jiaozhou	CN	619266
2934246	뒤셀도르프	DE	618685
1793879	쑤이저우 시	CN	618582
3587902	Villa Nueva	GT	618397
2022890	하바롭스크	RU	618150
3465038	쿠이아바	BR	618124
161325	Arusha	TZ	617631
3463478	페이라지산타나	BR	616272
1707174	Las Piñas	PH	615549
1814934	Chizhou	CN	615274
3530139	Coyoacán	MX	614447
2825297	슈투트가르트	DE	612663
1787816	Ya'an	CN	612056
1273780	쿠타크	IN	610189
1275248	Borivli	IN	609617
3698350	치클라요	PE	609400
468902	야로슬라블	RU	608722
2711537	예테보리	SE	608462
1859730	가와구치 시	JP	607373
13118225	Bukit Rahman Putra	MY	607000
1175892	장 세다	PK	606533
106281	Ha'il	SA	605930
1276032	바브나가르	IN	605882
1020098	Benoni	ZA	605344
2013348	블라디보스토크	RU	604901
2036427	진저우 시	CN	604269
3515001	툭스틀라구티에레스	MX	604147
703845	크리비리흐	UA	603904
1796663	싼밍 시	CN	602166
1176615	이슬라마바드	PK	601600
1257416	Sāngli	IN	601214
1269317	잠나가르	IN	600943
3347762	루방구	AO	600751
1282898	포카라	NP	600051
2034786	솽야산 시	CN	600000
64021	보라마	SO	597842
7696679	Pallabi	BD	597574
1802204	Luancheng	CN	597130
532096	마하치칼라	RU	596356
1846898	안양시	KR	595644
3348313	우암부	AO	595304
1216265	사마르칸트	UZ	595200
13512502	Mengzi	CN	595100
1860827	가고시마 시	JP	595049
78754	Mukalla	YE	594951
118743	라슈트	IR	594590
3430863	마르델플라타	AR	593337
2928810	에센	DE	593085
360829	Al Maḩallah al Kubrá	EG	592573
2514256	말라가	ES	592346
1165221	Shekhupura	PK	591424
2033370	잉커우 시	CN	591159
1785018	장저우 시	CN	589831
3520339	레이노사	MX	589466
12382296	Thuận An	VN	588616
2935517	도르트문트	DE	588462
11836117	Suginami	JP	588354
4347778	볼티모어	US	585708
1861321	Itabashi	JP	584483
3489297	New Kingston	JM	583958
1732747	Pelentong	MY	583640
1646448	Cimahi	ID	581994
3458449	론드리나	BR	581382
3688465	부카라망가	CO	581130
3176219	제노바	IT	580097
1863440	하치오지 시	JP	579355
1734759	Malacca	MY	579000
1572151	냐짱	VN	579000
128234	케르만	IR	577514
121801	Orūmīyeh	IR	577307
7627067	Bahçelievler	TR	576799
347497	Tanta	EG	576648
1269321	잠무	IN	576198
10063567	Iskandar Puteri	MY	575977
1720681	칼람바	PH	575046
3515428	Tlalpan	MX	574577
1140026	Herāt	AF	574300
1177654	Gujrat	PK	574240
1489425	톰스크	RU	574002
738377	Umraniye	TR	573265
1529195	스허즈	CN	572772
4951305	South Boston	US	571281
184622	나쿠루	KE	570674
5969782	해밀턴	CA	569353
248946	이르비드	JO	569068
2643123	맨체스터	GB	568996
1736376	코타바루	MY	568900
6159905	서리	CA	568322
2542715	Meknes	MA	568295
3875024	Puente Alto	CL	568106
369004	니알라	SD	565734
2935022	드레스덴	DE	564904
515003	오렌부르크	RU	564773
5454711	앨버커키	US	564559
1275362	Bokāro	IN	564319
343300	아스마라	ER	563930
1164408	수쿠르	PK	563851
5263045	밀워키	US	563531
1585330	Chợ Lớn	VN	561000
1791544	원창 시	CN	560894
2340451	Gombe	NG	560000
2338900	Ile-Ife	NG	560000
1877449	함흥시	KP	559056
1503901	케메로보	RU	558973
98854	Nasiriyah	IQ	558400
1018725	블룸폰테인	ZA	556637
2638077	셰필드	GB	556500
3536729	산티아고데쿠바	CU	555865
2034714	쓰핑 시	CN	555609
3515807	Cuautitlán Izcalli	MX	555163
3351663	Benguela	AO	555124
1814760	Chuxiong	CN	555081
7648070	Balbala	DJ	554350
1807689	화이화 시	CN	552622
1699076	Muntinlupa	PH	552225
1904564	Bình Thạnh	VN	552164
1159301	자헤단	IR	551980
1670029	Banqiao	TW	551221
1261977	난데드	IN	550564
1265873	코지코드	IN	550440
8335361	Ulanqab	CN	550231
2566636	Ajegunle	NG	550000
2243271	Cabinda	AO	550000
786714	프리슈티나	XK	550000
2036581	자무쓰 시	CN	549549
1529376	쿠얼러 시	CN	549324
1266285	Kolhāpur	IN	549236
3662762	포르투벨류	BR	548952
3836873	산미겔데투쿠만	AR	548866
1735227	쿠안탄	MY	548014
694423	세바스토폴	UA	547820
1261529	Nellore	IN	547621
11395976	Mirpur Model Thana	BD	546503
2944388	브레멘	DE	546501
1791779	완닝 시	CN	545992
2325330	오웨리	NG	545000
6847550	Kota Kuala Muda	MY	544984
1735498	Sungai Petani	MY	544851
1788450	신저우 시	CN	544683
11209896	Kotō	JP	543730
1270752	굴바르가	IN	543147
5318313	투손	US	542629
7795834	Selayang Baru Utara	MY	542409
593116	빌뉴스	LT	542366
1279159	아지메르	IN	542321
1798821	Pingdu	CN	542234
5350937	프레즈노	US	542107
154380	므베야	TZ	541603
3459505	주이스지포라	BR	540756
2346229	칼라바르	NG	540000
2540483	우지다	MA	539711
1496990	노보쿠즈네츠크	RU	539616
500096	랴잔	RU	538962
1806445	Ji’an	CN	538699
1166547	Sahiwal	PK	538344
1166548	Sahiwal	PK	538344
304531	Mersin	TR	537842
10346824	Nilüfer	TR	536365
2644688	리즈	GB	536280
3088171	포즈난	PL	536151
1809412	Guli	CN	536000
1529660	아커쑤 시	CN	535657
2344082	Ebute Ikorodu	NG	535619
3407669	아나닌데우아	BR	535547
1793424	Tanggu	CN	535298
1732722	Pasir Gudang	MY	534659
580497	아스트라한	RU	533925
1168718	Okara	PK	533693
10943053	Nansana	UG	532800
1842943	김해시	KR	531966
172955	Ar Raqqah	SY	531952
6325494	퀘벡	CA	531902
3827409	Cuauhtémoc	MX	531831
1796068	Shangluo	CN	531696
1862627	히메지 시	JP	530495
3680656	이바게	CO	529635
2803138	안트베르펜	BE	529247
359783	Assiut	EG	528669
132144	Hamadān	IR	528256
1806488	충하이 시	CN	528238
6316406	Aparecida de Goiânia	BR	527796
1816080	창저우 시	CN	527681
1194041	Mohammadpur	BD	527571
1625812	수라카르타	ID	526870
3583361	산살바도르	SV	525990
1816705	베이하이 시	CN	525329
298117	반	TR	525016
5389489	새크라멘토	US	524943
1565019	Thủ Đức	VN	524670
738329	Üsküdar	TR	524452
511565	펜자	RU	523553
1138336	Kandahār	AF	523300
1133616	마자르이샤리프	AF	523300
1808392	헝수이 시	CN	522147
1273313	데라둔	IN	522081
1272013	에로드	IN	521891
2996944	리옹	FR	520774
3838233	살타	AR	520683
3447779	Serra	BR	520653
747340	Esenler	TR	520235
12446699	Daxing’anling	CN	520000
1568574	꾸이년	VN	519208
361320	Al Fayyum	EG	519047
1272175	두르가푸르	IN	518872
1849053	우쓰노미야 시	JP	518757
4011743	두랑고	MX	518709
3470142	Belford Roxo	BR	518384
2267057	리스본	PT	517802
1167460	Rahim Yar Khan	PK	517000
1253894	울하스나가르	IN	516584
1806466	광위안 시	CN	516424
1264773	Loni	IN	516082
1256525	Siliguri	IN	515574
2861650	뉘른베르크	DE	515543
3456283	Niterói	BR	515317
1253914	우자인	IN	515215
2910831	하노버	DE	515140
2650225	에든버러	GB	514990
3396016	마카파	BR	512902
1790396	Xianning	CN	512517
2972315	툴루즈	FR	511684
949880	Thembisa	ZA	511655
6201369	Carrefour	HT	511345
1926099	마쓰야마 시	JP	511192
1275610	Bilimora	IN	510879
1174625	Kasur	PK	510875
4180439	애틀랜타	US	510823
3523466	Heroica Matamoros	MX	510739
1703417	Makati City	PH	510383
3054667	부더	HU	510108
12492662	Mianzhu, Deyang, Sichuan	CN	510000
2034414	퉁화 시	CN	510000
523750	나베레주니예첼니	RU	509870
535121	리페츠크	RU	509735
2314705	키퀴트	CD	509367
3463237	플로리아노폴리스	BR	508826
1909733	Banan	CN	508703
2155472	뉴캐슬	AU	508437
1818446	Tuen Mun	HK	507900
1785036	장예 시	CN	507433
548408	키로프	RU	507155
1280849	카스 시	CN	506640
12750654	Mukim Pulai	MY	505661
103630	Najrān	SA	505652
1267696	Karol Bāgh	IN	505241
1784130	저우커우 시	CN	505171
2879139	라이프치히	DE	504971
1798760	핑량 시	CN	504848
8307452	Huangpu	CN	504700
8504951	Kalininskiy	RU	504641
2934691	뒤스부르크	DE	504358
1278314	Āsansol	IN	504271
143127	Arāk	IR	503647
3880980	Maipú	CL	503635
627907	호멜	BY	501193
610611	악퇴베	KZ	500757
1733432	코타키나발루	MY	500421
1176358	Jalalpur Pirwala	PK	500000
1732724	Kampung Larkin Lama	MY	500000
12514556	Kota Damansara	MY	500000
2591976	Talatona	AO	500000
1263780	망갈로르	IN	499487
1783988	Zhucheng	CN	499285
3668605	Santa Marta	CO	499192
1857553	마쓰도 시	JP	498575
1462674	Hāthazāri	BD	498179
1707267	Lapu-Lapu City	PH	497813
609655	Karagandy	KZ	497777
1802238	뤄디 시	CN	497171
2644210	리버풀	GB	496770
11837657	Ichikawa	JP	496676
1185270	Bāndarban	BD	495272
1818920	Sha Tin	HK	495200
1180289	Dera Ghazi Khan	PK	494464
1862752	히가시오사카 시	JP	493940
1168021	Pindi Bhattian	PK	493222
569696	체복사리	RU	492331
1839071	포항	KR	492041
1795928	산웨이 시	CN	491766
3674453	Montería	CO	490935
181032	Ruiru	KE	490120
3666304	예두파르	CO	490075
1276533	벨가움	IN	490045
292932	Ajman	AE	490035
9931406	Jianshui	CN	490000
7628420	Sancaktepe	TR	489848
377039	포트수단	SD	489725
3515302	톨루카	MX	489333
3532624	Ciudad López Mateos	MX	489160
360890	Al Khuşūş	EG	488904
1846266	제주시	KR	488844
3099434	그단스크	PL	487371
4164138	마이애미	US	487014
5074472	오마하	US	486051
1855207	Nishinomiya	JP	485587
2593460	Masina	CD	485167
1257806	Sahāranpur	IN	484873
1253286	벨로르	IN	484690
1858311	구라시키 시	JP	483576
3467693	Campos dos Goytacazes	BR	483540
1730737	앙헬레스	PH	483452
1276058	Bhātpāra	IN	483129
333795	지지가	ET	483000
480562	툴라	RU	482873
98860	나자프	IQ	482576
4487042	롤리	US	482295
1710914	Imus	PH	481949
1789647	시창	CN	481796
1264115	Malegaon	IN	481228
3448639	São José do Rio Preto	BR	480393
3466537	카시아스두술	BR	479599
7701384	Karabağlar	TR	479338
2327220	Okene	NG	479178
1833788	의정부시	KR	479141
2654675	브리스틀	GB	479024
1006984	이스트런던	ZA	478676
13527052	Chéngguān Qū	CN	478275
111822	야즈드	IR	477905
57289	Hargeysa	SO	477876
1854487	오이타 시	JP	477715
1805741	진청 시	CN	476945
8440756	Modīnagar	IN	475843
6696918	타오위안시	TW	475798
198629	엘도레트	KE	475716
4393217	캔자스시티	US	475378
1787765	옌안 시	CN	475234
554234	칼리닌그라드	RU	475056
785842	스코페	MK	474889
2057087	쿠팡	ID	474801
944385	페레이니힝	ZA	474681
2747373	헤이그	NL	474292
5367929	롱비치	US	474140
1271439	Gaya	IN	474093
1711005	Iloilo	PH	473728
1794794	Shouguang	CN	473620
1805680	Jingdezhen	CN	473561
2513416	Murcia	ES	471982
5304391	메사	US	471825
6324729	Halifax	CA	471559
153220	모로고로	TZ	471409
1700925	Marikina City	PH	471323
2544571	케니트라	MA	470949
288967	시브	OM	470878
1809061	Jiaojiang	CN	470804
1646511	Cilegon	ID	470378
700569	Mykolayiv	UA	470011
1863917	후쿠야마 시	JP	468812
5139568	Staten Island	US	468730
1799846	난핑 시	CN	467875
3672486	Pereira	CO	467269
4018390	Ciudad Apodaca	MX	467157
3448877	São João de Meriti	BR	466536
1278840	Ambattur	IN	466205
1860243	가나자와 시	JP	466029
336014	곤다르	ET	466000
1701966	만달루용	PH	465902
3592519	Mixco	GT	465773
2036109	랴오위안 시	CN	465249
2338325	Ikare	NG	465000
11592397	Nova Vida	AO	464985
1562414	붕따우	VN	464860
3632998	마라카이	VE	464700
2294877	Tamale	GH	464316
1786112	허위안 시	CN	463907
1583518	Dĩ An	VN	463023
231165	Kira	UG	462900
355449	Esna	EG	462787
1792359	황산 시	CN	460786
170017	Ḩamāh	SY	460602
1269407	Jalgaon	IN	460228
1265491	쿠르누엘	IN	460184
2318044	욜라	NG	460000
1568510	락자	VN	459860
1865387	Amagasaki	JP	459593
1636544	마나도	ID	458582
3651297	Santo Domingo de los Colorados	EC	458580
163345	Ţarţūs	SY	458327
331180	Mek'ele	ET	457900
330186	Nazrēt	ET	456900
5417598	콜로라도스프링스	US	456568
3939459	우앙카요	PE	456250
99347	힐라	IQ	455700
2312895	음반다카	CD	455011
2239862	Malanje	AO	455000
1873757	남포	KP	455000
4005867	Ciudad General Escobedo	MX	454967
1729564	Bacolod City	PH	454898
4791259	버지니아비치	US	454808
1792260	Wafangdian	CN	454338
1701500	Mansilingan	PH	454150
158597	Kahama	TZ	453654
1675151	신주 시	TW	453536
8469284	Katsushika	JP	453093
1258662	Rāmgundam	IN	452261
321836	바트만	TR	452157
1784818	Yongji	CN	452000
1803245	리수이 시	CN	451418
1253986	우다이푸르	IN	451100
326282	Warder	ET	450400
449504	Eslamshahr	IR	450000
8074174	Muratpaşa	TR	450000
1591527	박장	VN	450000
8505006	원산 시	CN	450000
373303	주바	SS	450000
298333	Şanlıurfa	TR	449549
2038087	청더 시	CN	449325
538560	쿠르스크	RU	448733
1348843	Maheshtala	IN	448317
1573517	Nam Định	VN	448225
2501152	Constantine	DZ	448028
1260107	Patiāla	IN	446246
1017780	Boksburg	ZA	445168
1816858	Basuo	CN	444458
3403642	캄피나그란지	BR	443911
4006702	엔세나다	MX	443807
315808	엘라지	TR	443363
3459462	Jundiaí	BR	443221
3514450	Xochimilco	MX	442178
1256409	Shyamnagar	IN	441956
1715430	다스마리냐스	PH	441876
1813171	장자제 시	CN	441804
1635882	마타람	ID	441147
2286304	코로고	CI	440926
3453643	Piracicaba	BR	440835
1864092	후지사와 시	JP	439728
2374775	비사우	GW	439704
1734052	산다칸	MY	439050
1308465	모울메인	MM	438861
6050610	Laval	CA	438366
2512989	팔마데마요르카	ES	438234
3456814	Montes Claros	BR	437601
1869012	Sunch’ŏn	KP	437000
7628416	Sultangazi	TR	436935
2319480	Uyo	NG	436606
2038365	Bei’an	CN	436444
1273368	Davangere	IN	435128
2352379	Ado-Ekiti	NG	435000
3675443	마니살레스	CO	434403
1841246	마산	KR	434371
1586896	Buôn Ma Thuột	VN	434256
487846	Stavropol	RU	433931
1794328	Shuozhou	CN	433700
1859924	가시와 시	JP	433436
2327735	Ogbomoso	NG	433030
293397	텔아비브	IL	432892
216281	고마	CD	432587
3688452	Buenaventura	CO	432385
940909	Welkom	ZA	431944
1818953	Sham Shui Po	HK	431090
1857871	마치다 시	JP	431079
3827407	Venustiano Carranza	MX	430978
359493	자가지그	EG	430445
689558	빈니차	UA	430091
361055	이스마일리아	EG	429465
1806097	Ningde	CN	429260
1279105	아콜라	IN	428857
13608165	Kima Kieza	AO	428855
3941584	쿠스코	PE	428450
1279945	주취안 시	CN	428346
3514783	베라크루스	MX	428323
7303419	동예루살렘	PS	428304
571476	브랸스크	RU	427236
741763	Maltepe	TR	427040
584923	Sumgayit	AZ	427000
1163964	Tando Bago	PK	426535
1734705	쿠알라트렝가누	MY	426500
1849814	도요타 시	JP	426162
2313002	마타디	CD	425662
109353	Al Kharj	SA	425300
1818304	Wong Tai Sin	HK	425235
13118244	Mandaluyong	PH	425000
2330100	민나	NG	425000
3526617	Xalapa de Enríquez	MX	424755
1255783	Rajpur Sonarpur	IN	424368
3060972	브라티슬라바	SK	423737
12557764	Taman Petaling	MY	423062
1852139	Shinagawa	JP	422488
173811	Al Ḩasakah	SY	422445
360502	룩소르	EG	422407
6058560	런던	CA	422324
343137	Awasa	ET	422200
1049261	시모이우	MZ	422046
1163965	Tando Allahyar	PK	421923
2290486	달로아	CI	421871
7290718	키키	BR	421438
1812749	Dingxi	CN	420614
2234974	바멘다	CM	420445
480060	트베리	RU	420065
1566319	Thái Nguyên	VN	420000
3664980	Boa Vista	BR	419652
3662574	히우브랑쿠	BR	419452
5378538	오클랜드	US	419267
2192362	크라이스트처치	NZ	419200
1266122	Korba	IN	419146
1851100	다카마쓰 시	JP	418994
1819607	Kowloon City	HK	418732
3449433	산투스	BR	418608
3183875	티라나	AL	418495
3392242	Petrolina	BR	418444
3457381	Mauá	BR	418261
4568127	산후안	PR	418140
1736309	알로르스타르	MY	417800
7064006	Tongchuan	CN	417740
1694611	Pasay	PH	416522
3522551	누에보라레도	MX	416055
1849876	Toyama	JP	415844
2528910	테투안	MA	415810
2657896	취리히	CH	415367
6947640	Beylikdüzü	TR	415290
1562820	Việt Trì	VN	415280
3532497	Azcapotzalco	MX	414711
4174757	탬파	US	414547
234179	Bunamwaya	UG	413400
532288	마그니토고르스크	RU	413351
4553433	Tulsa	US	413066
1269006	Jhānsi	IN	412927
1818506	Tseung Kwan O	HK	412900
3645532	시우다드볼리바르	VE	412619
1762110	Kampung Kangkar Teberau	MY	412373
2285853	Koumassi	CI	412282
3985241	San Nicolás de los Garza	MX	412199
1809152	구위안 시	CN	411854
2911285	Wandsbek	DE	411422
5037649	미니애폴리스	US	410939
2082600	자야푸라	ID	410852
8629640	투투쿠디	IN	410760
143083	Ardabīl	IR	410753
1276509	Ballari	IN	410445
2038120	차오양 시	CN	410005
281133	가자	PS	410000
3457671	마링가	BR	409657
1848313	요코스카 시	JP	409478
353802	Kom Ombo	EG	409311
6722148	Saltivka	UA	409300
1856177	나가사키 시	JP	409118
1281019	허톈 시	CN	408894
3981369	Tonalá	MX	408759
3703443	파나마시티	PA	408168
204405	Uvira	CD	407092
1862540	히라카타 시	JP	406331
555312	이바노보	RU	406113
3644768	쿠마나	VE	405626
971421	Newcastle	ZA	404838
1842225	구미시	KR	404691
2036389	지시 시	CN	403759
3464739	Diadema	BR	403579
1735634	쿠칭	MY	402738
1863641	기후 시	JP	402557
3402655	Caruaru	BR	402290
1792621	Tongling	CN	402062
1682812	Tarlac City	PH	401892
1849837	Toyonaka	JP	401558
372753	카살라	SD	401477
1856717	Miyazaki	JP	401339
7732748	Lekki	NG	401272
3899539	안토파가스타	CL	401096
11785389	Wah Cantt	PK	400733
1276300	Bhāgalpur	IN	400146
1279290	아가르탈라	IN	400004
2347209	Bida	NG	400000
292261	Dayrah	AE	400000
7498240	West Jerusalem	IL	400000
217695	Bunia	CD	399282
323779	Antakya	TR	399045
9645085	Quận Mười	VN	399000
10630449	Sunshine Coast	AU	398840
191245	키수무	KE	397957
702658	루한시크	UA	397677
1649150	븡쿨루	ID	397321
3648546	바리나스	VE	397279
3444914	Vitória da Conquista	BR	396613
4281730	위치토	US	396119
2558545	Al Hoceïma	MA	395644
3083829	슈체친	PL	395513
3726786	Delmas	HT	395260
3445026	빌라벨랴	BR	394930
3181928	볼로냐	IT	394843
11523293	세종	KR	394630
2591949	Cazenga	AO	394170
740264	삼순	TR	394050
588409	탈린	EE	394024
149606	탕가	TZ	393429
379003	El Obeid	SD	393311
3347939	로비투	AO	393079
145531	Saurimo	AO	393000
3470279	Bauru	BR	392947
3688928	Bello	CO	392939
3672778	Pasto	CO	392930
1810458	Gaomi	CN	391986
3836277	Santa Fe	AR	391164
2282006	상페드로	CI	390654
2331140	마쿠르디	NG	390000
1633034	Palu	ID	389959
2294915	Takoradi	GH	389114
1606590	Samut Prakan	TH	388920
4671240	알링턴	US	388125
105072	하미스무샤이트	SA	387553
3660689	암바토	EC	387309
3466998	Carapicuíba	BR	386984
3827598	Ojo de Agua	MX	386290
3352136	빈트후크	NA	386219
2395914	Abomey-Calavi	BJ	385755
2947416	보훔	DE	385729
1851483	스이타 시	JP	385567
6957079	Benito Juárez	MX	385439
11048319	Sector 3	RO	385439
1175748	Chak Jhumra	PK	385169
310859	카라만마라슈	TR	384953
12159964	Chongzuo	CN	384905
11962371	Grajaú	BR	384873
1854376	오카자키 시	JP	384654
3514519	Xico	MX	384327
3526700	Iztacalco	MX	384326
1268561	Kākināda	IN	384182
3470044	Betim	BR	384000
2515270	Las Palmas de Gran Canaria	ES	383516
1716771	Cotabato	PH	383383
288764	Bawshar	OM	383257
1265014	Latur	IN	382940
1913154	Tanzhou	CN	382445
2179537	웰링턴	NZ	381900
3996322	마사틀란	MX	381583
520494	Nizhny Tagil	RU	381116
4004330	Irapuato	MX	380941
1861949	이치노미야 시	JP	380073
359792	아스완	EG	379774
3078610	브르노	CZ	379466
675810	이아시	RO	378954
986822	Krugersdorp	ZA	378821
1260482	Pānihāti	IN	378705
1185107	Shibganj	BD	378701
3402429	Caucaia	BR	378406
3696183	이키토스	PE	377609
1849846	도요하시 시	JP	377453
1808212	Hechuan	CN	377213
3719028	Pétionville	HT	376834
2745912	위트레흐트	NL	376435
1258932	Rajamahendravaram	IN	376333
3466954	Cariacica	BR	376200
1621177	욕야카르타	ID	375699
1272691	Dhule	IN	375559
1852383	Minato	JP	375339
1749822	Puchong	MY	375181
2326171	Ondo	NG	375000
1258076	Rohtak	IN	374292
1182682	바화아	PK	373841
958724	루스텐버그	ZA	373695
5325738	베이커즈필드	US	373640
2033574	Xuanhua	CN	373422
939270	Emalahleni	ZA	373403
2235189	바푸삼	CM	373268
1565022	투저우못	VN	373105
1851002	다카사키 시	JP	372973
1734810	스름반	MY	372917
3827408	Miguel Hidalgo	MX	372889
1856215	Nagano	JP	372760
1734199	타와우	MY	372615
2653822	카디프	GB	372089
1814544	Dachang	CN	371856
8616121	Đống Đa	VN	371606
1106542	Chitungwiza	ZW	371246
7304020	Fenghuang	CN	370000
3629672	Puerto La Cruz	VE	370000
2320576	우무아히아	NG	370000
298299	우샤크	TR	369433
1283613	바랏푸르	NP	369377
3460644	Itaquaquecetuba	BR	369275
7483813	Natore	BD	369138
353219	6th of October City	EG	368650
2644668	레스터	GB	368600
13546519	Desna	UA	368500
3466779	방울뱀	BR	368195
11048323	Sector 6	RO	367760
2172517	캔버라	AU	367752
7535637	아베야네다	AR	367554
3452465	Praia Grande	BR	367400
1855612	나라 시	JP	367353
3176959	피렌체	IT	367150
1279228	Ahilyanagar	IN	367140
1259091	콜람	IN	367107
8537264	황강 시	CN	366769
2654993	브래드퍼드	GB	366187
1626381	Sukabumi	ID	365735
1275637	Bilāspur	IN	365579
1703320	Malabon	PH	365525
3463011	Franca	BR	365494
5150529	클리블랜드	US	365379
2337181	Iseyin	NG	365300
5950268	Etobicoke	CA	365000
2341374	Gboko	NG	365000
2318123	Yenagoa	NG	365000
13546342	Samba	AO	364986
3393536	올린다	BR	364717
1838343	평택시	KR	364694
3630297	페타레	VE	364684
1588060	Bến Cát	VN	364578
1817990	Anqiu	CN	364208
324190	알라니아	TR	364180
1172128	Larkana	PK	364033
379062	Al Qadarif	SD	363945
627904	흐로드나	BY	363718
1647003	Cibinong	ID	363424
1169116	Nawabshah	PK	363138
4335045	뉴올리언스	US	362701
1678228	지룽 시	TW	362487
2692969	Malmö	SE	362133
1805029	Jizhou	CN	362013
2187404	Manukau City	NZ	362000
2441291	마라디	NE	361702
1182092	Burewala	PK	361664
6947637	Ataşehir	TR	361615
3469968	블루메나우	BR	361261
1799823	Nanqiao	CN	361185
1170395	밍고라	PK	361112
3389353	산타렝	BR	360871
2805753	부퍼탈	DE	360797
2014407	울란우데	RU	360278
11694038	Huocheng	CN	360000
2338400	Ijebu Ode	NG	360000
932505	마세루	LS	359753
1275960	Bhilwara	IN	359483
5412347	오로라	US	359407
620127	비쳅스크	BY	358927
7628419	Sultanbeyli	TR	358201
1516905	타라즈	KZ	358153
1832828	양산	KR	358074
13546518	Dniprovskyi	UA	357900
1689395	산호세델몬테	PH	357828
13631407	Abū al-Kahṣīb	IQ	357771
1948005	광명시	KR	357545
111453	Zanjan	IR	357471
3673899	Neiva	CO	357392
2112539	이와키 시	JP	357309
473247	블라디미르	RU	357024
1026014	테트	MZ	357000
1729524	Bacoor	PH	356974
3445839	Uberaba	BR	356781
1926004	Wakayama	JP	356729
1275198	Brahmapur	IN	356598
1673816	펑산 구	TW	356463
747158	Fatih	TR	356025
2214846	Misratah	LY	355657
3348078	Cuíto	AO	355423
3827406	Benito Juarez	MX	355017
1519922	키질로르다	KZ	354800
1164776	Sinjhoro	PK	354709
1859740	가와고에 시	JP	354571
1850910	Takatsuki	JP	354468
1262330	무자파르푸르	IN	354462
3516266	Tapachula	MX	353706
8067345	Lhoka	CN	353700
3514670	비야에르모사	MX	353577
1735162	Setapak	MY	353268
625665	Mahilyow	BY	352896
141681	반다르아바스	IR	352173
13580034	Pravyi Bereh	UA	352088
1512296	Yunusobod	UZ	352000
291074	Ras Al Khaimah	AE	351943
3647651	Cabimas	VE	351736
1640344	큰다리	ID	351085
5856195	호놀룰루	US	350964
5323810	애너하임	US	350742
299817	타르수스	TR	350732
99100	Al Maḩmūdīyah	IQ	350000
8764562	Diepsloot	ZA	350000
1798900	Pengze	CN	350000
1259239	Punāsa	IN	350000
342884	바히르다르	ET	350000
8054802	Xilinhot	CN	349953
3448632	São José dos Pinhais	BR	349880
1028434	켈리마느	MZ	349842
581049	Arkhangel’sk	RU	349742
1262332	Muzaffarnagar	IN	349706
12548253	Hulunbuir	CN	349400
1645133	Dumai	ID	349389
11790353	Shinjuku	JP	349385
2451185	시카소	ML	349324
117574	사난다지	IR	349176
2025339	치타	RU	349005
1688749	San Pedro	PH	348968
2521978	알리칸테	ES	348901
2388873	Bimbo	CF	348802
1321218	Kalemyo	MM	348573
2655984	밸파스트	GB	348005
1564064	Long Bien	VN	347829
3566067	Camagüey	CU	347562
1813206	Daye	CN	347406
3128026	빌바오	ES	347342
1651531	암본	ID	347288
629634	브레스트	BY	347138
3451353	Ribeirão das Neves	BR	346971
2038067	츠펑 시	CN	346654
8310663	Central Coast	AU	346596
3435217	코리엔테스	AR	346334
1877030	흥람	KP	346082
1278130	Avadi	IN	345996
12277239	Yunlong	CN	345393
1858729	고시가야 시	JP	345353
2652221	코번트리	GB	345324
578072	벨고로드	RU	345289
1053384	토아마시나	MG	345107
7281838	Logan City	AU	345098
1853574	오쓰 시	JP	345070
371760	Kosti	SD	345068
2035261	Qitaihe	CN	345033
290030	도하	QA	344939
1273800	Kadapa	IN	344893
8715035	나카노 구	JP	344880
1646170	치르본	ID	344851
3625829	Turmero	VE	344700
1850181	도코로자와 시	JP	344194
1721906	Cabanatuan City	PH	343672
1785716	Pizhou	CN	343421
13580095	Darnytsya	UA	343384
338832	디레 다와	ET	343000
2506999	안나바	DZ	342703
2990440	니스	FR	342669
1711084	일리간	PH	342618
3667849	Soledad	CO	342556
2529013	Temara	MA	342345
1795060	Shiqi	CN	342306
3392740	Paulista	BR	342167
2566633	Obalende	NG	342000
1265767	Kukatpally	IN	341709
1794479	Laixi	CN	341470
96994	Dihok	IQ	340900
553915	칼루가	RU	340851
13405933	Bắc Từ Liêm	VN	340605
4014875	Celaya	MX	340387
2411989	Serekunda	GM	340000
1199503	Kafrul	BD	339734
308988	Karşıyaka	TR	339624
356436	Ḩadā’iq al Qubbah	EG	339612
702320	Makiyivka	UA	338968
4498303	West Raleigh	US	338759
3529947	쿠에르나바카	MX	338650
6066513	Markham	CA	338503
3448136	상비센치	BR	338326
1876373	개성시	KP	338155
1185098	Tungi	BD	337579
8504952	Krasnogvargeisky	RU	337091
963241	랜드버그	ZA	337053
2537881	사피	MA	336883
693805	심페로폴	UA	336460
765876	루블린	PL	336339
3454244	펠로타스	BR	336150
3621849	산호세	CR	335007
4167147	올랜도	US	334854
3868121	비냐델마르	CL	334248
2034439	톄링 시	CN	333907
119505	카즈빈	IR	333635
2130629	아사히카와 시	JP	333530
1268257	Kāmārhāti	IN	332965
3981941	테픽	MX	332863
1833105	원주시	KR	332849
364103	Wad Medani	SD	332714
9645084	Quận Mười Một	VN	332536
601294	누쿠스	UZ	332500
306641	Konak	TR	332277
1857843	마에바시 시	JP	332149
8469285	Kita	JP	332140
3530580	시우다드빅토리아	MX	332100
3982912	Soledad de Graciano Sánchez	MX	332072
1859146	Kochi	JP	332059
2949186	빌레펠트	DE	331906
2503769	블리다	DZ	331779
1819595	Kwai Chung	HK	331600
1701947	Mandaue City	PH	331320
586523	간자	AZ	330663
127319	Khorramshahr	IR	330606
2946447	본	DE	330579
1263364	마투라	IN	330511
12358476	Hechi	CN	330131
3102014	비드고슈치	PL	330038
491687	스몰렌스크	RU	330025
608668	오랄	KZ	330000
127349	Khorramabad	IR	329825
3583096	Soyapango	SV	329708
1787824	쉬저우 시	CN	329661
2595778	Guédiawaye	SN	329659
728193	플로브디프	BG	329489
4013704	시우다드오브레곤	MX	329404
1866923	원산시	KP	329207
2654789	Brent	GB	329100
1520240	파블로다르	KZ	329002
1274693	찬다푸르	IN	328351
3467467	Canoas	BR	328291
2112141	고리야마 시	JP	327692
491422	소치	RU	327608
324496	악사라이	TR	327575
1275701	비자푸르	IN	327427
918702	치파타	ZM	327059
2044757	청진시	KP	327000
2033467	옌지 시	CN	326957
936374	로데포르트	ZA	326416
3693345	푸카이파	PE	326040
3457001	Mogi das Cruzes	BR	325746
2519240	코르도바	ES	325708
2655613	버컨헤드	GB	325264
2990969	Nantes	FR	325070
2337704	Ilesa	NG	325000
1631766	Pekalongan	ID	324564
1209106	Bhatara	BD	324300
660158	Espoo	FI	323910
192126	Kikuyu	KE	323881
1732811	Kluang	MY	323762
1803590	Lincang	CN	323708
2641170	Nottingham	GB	323632
13631350	Ramiros	AO	323576
99608	Al ‘Amārah	IQ	323302
472231	Volzhsky	RU	323293
6173577	본	CA	323103
1807566	Xingyi	CN	322890
1256515	Shivamogga	IN	322650
1278946	알와	IN	322568
2236568	Uíge	AO	322531
3446682	Taubaté	BR	322397
3526682	Ixtapaluca	MX	322271
1527534	오시	KG	322164
3652941	포르토비에호	EC	321800
3665900	비야비센시오	CO	321717
1874533	만경대리	KP	321690
3468031	Camaçari	BR	321636
3701329	San Miguelito	PA	321501
1256728	Shāhjānpur	IN	320434
4297983	렉싱턴	US	320347
6958518	Tantou	CN	320304
3447212	Suzano	BR	320261
3472287	Anápolis	BR	319587
1876401	개천	KP	319554
1268773	Jūnāgadh	IN	319462
2646003	이즐링턴	GB	319143
3556969	Holguín	CU	319102
1520316	외스케멘	KZ	319067
1818209	Tsuen Wan	HK	318916
2437798	잔데르	NE	318874
498698	사란스크	RU	318841
99762	Al Diwaniyah	IQ	318801
726050	바르나	BG	318737
1177384	Hafizabad	PK	318621
12278193	Marne La Vallée	FR	318325
1633118	Palangkaraya	ID	318247
358448	Damanhur	EG	318207
1181096	Chiniot	PK	318165
3671916	포파얀	CO	318059
2639577	Reading	GB	318014
159908	Geita	TZ	318006
680963	콘스탄차	RO	317832
1261481	뉴델리	IN	317797
734077	Thessaloníki	GR	317778
2244802	Thiès	SN	317763
1856035	나하 시	JP	317625
5387877	리버사이드	US	317261
2038569	바이청 시	CN	316970
3698304	침보테	PE	316966
3182351	바리	IT	316491
3470353	Barueri	BR	316473
4683416	코퍼스크리스티	US	316239
1254187	Thrissur	IN	315957
569223	체레포베츠	RU	315738
3658192	Eloy Alfaro	EC	315724
8354626	Hamburg-Nord	DE	315514
99131	Al-Kut	IQ	315162
1732869	Muar	MY	314776
739549	Şişli	TR	314684
4297999	Lexington-Fayette	US	314488
2228373	마루아	CM	314122
2645425	Kingston upon Hull	GB	314018
2639912	프레스턴	GB	313332
2036434	Lianshan	CN	313247
317109	데니즐리	TR	313238
2338313	Ikeja	NG	313196
8134081	Al Qāhirah al Jadīdah	EG	313139
7799991	New Cairo	EG	313139
3444924	Vitória	BR	312656
3673164	Palmira	CO	312519
472459	볼로그다	RU	312420
1711082	Iligan City	PH	312323
2525068	Catania	IT	311584
11962408	Jardim Angela	BR	311432
1261258	Nizāmābād	IN	311152
4508722	신시내티	US	311097
1214189	Percut	ID	311063
3530517	코아트사코알코스	MX	310698
5392900	샌타애나	US	310227
1870883	사리원시	KP	310100
1016670	Botshabelo	ZA	309714
1722186	부투안	PH	309709
143860	Shahrīār	IR	309607
120292	Qods	IR	309605
9871722	Gia Lâm	VN	309353
1501321	쿠르간	RU	309285
3516355	탐피코	MX	309003
2566696	Akowonjo	NG	308900
1721281	Cabuyao	PH	308745
149658	타보라	TZ	308741
1859891	가스가이 시	JP	308681
1594308	An Nhơn	VN	308396
2566676	Alimosho	NG	308290
4003757	Ciudad Benito Juárez	MX	308285
2867543	뮌스터	DE	308258
2873891	만하임	DE	307960
1641134	Karawang	ID	307880
2113126	아키타 시	JP	307672
1254089	Tumkūr	IN	307359
1846052	진주시	KR	307242
1260341	Parbhani	IN	307170
1270022	Hisar	IN	307024
1843491	익산시	KR	307000
1271885	Fīrozābād	IN	306409
3474574	Palmas	BR	306296
473249	블라디캅카스	RU	306258
3718420	포르드페이	HT	306217
358048	다미에타	EG	305920
3429886	포사다스	AR	305874
6317872	Parauapebas	BR	305771
1016181	Brakpan	ZA	305692
5399020	스톡턴	US	305658
3397147	Juazeiro do Norte	BR	305531
1848373	욧카이치 시	JP	305424
1265711	Kulti	IN	305405
3515463	Tláhuac	MX	305076
2323675	Sapele	NG	305000
128476	Kashan	IR	304487
6861211	Kāshān	IR	304487
5206379	피츠버그	US	304391
3689560	Armenia	CO	304314
3984583	Santa Catarina	MX	304052
149703	숨바왕가	TZ	303986
515012	오룔	RU	303696
1847966	아카시 시	JP	303601
8616127	Hai Bà Trưng	VN	303586
1858088	구루메 시	JP	303579
2778067	그라츠	AT	303270
5045360	세인트폴	US	303176
13680598	Saltivskyi	UA	302600
1572532	Nghi Sơn	VN	302210
1267708	Karnāl	IN	302140
1815482	Changyi	CN	302072
3439101	시우다드델에스테	PY	301815
350203	로제타	EG	301795
1277029	Barddhamān	IN	301725
8572994	Toshima	JP	301599
1640660	Kediri	ID	301424
897045	솔웨지	ZM	301370
2911288	Hamburg-Mitte	DE	301231
2954172	아우크스부르크	DE	301105
6697759	사우스더블린 주	IE	301075
3106672	바야돌리드	ES	300618
1738050	미리	MY	300543
1789262	Xinyi	CN	300511
1170880	Mardan	PK	300424
1490624	수르구트	RU	300367
2636432	스완지	GB	300352
1688830	상파울로	PH	300166
2641673	뉴캐슬어폰타인	GB	300125
11679708	Gundupālaiyam	IN	300104
3445451	Várzea Grande	BR	300078
5959974	가티노	CA	300045
442301	Batikent	TR	300000
1725115	Biñan	PH	300000
1171305	Malir Cantonment	PK	300000
363807	Winejok	SS	300000
1787323	Yangshuo	CN	300000
3632308	메리다	VE	300000
1803364	Linqu	CN	299646
3980760	우루아판	MX	299523
1282931	Pātan	NP	299283
1514019	페르가나	UZ	299200
3865086	바이아블랑카	AR	299101
1687687	Santol	PH	298976
2250805	Kaolack	SN	298904
1642588	Jember	ID	298585
2130658	아오모리 시	JP	298394
1277065	Bārāsat	IN	298127
12165955	Mulugu	IN	297671
3463030	포스두이구아수	BR	297352
1275716	Bihār Sharīf	IN	297268
1624494	Tegal	ID	297173
558418	그로즈니	RU	297137
2316702	보마	CD	297009
1277539	Bāli	IN	296973
1794209	Pu'er	CN	296565
1258599	Rāmpur	IN	296418
1273491	다랍항가	IN	296039
1260476	Panipat	IN	295970
8461573	Mwene	CD	295683
776069	비아위스토크	PL	295683
3448744	São José	BR	295658
2246512	뤼피스크	SN	295459
524305	무르만스크	RU	295374
1254360	Tirupati	IN	295323
2637433	Southend-on-Sea	GB	295310
3454031	페트로폴리스	BR	294926
3461789	Guarujá	BR	294871
3460845	Itajaí	BR	294850
5072006	링컨	US	294757
8531735	푸꼭	VN	294419
1817240	바이인 시	CN	294400
2112923	Fukushima	JP	294237
3161732	베르겐	NO	294029
7279746	Noida	IN	293908
6954929	그레이터 노이다	IN	293908
484646	탐보프	RU	293661
3105976	비고	ES	293642
1279186	아이자울	IN	293416
1650217	Banjarbaru	ID	293332
8616118	Thanh Xuân	VN	293292
109571	Al Hufūf	SA	293179
3530757	촐룰라	MX	292881
1271715	Gandhinagar	IN	292797
1519422	세메이	KZ	292780
8616113	Cầu Giấy	VN	292536
1272543	딘디굴	IN	292512
3453186	Ponta Grossa	BR	292177
1810295	Gaozhou	CN	292164
1175088	Kamoke	PK	292023
3458575	Limeira	BR	291869
1254649	탄자부르	IN	291067
946877	Kariega	ZA	291052
325330	아디야만	TR	290883
109101	Al Mubarraz	SA	290802
3429577	레시스텐시아	AR	290793
2111834	모리오카 시	JP	290700
610529	아티라우	KZ	290700
11048318	Sector 2	RO	290507
1788245	Xiuying	CN	290000
3628473	산크리스토발	VE	289852
1646494	Cileungsir	ID	289833
1267755	Karīmnagar	IN	289821
6174041	빅토리아	CA	289625
5879400	앵커리지	US	289600
1273066	Dewas	IN	289550
2505572	바트나	DZ	289504
598316	카우나스	LT	289380
1255744	Sonīpat	IN	289333
3654533	마찰라	EC	289141
2809346	비스바덴	DE	288850
4300488	Meads	US	288649
916095	카브웨	ZM	288598
2040893	신의주시	KP	288112
11790374	Meguro	JP	288088
11048320	Sector 4	RO	287828
1851454	Sumida	JP	287766
1862033	이바라키 시	JP	287730
1591449	Bắc Ninh	VN	287658
1269834	Ichalkaranji	IN	287353
2911287	Marienthal	DE	287101
1570357	Phú Mỹ	VN	287055
3466489	Ceilândia	BR	287023
3096472	카토비체	PL	286960
752850	아다파자리	TR	286787
681290	클루지나포카	RO	286598
1842030	Gunpo	KR	286485
877401	송게아	TZ	286285
217562	Butembo	CD	286242
3928128	타크나	PE	286240
1818558	Tin Shui Wai	HK	286232
1575627	Long Xuyên	VN	286140
1349452	Savar	BD	286008
1276070	Bathinda	IN	285788
5505411	헨더슨	US	285667
1269395	Jālna	IN	285577
11808941	Sekondi	GH	285506
10858926	Kyengera	UG	285400
4469146	그린즈버러	US	285342
294801	하이파	IL	285316
2624652	Århus	DK	285273
1812990	Dengzhou	CN	285032
1281743	Artux	CN	285000
1845136	춘천시	KR	284855
3487903	Alto Barinas	VE	284289
2248477	Mbour	SN	284189
2654710	브라이턴	GB	283870
2892794	카를스루에	DE	283799
2088122	포트모르즈비	PG	283733
360686	Minya	EG	283605
4719457	플레이노	US	283558
3395503	마라바	BR	283542
2112664	이치하라 시	JP	283531
1798097	Qibao	CN	283352
10263153	Kirāri Sulemānnagar	IN	283211
1720840	Cainta	PH	283172
1257022	Satna	IN	282977
2165798	절롱	AU	282809
710735	체르니히우	UA	282747
1529046	Xinyuan	CN	282718
3466296	Chapecó	BR	282648
1588129	Ba Vì	VN	282600
3868626	발파라이소	CL	282448
3938527	이카	PE	282407
1259166	푸리나	IN	282248
5101798	뉴어크	US	281944
3680450	Itagüí	CO	281853
3522732	Nicolás Romero	MX	281799
747014	Gebze	TR	281436
1043893	리싱가	MZ	281341
1185117	Narsingdi	BD	281080
737071	Zeytinburnu	TR	280896
2467454	스팍스	TN	280566
3513966	Zumpango	MX	280455
11238838	Merkezefendi	TR	280341
5261457	매디슨	US	280305
1217662	부하라	UZ	280187
2171507	울런공	AU	280153
3444876	Volta Redonda	BR	279971
3068799	오스트라바	CZ	279791
4407066	세인트루이스	US	279695
696643	폴타바	UA	279593
3447259	Sumaré	BR	279545
2343983	Efon-Alaaye	NG	279319
1215355	Binjai	ID	279302
1214204	Pematangsiantar	ID	279198
509820	페트로자보츠크	RU	279190
1811720	Enshi	CN	279185
484907	타간로크	RU	279056
3627047	Santa Teresa del Tuy	VE	278890
1568770	꽝응아이	VN	278496
1216311	카르시	UZ	278300
1793419	Tanghe	CN	278055
3530569	Coacalco	MX	277959
3667983	신셀레호	CO	277773
1783633	쩌우청 시	CN	277400
418710	Khomeynī Shahr	IR	277334
543878	코스트로마	RU	277280
1269771	Imphal	IN	277196
2288829	Gagnoa	CI	277044
1884382	Bedok New Town	SG	276990
1880159	Ulu Bedok	SG	276990
2325314	Owo	NG	276574
1835648	Sunch’ŏn	KR	276375
12269572	Fangchenggang	CN	276315
2021851	콤소몰스크나아무레	RU	275908
1185056	Abbottabad	PK	275890
1804866	Kaili	CN	275745
2130188	하코다테 시	JP	275730
2279755	야무수크로	CI	275686
2505854	Bab Ezzouar	DZ	275630
2973783	스트라스부르	FR	274845
1257845	Saugor	IN	274556
1671467	네이후 구	TW	274538
1849796	쓰 시	JP	274537
8594670	Xingning	CN	274499
1803331	Linxia Chengguanzhen	CN	274466
706369	Khmelnytskyi	UA	274452
12032137	Kushinagar	IN	274403
1166652	Saddiqabad	PK	274210
3654667	로하	EC	274112
1818673	다푸	HK	274100
1514896	이스파라	TJ	274000
3347719	루에나	AO	273675
3447186	Taboão da Serra	BR	273542
1220253	이스트라브샨	TJ	273500
1529114	투루판 시	CN	273385
1258315	Rourkela	IN	273317
1848522	Yao	JP	273213
359173	Banī Suwayf	EG	273151
3398269	Imperatriz	BR	273110
1193745	Nagar Naluākot	BD	273000
3557689	Guantánamo	CU	272801
1728930	바기오	PH	272714
289888	Ar Rayyān	QA	272465
965289	폴로콰네	ZA	272461
3196359	류블랴나	SI	272220
1139715	Jalālābād	AF	271900
170794	데이르에즈조르	SY	271800
3121424	히혼	ES	271780
3450083	산타마리아	BR	271735
3392998	Parnamirim	BR	271713
106297	Hafar Al-Batin	SA	271642
1860704	가코가와 시	JP	271634
11048322	Sector 5	RO	271575
9645072	Quận Sáu	VN	271050
11962376	Capao Redondo	BR	270767
1574023	Mỹ Tho	VN	270700
2111901	Mito	JP	270685
2651347	더비	GB	270468
339219	데시	ET	270400
1580410	할롱	VN	270054
2921466	겔젠키르헨	DE	270028
12492660	Longling County	CN	270000
710791	체르카시	UA	269836
1702540	말롤로스	PH	269809
2637487	사우샘프턴	GB	269781
1732901	Kapar	MY	269627
748879	초룸	TR	269595
1529435	Ghulja	CN	269158
2911293	Eimsbüttel	DE	269118
3430697	메를로	AR	268961
1884138	여수시	KR	268823
1272181	더그르	IN	268806
1810979	Fuling	CN	268658
1841066	목포	KR	268402
1283581	Birgañj	NP	268273
466806	요시카르올라	RU	268272
7838895	Russeifa	JO	268237
1215502	반다아체	ID	267962
349158	Shibīn al Kawm	EG	267945
1170295	Mirpur Khas	PK	267833
7289760	Sengkang New Town	SG	267600
3682385	Floridablanca	CO	267591
1850158	도쿠시마 시	JP	267345
487495	스테를리타마크	RU	267231
1278672	Anantapur	IN	267161
1841598	경산시	KR	266951
347796	소하그	EG	266944
1856199	나가오카 시	JP	266936
6318632	Sapopemba	BR	266715
3717588	Saint-Marc	HT	266642
3462315	고베르나도르발라다레스	BR	266561
6544100	Eixample	ES	266477
3449319	상카를루스	BR	266427
1185281	Bagerhat	BD	266388
13680149	Az-Zuhūr	EG	266381
1581047	하띤	VN	266321
6141256	새스커툰	CA	266141
1786640	Chengzhong	CN	265886
2500017	Djelfa	DZ	265833
5336899	출라비스타	US	265757
1852225	시모노세키 시	JP	265684
5174035	털리도	US	265638
158027	Kibaha	TZ	265360
2036670	Hulan Ergi	CN	265344
1880216	Tampines Estate	SG	265340
3031582	보르도	FR	265328
3247449	아헨	DE	265208
2797656	헨트	BE	265086
3462089	Gravataí	BR	265074
3740007	Cité Soleil	HT	265072
1701472	Mantampay	PH	265032
1258342	Ratlām	IN	264914
4004886	Nogales	MX	264782
380148	El Daein	SD	264734
136256	Dezful	IR	264709
1812521	Donghai	CN	264709
1842025	군산시	KR	264656
3394682	Mossoró	BR	264577
3458266	Macaé	BR	264439
1258451	Rānipet	IN	264330
1336142	Brāhmanbāria	BD	264326
2392087	포르토노보	BJ	264320
710719	체르니우치	UA	264298
5099836	저지시티	US	264290
3654410	만타	EC	264281
5511077	리노	US	264165
2389422	Bégoua	CF	264067
3652350	리오밤바	EC	264048
300619	시바스	TR	264022
3464460	Dourados	BR	264017
3450909	Rondonópolis	BR	263708
2633691	울버햄프턴	GB	263700
1632228	Pasarkemis	ID	263289
1819873	Fanling	HK	263200
1678836	Chiayi City	TW	263188
1812228	Dongtai	CN	262873
11611632	Fuchū	JP	262790
1881953	Jurong Town	SG	262730
124877	Marāgheh	IR	262604
124878	Marāgheh	IR	262604
3429652	킬메스	AR	262379
1863985	Fukui-shi	JP	262328
7302826	Lal Bahadur Nagar	IN	261987
2869894	묀헨글라트바흐	DE	261742
13060482	Bagong Silang	PH	261729
686967	지토미르	UA	261624
1529401	커라마이 시	CN	261445
11962429	Sacomã	BR	261436
1278483	Arrah	IN	261430
2034400	퉁랴오 시	CN	261110
161218	Bariadi	TZ	260927
1069166	안치라베	MG	260907
5289282	챈들러	US	260828
363619	Yei	SS	260720
1514230	Chilanzar	UZ	260700
634963	탐페레	FI	260646
1062663	마하장가	MG	260556
13353696	Minato City	JP	260486
4920423	포트웨인	US	260326
2640194	플리머스	GB	260203
1799471	Nianbo	CN	260184
1277082	Baranagar	IN	260072
1164709	Skardu	PK	260000
1701053	Marawi City	PH	259993
1882115	Tampines New Town	SG	259900
3464305	Embu das Artes	BR	259788
1512979	코칸트	UZ	259700
11962427	Jardim Sao Luis	BR	259377
1684712	타클로반	PH	259353
3388441	São José de Ribamar	BR	259164
1815669	Changle	CN	259161
7302833	Gajuwaka	IN	258944
2036458	Jining	CN	258757
2185964	North Shore	NZ	258697
293703	Rishon LeTsiyyon	IL	258535
1862462	히라쓰카 시	JP	258422
2636841	스토크온트렌트	GB	258366
5110629	버펄로	US	258071
3164527	베로나	IT	258031
1584071	Ðà Lạt	VN	258014
3836564	산살바도르데후후이	AR	257970
4464368	더럼	US	257636
1271987	Etāwah	IN	257448
3104499	Gasteiz / Vitoria	ES	257407
10942183	Rugao	CN	257400
4005775	Gómez Palacio	MX	257352
4171563	St. Petersburg	US	257083
3120619	L'Hospitalet de Llobregat	ES	257038
3099424	그디니아	PL	257000
1646559	Cilacap	ID	256996
5359777	어바인	US	256927
5992996	키치너	CA	256885
1793899	Suicheng	CN	256665
1800234	Nada	CN	256652
6544489	Latina	ES	256644
3997479	로스모치스	MX	256613
2051523	브라츠크	RU	256600
3522210	파추카	MX	256584
919009	칭골라	ZM	256560
692194	수미	UA	256474
2642465	밀턴케인스	GB	256385
3461311	Indaiatuba	BR	256223
4705349	러레이도	US	256153
3397154	Juazeiro	BR	256122
12170526	Vila Flor	AO	256066
1002108	Germiston	ZA	255863
3878431	뉴뇨아	CL	255823
2392204	파라쿠	BJ	255478
215771	Isiro	CD	255409
116996	사리	IR	255396
1624725	Tarakan	ID	255310
2407790	케네마	SL	255110
3522507	오악사카	MX	255029
99106	Al Madīnah	IQ	255000
3347019	나미브	AO	255000
2163355	호바트	AU	254930
2338106	Ikot Ekpene	NG	254806
1787031	Yanzhou	CN	254788
1882316	Woodlands	SG	254440
1897007	하남	KR	254415
1608133	Mueang Nonthaburi	TH	254375
1169692	Muridke	PK	254291
2246452	생루이	SN	254171
1735166	Batu Caves	MY	254083
3456068	노부암부르구	BR	253841
1881955	Jurong West	SG	253840
1626916	Singkawang	ID	253812
1336134	Cox’s Bāzār	BD	253788
6544493	Carabanchel	ES	253678
3465284	Cotia	BR	253608
293918	페타티크바	IL	253529
1513243	Marg‘ilon	UZ	253500
1278903	Ambarnath	IN	253475
2394092	Godomè	BJ	253262
1262131	Naihāti	IN	253221
683844	브라쇼브	RO	253200
1560565	Xuân Lộc	VN	253140
1804386	Laohekou	CN	253112
962367	Richards Bay	ZA	252968
350550	Qina	EG	252883
1276128	바하라투푸르	IN	252838
632453	반타	FI	252724
2735943	Porto	PT	252687
2891122	킬	DE	252668
379555	El Fasher	SD	252609
2244799	Thiès Nones	SN	252320
2034655	쑤이화 시	CN	252245
3633622	로스테케스	VE	252242
3835869	산티아고델에스테로	AR	252192
2481700	세티프	DZ	252127
1276609	베구사라이	IN	252008
140044	Borūjerd	IR	251958
32767	Qarchak	IR	251834
325303	아피온카라히사르	TR	251799
311111	이스켄데룬	TR	251682
3928245	Santiago de Surco	PE	251648
3395473	Maracanaú	BR	251613
2325457	Ota	NG	251546
179330	Thika	KE	251407
1690039	산페르난도	PH	251248
3347353	메농그	AO	251178
248583	Ḩayy Khildā	JO	251000
3460370	Jacareí	BR	250952
333772	짐마	ET	250900
665087	티미쇼아라	RO	250849
3537906	산타클라라	CU	250512
2336905	Iwo	NG	250443
3119841	라코루냐	ES	250438
1706684	Libertad	PH	250353
2911296	Altona	DE	250192
4000900	La Paz	MX	250141
7280708	Colonia del Valle	MX	250000
95005	Kelar	IQ	250000
787657	Niš	RS	250000
366847	Singa	SD	250000
3872348	San Bernardo	CL	249858
1851604	Sōka	JP	249645
925475	음주주	MW	249564
1697846	Navotas	PH	249463
1254320	Tiruvottiyūr	IN	249446
11962392	Cidade Ademar	BR	249218
5911606	버너비	CA	249125
5525577	러벅	US	249042
1582497	Thị Trấn Đông Triều	VN	248896
107991	Thuqbah	SA	248888
2110556	Yamagata	JP	248772
3516109	Tehuacán	MX	248716
3640049	Guarenas	VE	248588
2992166	몽펠리에	FR	248252
2336056	Jimeta	NG	248148
3100946	쳉스토호바	PL	248125
1271717	Gāndhīdhām	IN	247992
1816790	Beibei	CN	247702
1321937	Insein	MM	247675
2634341	City of Westminster	GB	247614
5295903	길버트	US	247542
2940132	켐니츠	DE	247220
3841956	파라나	AR	247139
3583446	San Miguel	SV	247126
1916862	Shijie	CN	246960
145778	Chitato	AO	246880
514734	오르스크	RU	246836
944986	Vanderbijlpark	ZA	246754
3645213	코로	VE	246657
3472343	Americana	BR	246655
1529484	하미	CN	246373
933773	가보로네	BW	246325
353229	라마단 10일시	EG	246148
1263311	Mau	IN	246050
3874960	푸에르토몬트	CL	245902
2641430	노샘프턴	GB	245899
3937513	훌리아카	PE	245675
1864134	후지 시	JP	245392
1841603	경주시	KR	245365
6316328	Águas Lindas de Goiás	BR	245352
2281606	Sinfra	CI	245226
485239	식팁카르	RU	245083
132892	Gorgān	IR	244937
1497543	니즈네바르톱스크	RU	244937
1165569	Shahkot	PK	244868
2755251	흐로닝언	NL	244807
1283582	비랏나가르	NP	244750
2945024	브라운슈바이크	DE	244715
3625542	Valera	VE	244708
1256320	Sīkar	IN	244497
1300466	바고	MM	244376
2874545	마그데부르크	DE	244329
3648439	Baruta	VE	244216
3112737	Puente de Vallecas	ES	244151
3458142	Magé	BR	244142
738648	트라브존	TR	244083
7289169	Tri-Cities	US	244036
1336140	Jessore	BD	243987
304827	Manisa	TR	243971
3407327	Arapiraca	BR	243906
695594	리우네	UA	243873
1214369	Padangsidempuan	ID	243843
1630634	Probolinggo	ID	243746
118063	Sabzevar	IR	243700
12042053	Musaffah	AE	243341
11962395	Brasilandia	BR	243273
1852899	사세보 시	JP	243223
2027667	안가르스크	RU	243158
529237	Mar’ino	RU	243000
8347656	Ramagundam	IN	242979
1270393	Hāpur	IN	242920
1864624	지가사키 시	JP	242798
1623502	Toli-Toli	ID	242783
1864518	Chōfu	JP	242614
1806988	Huayin	CN	242488
64435	베르베라	SO	242344
1805012	Jiyuan	CN	242143
11611478	Yamato	JP	242065
2284647	Man	CI	241969
1183883	Bahawalnagar	PK	241873
1332083	Bahawalnagar	PK	241873
518255	노보로시스크	RU	241856
2110681	쓰쿠바 시	JP	241656
3899361	아리카	CL	241653
3876682	페냘롤렌	CL	241599
3451055	Rio Verde	BR	241494
1581326	Hải Dương	VN	241373
4499612	윈스턴세일럼	US	241218
1271942	Farrukhābād	IN	241152
1857519	마쓰모토 시	JP	241145
1278985	Alappuzha	IN	240991
3460718	Itapevi	BR	240961
1267480	Katihar	IN	240838
3688451	Buenaventura	CO	240387
3645527	Ciudad Ojeda	VE	240283
1809571	Gucun	CN	240185
5295985	글렌데일	US	240126
13607978	Navegantes	AO	240075
11790632	Bunkyo	JP	240069
3460950	Itaboraí	BR	240040
1732905	클랑	MY	240016
3569175	Almendares	CU	240000
32900	Golestān	IR	240000
688758	Vyhurivshchyna-Troyeshchyna	UA	240000
550280	힘키	RU	239967
707753	호를리우카	UA	239828
1035025	Nacala	MZ	239808
8519916	Obolon	UA	239500
1790371	Xiantao	CN	239406
523523	Nalchik	RU	239300
2130203	Hachinohe	JP	239046
3447624	Sete Lagoas	BR	238909
1839652	오산시	KR	238788
3121969	Fuencarral	ES	238765
2998324	릴	FR	238695
6697563	Neyagawa	JP	238549
1697018	오르모크	PH	238545
3468615	Cabo Frio	BR	238438
3523760	Magdalena Contreras	MX	238431
1185159	Nāgarpur	BD	238422
158214	Kasulu	TZ	238321
707471	Ivano-Frankivsk	UA	238196
2224827	응가운데레	CM	238196
322165	발리케시르	TR	238151
3870011	테무코	CL	238129
4776222	노퍽	US	238005
2884509	크레펠트	DE	237984
2911522	Halle (Saale)	DE	237865
1271685	Sri Ganganagar	IN	237780
3457692	Marília	BR	237627
1329221	아마라푸라	MM	237618
10402606	Kilamba	AO	237528
143534	Āmol	IR	237528
2925177	Freiburg	DE	237460
3370356	Athlone	ZA	237414
1726280	Batangas	PH	237370
109435	Al Jubayl	SA	237274
1868144	Tŏkch’ŏn	KP	237133
2641022	올덤	GB	237110
1328421	파테인	MM	237089
4158476	하이얼리아	US	237069
1172657	Kunri	PK	237063
1185099	실렛	BD	237000
3363094	Paarl	ZA	236910
4693003	갈랜드	US	236897
3193044	포드고리차	ME	236852
5313457	스코츠데일	US	236839
3461655	Hortolândia	BR	236641
4700168	어빙	US	236607
1105777	Centurion	ZA	236580
1786731	Qingzhou	CN	236406
9478811	Pākdasht	IR	236319
10941913	Kajang	MY	236240
3467722	Campo Limpo	BR	236162
1785974	Yuci	CN	235929
6544105	Sant Martí	ES	235719
2756253	에인트호번	NL	235691
5586437	보이시	US	235684
1258182	Rewa	IN	235654
2013159	야쿠츠크	RU	235600
8521718	Bole	CN	235585
1169605	Muzaffargarh	PK	235541
4752186	체서피크	US	235429
1253880	Uluberiya	IN	235345
3461144	Ipatinga	BR	235311
1814093	Dali	CN	235305
418606	Najafābād	IR	235281
8594709	Thành Phố Bà Rịa	VN	235192
3378644	조지타운	GY	235017
55671	Kismayo	SO	234852
5509403	노스라스베이거스	US	234807
2518559	엘체	ES	234765
3452324	Presidente Prudente	BR	234706
1255947	시바카시	IN	234704
212902	킨두	CD	234651
1179837	Digri	PK	234578
521118	니즈네캄스크	RU	234297
1267648	카루르	IN	234191
1637158	Lubuklinggau	ID	234166
680332	크라이오바	RO	234140
1259012	Rāichūr	IN	234073
1260692	Pallāvaram	IN	233984
3612907	Danlí	HN	233789
1665221	융캉 구	TW	233730
2410048	보	SL	233684
2517117	그라나다	ES	233532
1253993	Ooty	IN	233426
1853303	사가 시	JP	233301
1684269	타굼	PH	233254
563708	제르진스크	RU	233126
1028918	펨바	MZ	232932
11101805	거제	KR	232921
1735459	틀룩인탄	MY	232800
149879	Singida	TZ	232459
157738	키고마	TZ	232388
3465927	콜롬부	BR	232212
5350734	프리몬트	US	232206
1771298	Kampong Baharu Cheras Batu Sebelas	MY	232100
3445156	Viamão	BR	231996
1280957	자위관 시	CN	231853
145459	아바단	IR	231476
1682598	Taytay	PH	231460
13589354	Phổ Yên	VN	231363
3843123	네우켄	AR	231198
3464688	Divinópolis	BR	231091
1219649	투르크메나바트	TM	230861
11808021	Shibuya	JP	230609
1567621	Sơn Tây	VN	230577
1571951	Ninh Hòa	VN	230566
1736372	Pasir Mas	MY	230424
1630328	Purwokerto	ID	230235
12076997	José C. Paz	AR	230208
54225	Marka	SO	230100
1260716	Pāli	IN	230075
2349019	Atani	NG	230000
355795	Ḩalwān	EG	230000
701822	마리우폴	UA	230000
7843638	Changzheng	CN	229925
1859884	가스카베 시	JP	229792
2970479	Paris 15 Vaugirard	FR	229713
6182962	윈저	CA	229660
1269934	Hosūr	IN	229528
5811696	스포캔	US	229447
266826	트리폴리	LB	229398
6059891	롱괴이	CA	229330
741100	Ordu	TR	229214
3805673	San Fernando de Apure	VE	229197
3727135	Croix-des-Bouquets	HT	229127
1705357	루세나	PH	228758
1882155	Yishun New Town	SG	228730
1253084	비지아나가람	IN	228720
1805733	진창 시	CN	228561
1571058	Phan Thiết	VN	228536
102651	Şabyā	SA	228375
294071	네타냐	IL	228204
3124964	시우다드리네알	ES	228171
1699802	Meycauayan	PH	228023
2350434	Aliayabiagba	NG	228000
2655775	Bexley	GB	228000
3571824	나사우	BS	227940
3437056	San Lorenzo	PY	227876
2983990	렌	FR	227830
2542051	모하메디아	MA	227799
3639898	과티레	VE	227666
1624863	탄중피낭	ID	227663
1881948	Hougang New Town	SG	227560
4315588	배턴루지	US	227470
3465196	Criciúma	BR	227438
3085128	Sosnowiec	PL	227295
6956648	Diez de Octubre	CU	227293
1517945	Turkistan	KZ	227098
989921	Klerksdorp	ZA	227039
5142036	어퍼웨스트사이드	US	226989
487928	스타리오스콜	RU	226977
1865714	Ageo	JP	226940
2339937	Gusau	NG	226857
2864072	Neue Neustadt	DE	226851
709932	Kamyanske	UA	226845
295629	아슈도드	IL	226838
760778	라돔	PL	226794
13100478	Paya Terubong	MY	226712
4781708	리치먼드	US	226610
1679136	Chang-hua	TW	226564
1993459	Changhua	TW	226564
1583478	Điện Bàn	VN	226564
1851012	다카라즈카 시	JP	226432
2416969	은제레코레	GN	226426
6119109	리자이나	CA	226404
1586443	Cà Mau	VN	226372
1256422	Shrīrāmpur	IN	226317
2035225	Fendou	CN	226298
1632654	Pangkalpinang	ID	226297
1807508	Huanggang	CN	225956
7302845	Quthbullapur	IN	225816
2329821	Mubi	NG	225705
112214	Varāmīn	IR	225628
11048317	Sector 1	RO	225453
1649824	Batu	ID	225408
6951112	Somerset West	ZA	225289
2643339	루턴	GB	225262
691650	Ternopil	UA	225238
1648637	비퉁	ID	225134
1185162	Mymensingh	BD	225126
2026609	블라고베셴스크	RU	225091
1262292	Nadiād	IN	225071
2229752	Kumba	CM	225046
724443	코시체	SK	225044
704147	크레멘추크	UA	224997
1805618	Jingling	CN	224871
1262204	Nāgercoil	IN	224849
3903987	수크레	BO	224838
884979	무타레	ZW	224802
1853677	오타 시	JP	224358
10265057	Karāwalnagar	IN	224281
3991328	푸에르토바야르타	MX	224166
1857144	Minamirinkan	JP	224015
2965140	코크	IE	224004
1847963	아쓰기 시	JP	223960
2036973	헤이허 시	CN	223832
13353441	Mango	IN	223805
6318696	Sinop	BR	223780
3383330	파라마리보	SR	223757
1639850	Klungkung	ID	223720
1185155	Narayanganj	BD	223622
1680116	발렌시아	PH	223620
1795196	퉁촨 시	CN	223603
3893894	콘셉시온	CL	223574
98717	라마디	IQ	223500
5509952	패러다이스	US	223167
5812944	터코마	US	222906
2874225	마인츠	DE	222889
519336	벨리키노브고로드	RU	222868
1735153	Sungai Buloh	MY	222858
1692685	푸에르토프린세사	PH	222673
3455478	Palhoça	BR	222598
1788618	Xintai	CN	222459
3641351	엘티그레	VE	222450
1877615	해주	KP	222396
3433899	포르모사	AR	222226
2338273	Ikire	NG	222160
3608248	La Ceiba	HN	222055
2746301	틸뷔르흐	NL	221947
7289846	Ba Dinh	VN	221893
1262395	Murwāra	IN	221883
153209	모시	TZ	221733
2464915	수스	TN	221715
1268159	칸치푸람	IN	221715
3666645	Tuluá	CO	221684
2236967	Soyo	AO	221555
1567788	Sóc Trăng	VN	221430
2419992	캉칸	GN	221428
496015	샤흐티	RU	221312
229268	음바라라	UG	221300
3458329	Luziânia	BR	221262
1697175	올롱가포	PH	221178
3655673	Ibarra	EC	221149
3204541	바냐루카	BA	221106
11101625	Rufisque est	SN	221066
122285	Neyshābūr	IR	220929
116667	Sāveh	IR	220762
1790894	Wuxue	CN	220661
13680601	Shevchenkivskyi	UA	220660
1585489	Chí Linh	VN	220421
3531732	Campeche	MX	220389
9645086	Quận Ba	VN	220375
7279754	Singrauli	IN	220257
8285534	Fuencarral-El Pardo	ES	220085
13546521	Shevchenkivskyi	UA	220077
1262995	Mirzāpur	IN	220029
3114711	오비에도	ES	220027
13118272	Bandar Seri Alam	MY	220000
1626542	Sorong	ID	219958
2524170	메시나	IT	219948
1234569	Dehiwala-Mount Lavinia	LK	219827
705812	키로보흐라드	UA	219676
1266976	Kharagpur	IN	219665
215527	Kabinda	CD	219396
1176515	Jacobabad	PK	219315
149402	Tunduma	TZ	219309
1725094	Binangonan	PH	219204
2860410	오버하우젠	DE	219176
1611110	Chon Buri	TH	219164
3450144	Santa Luzia	BR	219132
1494114	Prokop’yevsk	RU	219000
12432979	Samambaia	BR	218840
2929670	에르푸르트	DE	218793
3657990	Esmeraldas	EC	218727
3108286	테라사	ES	218535
2656333	Barking	GB	218534
1791249	우하이 시	CN	218427
6318856	Valparaíso de Goiás	BR	218416
1173664	Khuzdar	PK	218112
2454268	Koutiala	ML	218031
1272051	일루루	IN	218020
10524295	Rāniganj	IN	217910
3493032	San Pedro de Macorís	DO	217899
677697	갈라치	RO	217851
3129028	바달로나	ES	217741
764484	Mokotów	PL	217683
1734586	타이핑	MY	217647
12358616	Yintai	CN	217509
1252797	Yamuna Nagar	IN	217071
3404545	Cabo de Santo Agostinho	BR	216969
10968247	Arakawa	JP	216900
5122520	자메이카	US	216866
3827606	Buenavista	MX	216776
1178338	Gilgit	PK	216760
500004	리빈스크	RU	216724
1687894	Santa Rosa	PH	216650
3387296	Sobral	BR	216519
3133880	트론헤임	NO	216518
13308246	Raurkela Industrial Township	IN	216410
3629965	Porlamar	VE	216234
5391710	샌버너디노	US	216108
4013728	Ciudad Acuña	MX	216099
643492	오울루	FI	216066
1275738	Bidar	IN	216020
470451	Vykhino-Zhulebino	RU	216000
702569	Lutsk	UA	215986
8556321	La Ceiba	HN	215973
3519537	San Cristóbal de las Casas	MX	215874
463829	Zelenograd	RU	215727
11777624	Archway	GB	215667
12750606	Wangsa Maju	MY	215600
5780993	솔트레이크시티	US	215548
1510018	비스크	RU	215430
3194360	노비사드	RS	215400
1805298	Jinzhou	CN	215386
3526485	Jiutepec	MX	215357
1802656	룽강 구	CN	215273
3995523	Monclova	MX	215271
1567069	Tân An	VN	215250
1819400	Ma On Shan	HK	215200
7090983	Commonwealth	PH	215034
4068590	헌츠빌	US	215006
11962390	Jabaquara	BR	214958
2243940	지긴쇼르	SN	214874
3454857	Passo Fundo	BR	214811
1221194	Kŭlob	TJ	214700
1646034	Citeureup	ID	214668
8504960	Centralniy	RU	214625
1568212	Sa Dec	VN	214610
1858296	구레 시	JP	214592
2323411	Shagamu	NG	214558
295514	브네이브라크	IL	214444
2544248	Khouribga	MA	214241
1786577	잉탄 시	CN	214229
4853828	디모인	US	214133
320257	Çiğli	TR	214065
2595323	Marcory	CI	214061
1178231	고지라	PK	214000
2520058	카르타헤나	ES	213943
3652567	Quevedo	EC	213842
6092122	오크빌	CA	213759
1632033	Pasuruan	ID	213469
122438	Naz̧arābād	IR	213388
1262482	Munger	IN	213303
2516326	헤레스데라프론테라	ES	212879
2550078	엘자디다	MA	212863
1783700	Zitong	CN	212819
1637510	Loa Janan	ID	212816
665004	Târgu Mureş	RO	212752
5349755	폰태나	US	212704
3873775	랑카과	CL	212695
1677112	주베이 시	TW	212695
352951	Mallawī	EG	212628
2302357	케이프코스트	GH	212426
1735079	부킷 메르타잠	MY	212329
1706090	Lipa City	PH	212287
3432135	라누스	AR	212252
2875601	뤼베크	DE	212207
1801909	Luojiang	CN	212186
1734821	Sepang	MY	212050
3598119	코반	GT	212047
3457708	Maricá	BR	211986
1586151	Cao Lãnh	VN	211912
1861436	이세사키 시	JP	211850
3111199	Sabadell	ES	211734
3460103	Jaraguá	BR	211610
11790369	Taito	JP	211444
1261927	Nandyāl	IN	211424
2511174	산타크루스데테네리페	ES	211359
6690108	Panchkula	IN	211355
5373900	머데스토	US	211266
1695804	파나보	PH	211242
1813253	리장 시	CN	211151
1514891	코니보돔	TJ	211100
2037078	Hailar	CN	211066
3460634	Itaquera	BR	210960
1709968	Kabankalan	PH	210893
1275068	Burhānpur	IN	210886
110690	아브하	SA	210886
1624041	테르나테 섬	ID	210836
732770	부르가스	BG	210646
504341	프스코프	RU	210501
1262775	Morvi	IN	210451
1814082	Daliang	CN	210411
3874212	킬리쿠라	CL	210410
2555745	베니멜랄	MA	210397
1212405	Ashuganj City	BD	210356
2481007	시디벨아베스	DZ	210146
3568342	Arroyo Naranjo	CU	210053
1337233	Bogra	BD	210000
11524601	Jebel Ali	AE	210000
1519928	코스타나이	KZ	210000
6122085	리치먼드	CA	209937
5134086	로체스터	US	209802
1650234	Banjar	ID	209791
2043572	강계시	KP	209530
1845033	충주	KR	209483
1278685	아난드	IN	209410
3448622	상레오폴두	BR	209229
1670909	바더 구	TW	209148
3909234	오루로	BO	208684
1817848	Bachuan	CN	208520
3500957	라로마나	DO	208437
3471859	Araçatuba	BR	208415
328689	Shashamane	ET	208400
1808931	Hangu	CN	208369
1261045	옹골	IN	208344
3114472	팜플로나	ES	208243
5303929	Maryvale	US	208189
1843137	강릉시	KR	208161
2639996	포츠머스	GB	208100
216449	Gandajika	CD	208051
1809380	Gunan	CN	208010
1571067	Phan Rang-Tháp Chàm	VN	207998
1646194	Ciputat	ID	207858
232110	Kasangati	UG	207800
4744709	Arlington	US	207627
339666	Bishoftu	ET	207400
1850692	Nishi-Tokyo-shi	JP	207388
2045220	Changam-ch’on	KP	207299
712165	빌라체르크바	UA	207273
5380184	옥스나드	US	207254
1647383	Ciampea	ID	207212
361291	후르가다	EG	207132
3116025	모스톨레스	ES	207095
4188985	콜럼버스	US	206922
3547932	Mantilla	CU	206918
3685095	Dosquebradas	CO	206693
1681602	Toledo	PH	206692
633679	투르쿠	FI	206655
4956184	우스터	US	206518
1696710	Pagadian	PH	206483
1085510	Epworth	ZW	206365
3628423	산펠리페	VE	206270
1203891	Dinajpur	BD	206234
1269935	Hosapete	IN	206167
1562818	Việt Yên	VN	205900
159492	Ifakara	TZ	205843
3346015	Sumbe	AO	205832
2451478	세구	ML	205787
1578500	Kon Tum	VN	205762
3654870	라타쿵가	EC	205624
1261913	Nāngloi Jāt	IN	205596
1859383	기시와다 시	JP	205561
1785710	Jinghong	CN	205523
977432	Mdantsane	ZA	205504
630468	Bobruysk	BY	205502
1643837	Gorontalo	ID	205390
6317317	Itaim Paulista	BR	205295
120695	Qā’em Shahr	IR	204953
1165108	Shikarpur	PK	204938
6958503	Gongheyong	CN	204881
2772400	린츠	AT	204846
1283467	Dhangaḍhi̇̄	NP	204788
8544703	Nanchuan	CN	204775
3530240	Córdoba	MX	204721
1816329	Bishan	CN	204702
2503826	비스크라	DZ	204661
1675393	시즈구	TW	204619
1787592	Yanghang	CN	204564
1810437	Gaoping	CN	204368
153176	Mpanda	TZ	204338
3165185	트리에스테	IT	204338
5374732	모레노밸리	US	204198
1256922	세쿤데라바드	IN	204182
1880348	Punggol	SG	204150
7910079	Sodo	ET	204100
3456223	Nossa Senhora do Socorro	BR	204081
2208485	즐리텐	LY	203790
3171728	파도바	IT	203725
8299875	Karnaphuli	BD	203697
3550598	라스투나스	CU	203684
1857550	마쓰에 시	JP	203616
4562831	바야몬	PR	203499
1842936	김포시	KR	203391
6317464	Lauro de Freitas	BR	203331
1273241	Deoghar	IN	203123
1064890	피아나란초아	MG	203105
8504949	Vasyl'evsky Ostrov	RU	203058
1207337	Chāndpur	BD	203000
2306079	Atsiaman	GH	202932
2317397	반둔두 주	CD	202904
303195	오스마니예	TR	202837
142363	Bābol	IR	202796
3985710	카보산루카스	MX	202694
4119403	리틀록	US	202591
748893	Çorlu	TR	202578
1636930	Madiun	ID	202544
159071	이링가	TZ	202490
721472	데브레첸	HU	202402
1274353	Chāpra	IN	202352
13589478	Motijheel	BD	202308
1336137	Barishal	BD	202242
6122091	리치먼드힐	CA	202022
4466033	페이엣빌	US	201963
2219905	훔스	LY	201943
5358705	헌팅턴비치	US	201899
8063098	Favoriten	AT	201882
1708522	코로나달	PH	201844
2660646	제네바	CH	201741
4174715	탤러해시	US	201731
2636389	스윈던	GB	201669
1629710	Rengasdengklok	ID	201463
3451234	Rio Claro	BR	201418
3699088	카하마르카	PE	201329
2146142	타운즈빌	AU	201313
8656376	Thanh Khê	VN	201240
7281017	라핀타나	CL	201178
601734	다쇼구즈	TM	201142
5145215	용커스	US	201116
5352423	글렌데일	US	201020
1180809	Dadu	PK	201017
343663	Arba Minch	ET	201000
1520172	페트로파블	KZ	200920
1214658	Lhokseumawe	ID	200876
4684724	Cypress	US	200839
1267031	Khandwa	IN	200738
4883817	Aurora	US	200661
1259184	Puri	IN	200564
1262771	모레나	IN	200482
146268	니코시아	CY	200452
3181554	Brescia	IT	200423
13405749	Nasimshahr	IR	200393
6672634	Nasīm Shahr	IR	200393
2320831	Ugep	NG	200276
214614	Kamina	CD	200184
100425	Yanbu	SA	200161
1856184	나가레야마 시	JP	200136
2800481	샤를루아	BE	200132
1576633	Lạng Sơn	VN	200108
1164045	Talhar	PK	200014
2218970	Az Zāwīyah	LY	200000
11054411	Bandar Sunway	MY	200000
13118277	Bandar Utama	MY	200000
13118362	Bukit Jalil	MY	200000
12129605	Chakwama	NG	200000
1180752	Dajal	PK	200000
60149	El Dibir	SO	200000
1270576	Gyānpur	IN	200000
13512708	Nyingchi	CN	200000
1167648	Qadirpur Ran	PK	200000
10920963	Salé Al Jadida	MA	200000
496348	Severnyy	RU	200000
1626103	Sumedang	ID	200000
3448742	São José	BR	200000
1818225	Yuen Long	HK	200000
1818222	Yuen Long San Hui	HK	200000
1803551	Beiliu	CN	199769
114259	Sirjan	IR	199704
3887127	이키케	CL	199587
1565047	Thuận Thanh	VN	199577
579492	발라코보	RU	199572
580922	아르마비르	RU	199548
3460102	Jaraguá do Sul	BR	199519
6822182	야치요 시	JP	199498
6545349	Saidpur	BD	199422
9645071	Quận Bốn	VN	199329
361546	아리시	EG	199243
1735150	Rawang	MY	199095
2650839	Dudley	GB	199059
2329660	Mushin	NG	199000
2119441	유즈노사할린스크	RU	198973
2912621	Hagen	DE	198972
1629131	Salatiga	ID	198971
3451138	Rio Grande	BR	198935
3640465	Guacara	VE	198883
126972	Khūy	IR	198845
3099230	글리비체	PL	198835
1529569	Changji	CN	198776
11611930	Kodaira	JP	198739
13512576	Plano Piloto	BR	198697
5516233	애머릴로	US	198645
1275120	불란드샤르	IN	198612
13512674	Lusail	QA	198600
2657832	애버딘	GB	198590
3165926	Taranto	IT	198585
3439214	카피아타	PY	198553
11592398	Zango	AO	198538
1811764	Duyun	CN	198516
184707	Naivasha	KE	198444
1804850	Kaiyuan	CN	198423
3468376	Cachoeiro de Itapemirim	BR	198342
759734	제슈프	PL	198317
2844588	로스토크	DE	198293
3171457	Parma	IT	198292
1735902	시부	MY	198239
751868	Arnavutköy	TR	198165
1861310	이타미 시	JP	198138
1800657	Mentougou	CN	197772
1275926	Bhind	IN	197585
5145476	애크런	US	197542
3870294	탈카	CL	197479
2892518	카셀	DE	197230
3530594	Ciudad Madero	MX	197216
1628453	Sawangan	ID	197170
2315728	Gemena	CD	197159
10263167	Bhālswa Jahangirpur	IN	197148
13512503	Lushui	CN	197000
140463	Bīrjand	IR	196982
3083271	토룬	PL	196935
2521886	알메리아	ES	196851
1805798	Jijiang	CN	196787
1184845	Ahmadpur East	PK	196718
3696417	우아누코	PE	196627
11611627	Higashihiroshima	JP	196608
745028	İzmit	TR	196571
2984114	랭스	FR	196565
1808950	Hanfeng	CN	196528
5814616	밴쿠버	US	196442
4049979	버밍햄	US	196357
3460949	Itabuna	BR	196344
2462881	엘아이운	EH	196331
1267076	Khammam	IN	196283
294751	H̱olon	IL	196282
976361	Middelburg	ZA	196263
1843702	이천시	KR	196230
585915	Khirdalan	AZ	196200
1607508	Phra Pradaeng	TH	196129
2427455	문두	TD	196124
1257540	Sambhal	IN	196109
1275899	Bhiwāni	IN	196057
563464	Engels	RU	196011
4026082	Ciudad Lázaro Cárdenas	MX	196003
1024694	Mocuba	MZ	196001
1283339	Hetauda	NP	195951
3185728	두러스	AL	195920
1851348	스즈카 시	JP	195670
12524485	Hub	PK	195661
3432043	라플라타	AR	195443
1283318	자낙푸르	NP	195438
1860437	Kamirenjaku	JP	195391
1260434	Panvel	IN	195373
1798972	Peicheng	CN	195363
1236854	Maharagama	LK	195355
4076784	몽고메리	US	195287
2792413	리에주	BE	195278
1858428	구마가야 시	JP	195277
1841988	구리시	KR	195236
1278860	Ambāla	IN	195153
4994358	그랜드래피즈	US	195097
3169921	Prato	IT	195089
8223943	Kumarapalayam	IN	195071
1283562	Butwāl	NP	195054
8986037	Dhirkot	PK	195000
2455518	케스	ML	194716
1648186	Bontang	ID	194606
354502	Kafr ash Shaykh	EG	194569
2477461	Tébessa	DZ	194461
1732676	Kuala Kubu Baharu	MY	194387
193624	Karuri	KE	194342
193627	Karuri	KE	194342
2417786	Manéah	GN	194297
496285	세베로드빈스크	RU	194292
13308632	Kowloon City Centre	HK	194290
187269	Matuga	KE	194252
747764	Düzce	TR	194097
2328765	Nnewi	NG	193987
1848689	야마구치 시	JP	193966
3130616	알칼라데에나레스	ES	193751
6947639	Başakşehir	TR	193750
1811619	Ezhou	CN	193652
1784712	Zhengding	CN	193524
139889	Būkān	IR	193501
6698121	Taguatinga	BR	193367
2742032	Braga	PT	193324
1174376	Garhi Khairo	PK	193297
909863	루안샤	ZM	193293
1963770	Padalarang	ID	193114
7026720	Bang Khae	TH	193002
1729085	바고	PH	192993
1786378	Yongchuan	CN	192954
1849372	우지 시	JP	192925
1264637	Machilīpatnam	IN	192827
1803842	Hepu	CN	192813
2038670	Aihui	CN	192764
2043837	혜산시	KP	192680
3567597	Bayamo	CU	192632
769250	키엘체	PL	192468
1192366	Pār Naogaon	BD	192464
1792585	Fuding	CN	192352
3402591	Castanhal	BR	192256
11962424	Cidade Tiradentes	BR	192177
3080985	자브제	PL	192177
2190324	해밀턴	NZ	192100
140380	Bojnūrd	IR	192041
2322733	Surulere	NG	191920
1806696	Humen	CN	191891
2240937	Benfica	AO	191828
1610780	핫야이	TH	191696
2037086	Haicheng	CN	191651
1645895	Curug	ID	191406
3689169	Barrancabermeja	CO	191403
462444	즐라토우스트	RU	191366
228853	Mukono	UG	191300
1514581	앙그렌	UZ	191300
3530599	Ciudad del Carmen	MX	191238
1162004	Khairpur Mir’s	PK	191044
13118432	Business Bay	AE	191000
1514879	Khujand	TJ	191000
5308480	페오리아	US	190985
2304121	아시아만	GH	190972
1213547	Tanjungbalai	ID	190935
5224151	프로비던스	US	190934
1264389	Mahesāna	IN	190753
4634946	녹스빌	US	190740
13546341	Rangel	AO	190569
3121960	Fuenlabrada	ES	190496
1862599	히노 시	JP	190435
1175864	젤룸	PK	190425
1264407	Mahbūbnagar	IN	190400
2038342	Beipiao	CN	190315
1608048	Pak Kret	TH	190272
1586360	Cẩm Phả	VN	190232
99454	Al Fallūjah	IQ	190159
1529651	아러타이	CN	190064
2337207	Ise-Ekiti	NG	190063
3456166	Nova Friburgo	BR	189939
3461879	Guarapuava	BR	189630
1859100	고후 시	JP	189591
1854902	누마즈 시	JP	189486
3450404	Santa Bárbara d'Oeste	BR	189456
6825489	조에쓰 시	JP	189430
11184422	Planaltina	BR	189412
5513343	Sunrise Manor	US	189372
1257542	삼발푸르	IN	189366
484972	Syzran	RU	189338
1667982	Danshui	TW	189271
3101950	비톰	PL	189186
207570	Mwene-Ditu	CD	189177
3461408	Ilhéus	BR	189149
1695743	Panalanoy	PH	189090
1809467	Guixi	CN	188980
1854747	오다와라 시	JP	188856
1638868	Labuan Bajo	ID	188724
1865294	안조 시	JP	188693
6956647	Boyeros	CU	188593
1002145	조지	ZA	188580
1849892	돗토리 시	JP	188465
3118594	레가네스	ES	188425
3649833	아카리과	VE	188278
334609	Hosa’ina	ET	188200
7026886	Sai Mai	TH	188123
1285693	Yawnghwe	MM	188083
1704703	Mabalacat City	PH	188050
3670745	Riohacha	CO	188014
1804578	Laizhou	CN	188000
4694482	그랜드프레리	US	187809
1685755	Sorsogon	PH	187670
10374934	Ait Melloul	MA	187652
2636503	Sutton	GB	187600
4341513	슈리브포트	US	187593
1884737	Choa Chu Kang New Town	SG	187550
3121437	헤타페	ES	187525
9645073	Quận Năm	VN	187510
1275778	Bhusawal	IN	187421
3934876	Miraflores	PE	187401
3454865	Alvorada	BR	187315
3530870	Chilpancingo	MX	187251
11903636	Donaustadt	AT	187007
3544091	Pinar del Río	CU	186990
8416933	Huixing	CN	186972
307654	키리칼레	TR	186960
615532	바투미	GE	186949
5911592	벌링턴	CA	186948
1336143	Pābna	BD	186781
4676740	브라운즈빌	US	186738
1815477	Changyuan	CN	186653
3564124	Cienfuegos	CU	186644
295530	베르셰바	IL	186600
2497411	El Oued	DZ	186525
4276873	오벌랜드파크	US	186515
1259064	라에바렐리	IN	186433
7910932	Shangri-La	CN	186400
952865	Springs	ZA	186394
4776024	Newport News	US	186247
8417605	Yangcheng	CN	186242
2453348	몹티	ML	186187
248460	Khuraybat as Sūq	JO	186158
2216885	Zawiya	LY	186123
3979802	Zamora de Hidalgo	MX	186102
1270351	Haridwar	IN	186079
380174	Ad-Damazin	SD	186051
1529531	둔황 시	CN	186027
1805704	Jing’an	CN	186000
3003796	르아브르	FR	185972
13607660	Verhunskyi	UA	185593
11127930	Phusro	IN	185555
3110044	Donostia / San Sebastián	ES	185357
3521168	Poza Rica de Hidalgo	MX	185242
358840	빌베이스	EG	185237
1691444	Roxas City	PH	185236
2994540	Paris 20 Ménilmontant	FR	185140
305268	퀴타히아	TR	185008
1633037	Palopo	ID	184961
2852458	포츠담	DE	184754
3173331	Modena	IT	184732
750516	볼루	TR	184682
1849845	도요카와 시	JP	184661
1279335	Adoni	IN	184625
1861107	Izumi	JP	184615
12157007	Santa Anita - Los Ficus	PE	184614
1785462	Zaoyang	CN	184509
9827976	Paltan	BD	184492
11204237	Ivory Park	ZA	184383
173377	Al Qāmishlī	SY	184231
1512236	아바칸	RU	184168
1631648	Pemalang	ID	184149
2758401	브레다	NL	184126
1214724	Langsa	ID	184016
1562773	Vĩnh Châu	VN	183918
2038584	바이산 시	CN	183880
1255560	Sūjāngarh	IN	183808
3458498	Linhares	BR	183797
11611487	Tachikawa	JP	183581
8555643	Cergy-Pontoise	FR	183430
101732	Unaizah	SA	183319
4076598	모빌	US	183289
2638785	St Helens	GB	183200
4155966	포트로더데일	US	183146
1638063	Lembang	ID	183130
3029374	Paris 18 Buttes-Montmartre	FR	183127
6544104	Sants-Montjuïc	ES	183120
671768	오라데아	RO	183105
3407357	Araguaína	BR	183024
2842647	자르브뤼켄	DE	182971
160892	Bunda	TZ	182970
2479536	스킥다	DZ	182903
13680589	Kyivskyi	UA	182900
1215957	Tirmiz	UZ	182800
1626899	Singosari	ID	182656
3452640	Porto Seguro	BR	182630
3644918	Cúa	VE	182558
1256052	Sirsa	IN	182534
1504826	Kamensk-Ural’skiy	RU	182500
11962375	Cidade Dutra	BR	182459
2523630	Reggio Calabria	IT	182455
13156932	Dinapur Nizamat	IN	182429
5393049	샌타클라리타	US	182371
1014073	Carletonville	ZA	182304
2421535	Dubréka	GN	182296
1635283	Metro	ID	182293
359280	Banhā	EG	182254
1277799	Bahraigh	IN	182218
98622	Ash Shaţrah	IQ	182175
3169694	Quarto Oggiaro	IT	182118
1818483	Tsing Yi Town	HK	182100
1308522	모니와	MM	182011
3726540	Dessalines	HT	181903
185131	Mwala	KE	181896
1267885	Kāraikkudi	IN	181851
3649017	Araure	VE	181820
3470636	Barra Mansa	BR	181679
13157013	Sultan Pur Majra	IN	181554
1784617	Zhenping	CN	181528
2038650	Anda	CN	181271
3015772	Paris 13 Gobelins	FR	181271
2122104	페트로파블로프스크 캄차스키	RU	181216
246013	Wādī as Sīr	JO	181212
6657205	Fardīs	IR	181174
4612862	채터누가	US	181099
1270711	구나	IN	180935
2615876	오덴세	DK	180863
3906194	사카바	BO	180726
3590979	케트살테낭고	GT	180706
1274784	찬다나가르	IN	180623
1277820	Baharampur	IN	180547
670474	Ploieşti	RO	180540
3436043	베라사테기	AR	180523
12501195	Shahuwadi	IN	180322
1264621	Madanapalle	IN	180180
1336144	Tangail	BD	180144
1668875	수린 구	TW	180044
747712	에디르네	TR	180002
1316752	Kyaukpyu	MM	180000
6087029	Nepean	CA	180000
1570656	Phúc Yên	VN	180000
12492669	Pingwu County	CN	180000
468809	Yasenevo	RU	180000
1256451	Shivpuri	IN	179977
1832847	양주	KR	179923
11778464	Borshchahivka	UA	179900
6545348	Praga Południe	PL	179836
7614932	Pirituba	BR	179724
912764	카사마	ZM	179636
1255349	Surendranagar	IN	179628
1023374	Alexandra	ZA	179624
2296606	Obuase	GH	179604
13608465	Desnyanskyi	UA	179600
13608468	Novozavodskyi	UA	179600
3461563	Ibirité	BR	179582
13607722	Tsentralnyi	UA	179582
1706889	Legaspi	PH	179481
12253704	Phú Quốc	VN	179480
508101	Podolsk	RU	179400
1630341	Purwakarta	ID	179233
1513886	지자흐	UZ	179200
3463422	Ferraz de Vasconcelos	BR	179198
2337765	Ila Orangun	NG	179192
1584242	Thị Trấn Đại Từ	VN	179192
1261473	Neyveli	IN	179150
3472177	Angra dos Reis	BR	179120
1786067	Qianjiang	CN	179079
2911240	함	DE	178967
1606250	Si Racha	TH	178916
2476897	Tiaret	DZ	178915
3848950	라리오하	AR	178872
1256287	Silchar	IN	178865
2271772	Amadora	PT	178858
3529986	Cuautitlán	MX	178847
2646057	입스위치	GB	178835
227812	Njeru	UG	178800
1055429	톨리아라	MG	178725
3029372	Paris 19 Buttes-Chaumont	FR	178691
2323390	Saki	NG	178677
2498611	Chlef	DZ	178616
3558729	Fontanar	CU	178601
6621166	Seogwipo	KR	178552
1716995	Concepcion	PH	178549
5115843	East Flatbush	US	178464
5512909	스프링밸리	US	178395
910111	리빙스턴	ZM	178361
964349	포체프스트롬	ZA	178285
5393287	샌타로자	US	178127
3746181	Ciudad Camilo Cienfuegos	CU	178041
12808673	Paris 13e Arrondissement	FR	177833
13546343	Sambizanga	AO	177808
1259312	Proddatūr	IN	177797
1295765	시트웨	MM	177743
145757	Dundo	AO	177604
2661604	바젤	CH	177595
1309793	메이크틸라	MM	177442
233346	굴루	UG	177400
2750053	네이메헌	NL	177359
355628	Idkū	EG	177152
2666199	웁살라	SE	177074
1269910	Hugli	IN	177005
10263066	Hashtsāl	IN	176877
3469092	Bragança Paulista	BR	176811
3446606	Teresópolis	BR	176735
3985604	San Luis Río Colorado	MX	176685
3583334	산타아나	SV	176661
5725846	유진	US	176654
2541479	나도르	MA	176600
290332	Al Muharraq	BH	176583
3103402	비엘스코비아와	PL	176515
352733	Marsá Maţrūḩ	EG	176498
2759879	Almere Stad	NL	176432
3127461	부르고스	ES	176418
1842966	기장	KR	176388
3637012	Lander	VE	176346
2980291	생테티엔	FR	176280
1278708	Amroha	IN	176253
11612347	Narashino	JP	176197
2505329	Béjaïa	DZ	176139
1784580	Zhenzhou	CN	176006
5317058	템피	US	175826
1789137	Xindi	CN	175761
5378771	오션사이드	US	175691
3511550	Bella Vista	DO	175683
8416626	Fengcheng	CN	175576
5750162	세일럼	US	175535
2633948	위건	GB	175405
5351515	가든그로브	US	175393
309527	카라만	TR	175390
6094578	오샤와	CA	175383
300614	Siverek	TR	175341
5385955	랜초쿠카몽가	US	175236
4149962	케이프코럴	US	175229
1567032	Tân Châu	VN	175211
1990589	Teluknaga	ID	175155
2036401	Jiutai	CN	175115
1274304	Chhindwāra	IN	175052
3460535	이투	BR	175047
3447854	Senador Canedo	BR	175042
94591	Khānaqīn	IQ	175000
1698829	나가	PH	174931
2127733	도마코마이 시	JP	174806
1255062	Tambaram	IN	174787
3985344	산미겔데아옌데	MX	174615
1647142	Cianjur	ID	174587
1632937	Pamulang	ID	174557
2112708	히타치 시	JP	174508
3386361	Timon	BR	174465
1275984	Bhetia	IN	174355
1260137	파판코트	IN	174306
1163967	Tando Adam	PK	174291
1277976	Badlapur	IN	174226
1985663	Cikupa	ID	174041
3629706	푸에르토카베요	VE	174000
11071484	Latkrabang	TH	173987
2111220	사쿠라 시	JP	173740
1849498	우베 시	JP	173733
3658501	Daule	EC	173684
97783	Bayjī	IQ	173677
1273802	쿠달로르	IN	173636
3109718	산탄데르	ES	173635
2475687	틀렘센	DZ	173531
1256237	심라	IN	173503
417472	Shāhīn Shahr	IR	173329
2651817	Croydon	GB	173314
1309611	메르귀	MM	173298
5115985	East New York	US	173198
281124	Khān Yūnis	PS	173183
1283460	Dharān	NP	173096
2867838	Mülheim	DE	173050
2522258	알바세테	ES	173050
2310046	바타	GQ	173046
1860672	가마쿠라 시	JP	172929
3530937	Chicoloapan	MX	172919
8740017	Gadag-Betageri	IN	172813
1803791	Licheng	CN	172775
1861084	이즈모 시	JP	172775
3449324	São Caetano do Sul	BR	172693
3453837	Pindamonhangaba	BR	172681
1271850	Gadag	IN	172612
8449763	Lang'ata	KE	172569
189723	Ongata Rongai	KE	172569
3666608	툰하	CO	172548
3458930	Lages	BR	172458
3906791	끼야꼬요	BO	172405
3130564	알코르콘	ES	172384
202905	기세니	RW	172357
3453303	Poços de Caldas	BR	172339
311073	이스파르타	TR	172334
2634739	워링턴	GB	172330
598098	클라이페다	LT	172292
2634853	월솔	GB	172141
2905891	헤르네	DE	172108
532535	Lyublino	RU	172000
2643097	맨스필드	GB	171958
3169522	Reggio nell'Emilia	IT	171944
2519752	Castelló de la Plana	ES	171857
3470583	Barreiras	BR	171634
1319364	Kēng Tung	MM	171620
5231851	수폴스	US	171544
786712	프리즈렌	XK	171464
2037620	Dongling	CN	171454
1622636	Ungaran	ID	171378
1849186	우라야스 시	JP	171362
9075789	Long Khánh	VN	171276
1716198	다구판	PH	171271
5379439	온타리오	US	171214
7027003	Watthana	TH	171150
1253237	Verāval	IN	171121
1261653	Navsari	IN	171109
1926134	Imabari	JP	170986
907770	만사	ZM	170965
5577147	포트콜린스	US	170924
1588275	Bảo Lộc	VN	170920
1734393	Kulim	MY	170889
2325592	Oshodi	NG	170870
293788	라마트간	IL	170822
1277835	바하두르가르	IN	170767
1344377	Haldia	IN	170695
1518262	테미르타우	KZ	170600
12747032	East Helsinki	FI	170557
3393001	Parnaíba	BR	170491
4563243	Carolina	PR	170404
1259009	Rāiganj	IN	170252
125185	Malāyer	IR	170237
4409896	스프링필드	US	170188
2636531	선덜랜드	GB	170134
1851032	다카오카 시	JP	170077
630429	Baranovichi	BY	170039
1269723	Malda	IN	170039
4005509	Guadalupe	MX	170029
1855189	니시오 시	JP	169984
3837056	산루이스	AR	169947
2485801	우아르글라	DZ	169928
763166	Olsztyn	PL	169793
922806	Kipushi	CD	169635
1818223	Yuen Long Kau Hui	HK	169600
1804586	Laiyang	CN	169594
1269135	Jaunpur	IN	169572
13494069	Khlong Sam Wa	TH	169489
2910685	Harburg	DE	169221
13353695	Chūō	JP	169179
905395	Mufulira	ZM	169136
10263232	Deoli	IN	169122
1242833	자프나	LK	169102
686254	Arad	RO	169065
3531023	체투말	MX	169028
1276100	Bharūch	IN	169007
1045512	Gurúè	MZ	168971
7645166	San Miguel	AR	168762
2130057	히로사키 시	JP	168739
3068160	플젠	CZ	168733
3531200	Chalco	MX	168720
2972328	툴롱	FR	168701
11962431	Vila Andrade	BR	168669
1269937	Hoshiārpur	IN	168653
3647444	Calabozo	VE	168605
281129	Jabālyā	PS	168568
4012406	Cuauhtémoc	MX	168482
3471766	Araraquara	BR	168468
3665688	요팔	CO	168433
3433360	Ituzaingó	AR	168419
125446	Mahābād	IR	168393
121110	Piranshahr	IR	168393
3682426	Florencia	CO	168346
1566566	Tây Hồ	VN	168300
1234633	Moratuwa	LK	168280
3037656	앙제	FR	168279
2646277	일퍼드	GB	168168
1177042	하스필러 테실	PK	168146
3451205	Rio das Ostras	BR	168099
6544103	Horta-Guinardó	ES	168092
255683	Pátra	GR	168034
13561146	Rutchenkivskyi	UA	168029
1582436	Đồng Xoài	VN	168000
1185106	Jamālpur	BD	167900
2129376	구시로 시	JP	167875
577206	베레즈니키	RU	167748
2348773	아우카	NG	167738
472761	볼고돈스크	RU	167731
5357527	할리우드	US	167664
1853483	오야마 시	JP	167647
2338385	Ijero-Ekiti	NG	167632
1268907	Jīnd	IN	167592
1498894	미아스	RU	167500
13546531	Fortechnyi	UA	167451
1680932	Tuguegarao	PH	167297
3646382	Carúpano	VE	167187
1265683	Kumbakonam	IN	167155
1630997	Plumbon	ID	167105
2938913	다름슈타트	DE	167029
1218667	마리	TM	167027
518970	노보체르카스크	RU	166974
5346111	엘크그로브	US	166913
6992326	Mohali	IN	166864
1628884	Sampit	ID	166773
4613868	Clarksville	US	166722
1818379	Wan Chai	HK	166695
2694762	린셰핑	SE	166673
1861171	이와타 시	JP	166672
1175156	Kamalia	PK	166617
4168139	펨브로크파인즈	US	166611
3675657	Maicao	CO	166603
2128815	오비히로 시	JP	166536
1271912	Fatehpur	IN	166480
2856883	오스나브뤼크	DE	166462
3897347	칼라마	CL	166334
6252065	Nou Barris	ES	166310
6941099	Nepalgunj	NP	166258
3530367	Comitán	MX	166178
3631412	Ocumare del Tuy	VE	166072
6822138	니자 시	JP	166017
5964700	서드베리	CA	166004
2034312	Ulanhot	CN	165846
109323	코바르	SA	165799
1794060	Songcheng	CN	165730
5292387	Deer Valley	US	165656
1619485	Bang Khun Thian	TH	165491
4644312	머프리즈버러	US	165430
139817	Bushehr	IR	165377
2552615	Dar Bouazza	MA	165295
1254241	통크	IN	165294
117392	Saqqez	IR	165258
2505530	베샤르	DZ	165241
1567148	Tam Kỳ	VN	165240
314133	Gölbaşı	TR	165201
3462980	Francisco Morato	BR	165139
1648759	Bima	ID	165113
1308318	Mu-se	MM	165022
135423	Shahrud	IR	165000
1253952	우두피	IN	165000
1650227	Banjaran	ID	164952
1254757	Thenali	IN	164937
946058	Mthatha	ZA	164848
2036920	Hengshan	CN	164844
2637627	Slough	GB	164793
3351599	Bocoio	AO	164685
2864695	Neukölln	DE	164636
4169171	Port Saint Lucie	US	164603
1255969	Sītāpur	IN	164435
1279064	Alandur	IN	164430
3186573	제니차	BA	164423
11962389	Lajeado	BR	164391
2831580	졸링겐	DE	164359
3460728	Itapetininga	BR	164256
1582926	Ðông Hà	VN	164228
5339631	코로나	US	164226
285629	Ḩawallī	KW	164212
152451	무소마	TZ	164172
2337490	Inisa	NG	164161
523064	나즈란	RU	164131
1711146	Ilagan	PH	164020
2396518	포르장티	GA	164018
1276321	Bhadrāvati	IN	163903
3449948	Santana de Parnaíba	BR	163787
1863431	하다노 시	JP	163787
255274	피레아스	GR	163688
7279741	Vapi	IN	163630
2655095	본머스	GB	163600
11962405	Pedreira	BR	163586
268064	시돈	LB	163554
3402383	Caxias	BR	163546
287830	‘Ibrī	OM	163473
195915	Jomvu	KE	163415
197745	가리사	KE	163399
1262951	Moga	IN	163397
2640354	피터버러	GB	163379
3672328	Piedecuesta	CO	163362
1792520	Tongzhou	CN	163326
2875376	루트비히스하펜	DE	163196
6957690	Lat Krabang	TH	163175
6947641	Büyükçekmece	TR	163140
286621	Şalālah	OM	163140
1258831	Rāj-Nāndgaon	IN	163114
322830	아이딘	TR	163022
3682631	Envigado	CO	163007
3460748	Itapecerica da Serra	BR	163003
379303	Al-Junaynah	SD	162981
1818116	Anbu	CN	162964
4710178	매키니	US	162898
2487134	Mostaganem	DZ	162885
1514210	치르치크	UZ	162800
141663	Bandar-e Māhshahr	IR	162797
2779469	Floridsdorf	AT	162779
2878234	레버쿠젠	DE	162738
1695462	Pandi	PH	162725
1718722	Capas	PH	162724
1799389	Ning’er	CN	162711
2755003	하를럼	NL	162543
2759661	아른험	NL	162424
2223763	Nkongsamba	CM	162309
3641099	El Vigía	VE	162289
3471697	Araucária	BR	162247
1258109	Robertsonpet	IN	162230
191220	Kitale	KE	162174
2322794	Suleja	NG	162135
3452525	Pouso Alegre	BR	162133
2529317	Taza	MA	162110
2640729	옥스퍼드	GB	162100
360716	Al Maţarīyah	EG	162045
1135689	쿤두즈	AF	161902
1811200	Fengcheng	CN	161850
1564046	Trảng Bàng	VN	161831
1253747	Unnāo	IN	161671
3120635	Hortaleza	ES	161661
2239076	N'dalatando	AO	161584
1275163	Budaun	IN	161555
1854703	오가키 시	JP	161539
2641598	뉴포트	GB	161506
3893629	코킴보	CL	161317
1649541	Baubau	ID	161280
1582173	Đưc Trọng	VN	161232
1648580	Blitar	ID	161204
3472766	Alagoinhas	BR	161196
952734	KwaDukuza	ZA	161177
1856775	미야코노조 시	JP	161137
1264543	Madhyamgram	IN	161126
5364940	Lancaster	US	161103
1493467	룹촙스크	RU	161065
1529167	Tacheng	CN	161037
2419533	Kindia	GN	161024
2208032	타우랑가	NZ	161000
214974	칼레미	CD	160961
7026785	Chatuchak	TH	160906
3628053	San Juan de los Morros	VE	160868
1907146	사야마 시	JP	160843
3691674	Sullana	PE	160789
2747351	's-Hertogenbosch	NL	160783
715429	Szeged	HU	160766
370737	말라칼	SS	160765
1274033	Chittoor	IN	160722
3446370	Toledo	BR	160701
3988214	Salamanca	MX	160682
1618177	Ban Khlong Prawet	TH	160671
1577995	라지	VN	160652
2803201	안더레흐트	BE	160553
523812	미티시치	RU	160542
3530049	Delegación Cuajimalpa de Morelos	MX	160491
285066	헤브론	PS	160470
3403741	Camaragibe	BR	160318
3457000	Mogi Guaçu	BR	160318
3584399	Mejicanos	SV	160317
1563926	Trà Vinh	VN	160310
1632353	Parepare	ID	160309
1269280	Jāmuria	IN	160242
2358946	쿠두구	BF	160239
700022	Nyzhnodniprovsk	UA	160123
1293960	타웅지	MM	160115
76184	Dhamār	YE	160114
91057	Ash Sharqāt	IQ	160000
11048853	Dubai Investments Park	AE	160000
3021372	디종	FR	159941
499292	Salavat	RU	159893
2344053	Ede	NG	159866
2464960	Sukrah	TN	159862
3996663	만사니요	MX	159853
3595237	Jalapa	GT	159840
1873014	배천읍	KP	159825
4459467	케리	US	159769
1732745	Skudai	MY	159733
2439376	타우아	NE	159468
4744091	알렉산드리아	US	159467
3518723	Tuxtepec	MX	159452
7483743	Puthia	BD	159406
6087790	Newton	CA	159390
2988394	Paris 16 Passy	FR	159386
1784554	Zhicheng	CN	159383
1884365	Ang Mo Kio New Town	SG	159340
189386	Limuru	KE	159314
3538803	San Miguel del Padrón	CU	159273
3903320	타리하	BO	159269
3454783	Patos de Minas	BR	159235
2857458	올덴부르크	DE	159218
3034610	Paris 17 Batignolles-Monceau	FR	159212
11468431	Matsusaka	JP	159145
3837702	산페르난도델바예데카타마르카	AR	159139
1850311	도치기 시	JP	159056
576432	Bibirevo	RU	159000
549479	Khoroshëvo-Mnevniki	RU	159000
2503701	Bordj Bou Arreridj	DZ	158812
338998	Dīla	ET	158800
7284820	Jaigaon	IN	158664
3471335	Atibaia	BR	158647
1276720	Batāla	IN	158621
3014728	그르노블	FR	158552
91597	Sāmarrā’	IQ	158508
5317071	Tempe Junction	US	158368
5380698	Palmdale	US	158351
1735106	조지타운	MY	158336
2498766	El Achir	DZ	158333
5355933	헤이워드	US	158289
1261039	Orai	IN	158265
1565136	Thốt Nốt	VN	158225
890422	Gweru	ZW	158200
3408424	Abaetetuba	BR	158188
3746183	Centro Habana	CU	158151
13631347	Panguíla	AO	158068
1881921	Bukit Batok New Town	SG	158030
7026787	Chom Thong	TH	158005
560465	Gol’yanovo	RU	158000
1213614	Sunggal	ID	157914
13680588	Industrialnyi	UA	157900
8504953	Admiralteisky	RU	157897
2252309	디우르벨	SN	157554
1849429	우에다 시	JP	157480
1819757	애버딘	HK	157400
12167218	Avtozavodskyi	UA	157382
5391295	살리나스	US	157380
6544488	San Blas-Canillejas	ES	157367
3529982	Cuautla	MX	157336
2766824	잘츠부르크	AT	157245
1214191	Perbaungan	ID	157174
1608258	Nong Chok	TH	157138
2014006	우수리스크	RU	157068
11250625	Arif Wala	PK	157063
2035644	Nanpiao	CN	157044
3174659	Livorno	IT	157017
3838874	리오쿠아르토	AR	157010
617239	티라스폴	MD	157000
335035	하라르	ET	157000
2649997	Enfield Town	GB	156858
940316	Westonaria	ZA	156831
8416218	Lizhi	CN	156753
6822096	Hitachi-Naka	JP	156581
1257804	사하르사	IN	156540
350789	Qalyub	EG	156363
3595803	Escuintla	GT	156313
2514169	마르베야	ES	156295
315498	Ereğli	TR	156253
1732687	Batu Pahat	MY	156236
1735453	Sitiawan	MY	156234
1700868	Mariveles	PH	156200
3518135	San Pablo de las Salinas	MX	156191
1152473	람빵	TH	156139
2633352	요크	GB	156135
1591474	Bạc Liêu	VN	156110
8299780	Juja	KE	156041
2548880	Fès al Bali	MA	156000
330118	Nek’emtē	ET	156000
2686657	외레브로	SE	155989
99062	Al Miqdādīyah	IQ	155968
2112312	Katsuta	JP	155968
2309527	말라보	GQ	155963
1253200	비디샤	IN	155951
1563281	Tuy Hòa	VN	155921
1797632	Yizhou	CN	155872
1788669	Xinqiao	CN	155856
5400075	서니베일	US	155805
2294700	테마	GH	155782
2033413	이춘 시	CN	155762
1582190	Đức Phổ	VN	155743
3518407	San Martin Texmelucan de Labastida	MX	155738
250336	Ar Ramthā	JO	155693
1270407	Hanumāngarh	IN	155687
6318546	São Mateus	BR	155682
783920	제문	RS	155591
3345439	Telford	GB	155570
2334327	Kisi	NG	155510
3456290	Nilópolis	BR	155500
3587923	Villa Canales	GT	155423
1712051	Guyong	PH	155391
2537406	세타트	MA	155333
3468879	Brusque	BR	155307
6317837	Paço do Lumiar	BR	155307
1176241	Jampur	PK	155243
934154	포트루이스	MU	155226
1859675	가와니시 시	JP	155165
1254657	Thānesar	IN	155152
361179	Al Ḩawāmidīyah	EG	155055
1270239	하산	IN	155006
1919014	Lianghu	CN	155000
3108118	Tetuán de las Victorias	ES	155000
6254843	Birendranagar	NP	154886
1266486	Kishangarh	IN	154886
10265162	Dalūpura	IN	154791
1809879	Guangshui	CN	154771
935264	생드니	RE	154765
683902	Brăila	RO	154686
532615	류베르치	RU	154650
217745	붐바	CD	154586
8740322	Rudrapur	IN	154554
3884373	라세레나	CL	154521
717582	미슈콜츠	HU	154521
362485	Abū Kabīr	EG	154466
1808872	Fu’an	CN	154439
7931934	Kitengela	KE	154436
4692559	프리스코	US	154407
2033168	Zhaodong	CN	154406
1529085	Wujiaqu	CN	154400
2323090	Shomolu	NG	154390
2216349	Janzūr	LY	154389
1024552	샤이샤이	MZ	154356
4951788	스프링필드	US	154341
1262067	Nalgonda	IN	154326
231954	Katabi	UG	154300
1884178	광양	KR	154266
543460	코브로프	RU	154224
298033	Viranşehir	TR	154163
1855078	노다 시	JP	154114
3511540	San Cristóbal	DO	154040
4619947	East Chattanooga	US	154024
146384	리마솔	CY	154000
1860034	가리야 시	JP	153834
4717782	패서디나	US	153784
352181	Mīt Ghamr	EG	153754
1789273	Sanshui	CN	153714
4431410	잭슨	US	153701
3454982	Parelheiros	BR	153695
2756071	엔스헤더	NL	153655
1816265	Boshan	CN	153596
1270164	Hazāribāgh	IN	153595
1814786	Yangchun	CN	153547
2479215	수크아라스	DZ	153479
201521	Musanze	RW	153368
1263220	Medinīpur	IN	153349
1846986	안동시	KR	153348
1277508	Bālurghāt	IN	153279
5384170	포모나	US	153266
3625515	Valle de La Pascua	VE	153136
2884161	Kreuzberg	DE	153135
3943789	Chincha Alta	PE	153076
2172797	케언스	AU	153075
1271976	Fyzābād	IN	153047
1590900	Thị Trấn Thuận Châu	VN	153000
1273581	Dinapore	IN	152940
1812728	Dingzhou	CN	152934
4273837	Kansas City	US	152933
98530	As Samawah	IQ	152890
1259395	포르반다르	IN	152760
2040959	Sinp’o	KP	152759
1798919	Pengpu	CN	152725
1162456	와지라바드	PK	152624
5143307	워싱턴하이츠	US	152613
5427946	레이크우드	US	152597
97990	Baqubah	IQ	152550
10303650	Simele	IQ	152512
90532	Sumayl	IQ	152512
2864118	노이스	DE	152457
1815302	Chenghua	CN	152453
1869446	송림리	KP	152425
1277397	Bānda	IN	152218
1586296	Cần Giuộc	VN	152200
6693228	Balvanera	AR	152198
2035980	Longfeng	CN	152074
2037201	Beining	CN	152033
487150	Strogino	RU	152000
132938	Gonbad-e Kāvūs	IR	151910
11204106	Etwatwa	ZA	151866
7279570	Higashimurayama	JP	151815
3399058	Garanhuns	BR	151803
1270079	Hindupur	IN	151677
3137115	Stavanger	NO	151669
1737486	빈툴루	MY	151617
2640101	Poole	GB	151500
361661	Akhmīm	EG	151430
1173491	Kohat	PK	151427
2849483	레겐스부르크	DE	151389
1172035	Layyah	PK	151274
355026	Girga	EG	151256
2299522	코포리두아	GH	151255
1880750	Bukit Merah Estate	SG	151250
3118150	로그로뇨	ES	151164
1276634	Beāwar	IN	151152
693821	Sykhiv	UA	151131
1164970	Shujaabad	PK	151115
5346827	에스콘디도	US	151038
13286467	Ṣuwayliḥ	JO	151016
315373	에르진잔	TR	150714
307515	키르셰히르	TR	150700
13607718	Zarichnyi	UA	150694
2511401	La Laguna	ES	150661
1522203	콕셰타우	KZ	150649
1179406	Eminabad	PK	150646
1278667	아난트라그	IN	150592
1858445	Kukichūō	JP	150582
2521420	Badajoz	ES	150530
7302856	Serilingampalle	IN	150525
7670934	Malatia-Sebastia	AM	150500
3870282	탈카우아노	CL	150499
3895088	Chillán	CL	150396
1176106	자란왈라	PK	150380
1578163	Kỳ Anh	VN	150226
1608236	Nong Khaem	TH	150218
3992619	Piedras Negras	MX	150178
307084	Kızıltepe	TR	150174
5107464	애스토리아	US	150165
1856367	무사시노 시	JP	150149
3455070	Paranaguá	BR	150104
579464	발라시하	RU	150103
1259005	라이가르	IN	150019
5962204	Gloucester	CA	150012
942470	Vryheid	ZA	150012
13118229	Bandar Tasik Puteri	MY	150000
7473418	Bercham	MY	150000
7302828	Malkajgiri	IN	150000
13118091	Setia Alam	MY	150000
1163198	Tordher	PK	150000
462745	Zhulebino	RU	150000
1842944	김천	KR	150000
1645457	딜리	TL	150000
1256639	Shāntipur	IN	149983
1181073	Chishtian	PK	149939
3521342	플라야델카르멘	MX	149923
3389321	Santa Rita	BR	149910
3190261	스플리트	HR	149830
6545326	Ursynów	PL	149775
4158928	할리우드	US	149728
6544494	Madrid Centro	ES	149718
11962378	Iguatemi	BR	149700
1177073	Harunabad	PK	149679
11612583	Shūnan	JP	149632
2448085	아가데즈	NE	149549
2654264	번리	GB	149422
293725	Reẖovot	IL	149392
1621884	Watampone	ID	149336
2212775	Sabha	LY	149329
358108	Disūq	EG	149291
2525473	칼리아리	IT	149257
5109790	Borough Park	US	149248
2647425	Harrow	GB	149246
2556272	Berrechid	MA	149201
3452073	Queimados	BR	149093
2244991	탐바쿤다	SN	149071
2646458	허더즈필드	GB	149017
343749	Ārabī	ET	148933
706524	케르치	UA	148932
6137270	사그네	CA	148886
2852217	Prenzlauer Berg	DE	148878
6317123	Fazenda Rio Grande	BR	148873
1858926	고마키 시	JP	148872
124721	Marvdasht	IR	148858
701404	멜리토폴	UA	148851
2037534	Dunhua	CN	148844
1275812	부지	IN	148834
6544487	Arganzuela	ES	148797
655194	이위베스퀼레	FI	148744
1848277	요나고 시	JP	148720
52407	Ruqi	SO	148702
3169361	Rimini	IT	148688
5927690	코퀴틀럼	CA	148625
13680148	Aḍ-Ḍawāḥy	EG	148624
108512	Arar	SA	148540
5405288	Valencia	US	148456
7778796	Moreno	AR	148290
6822129	다마 시	JP	148285
4907959	록퍼드	US	148278
3642833	El Limón	VE	148247
2455914	Kalaban Koro	ML	148247
2990363	님	FR	148236
2650752	던디	GB	148210
1277100	Bārākpur	IN	148174
11962430	Sao Rafael	BR	148145
2034638	Sujiatun	CN	148113
1651112	Astanajapura	ID	148047
96833	Xebat	IQ	148047
4013720	델리카스	MX	148045
2415703	Siguiri	GN	148018
2239520	Mbanza Kongo	AO	148000
4756955	East Hampton	US	147993
2036876	Honggang	CN	147977
6544102	Sarrià-Sant Gervasi	ES	147912
192710	Kiambu	KE	147870
3024635	클레르몽페랑	FR	147865
4898015	Joliet	US	147861
5894171	배리	CA	147829
1619532	Bang Kapi	TH	147800
4221552	서배너	US	147780
5102466	패터슨	US	147754
6544491	Salamanca	ES	147707
546230	콜롬나	RU	147690
1270525	Hājīpur	IN	147688
118994	Rafsanjān	IR	147680
9081327	Hòa Thành	VN	147666
3173529	Mestre	IT	147662
285704	As Sālimīyah	KW	147649
5282804	브리지포트	US	147629
13561779	Shevchenko	UA	147600
539110	Kuntsevo	RU	147497
789128	크라구예바츠	RS	147473
610612	악타우	KZ	147443
13680164	Nusantara	ID	147430
3567924	Balcón de la Lisa	CU	147415
1257086	Sasarām	IN	147408
711874	Bohuniya	UA	147324
6822163	이루마 시	JP	147166
3873454	Renca	CL	147151
704508	크라마토르스크	UA	147145
4903279	네이퍼빌	US	147100
290340	마나마	BH	147074
4013516	Colima	MX	146965
1275947	Bhimavaram	IN	146961
258576	Lárisa	GR	146926
2019528	나홋카	RU	146920
339734	데브레 베르한	ET	146900
2243173	Cacuaco	AO	146867
13680599	Slobidskyi	UA	146850
3038354	엑상프로방스	FR	146821
1586350	Cam Ranh	VN	146771
1176368	Jalalpur Jattan	PK	146743
3547398	Matanzas	CU	146733
1275539	Beed	IN	146709
446208	Khasnahzān	IQ	146639
1793092	Taozhou	CN	146610
8533870	Saint-Quentin-en-Yvelines	FR	146598
13118145	Bandar Bukit Raja	MY	146534
2655524	블랙번	GB	146521
13546323	Rosemont–La Petite-Patrie	CA	146501
3894242	콜리나	CL	146207
10261509	Burāri	IN	146190
3086800	루다실롱스카	PL	146189
2377457	Nouadhibou	MR	146048
3493175	푸에르토플라타	DO	146000
1680197	Urdaneta	PH	145935
6544492	Chamberí	ES	145934
1265859	Krishnanagar	IN	145926
1788816	Xinji	CN	145911
3595069	Jutiapa	GT	145880
1274056	Chitradurga	IN	145853
7026776	Bueng Kum	TH	145830
2653941	케임브리지	GB	145674
1732721	Kampung Pasir Gudang Baru	MY	145639
1764027	Kampung Sungai Glugur	MY	145600
1272648	Dibrugarh	IN	145488
2488835	메데아	DZ	145441
1793700	타이산 시	CN	145440
2498392	El Eulma	DZ	145380
3046526	페치	HU	145347
1581755	Giá Rai	VN	145340
1279403	Abohar	IN	145302
1254327	Tiruvannamalai	IN	145278
6318755	Teixeira de Freitas	BR	145216
4156404	게인즈빌	US	145214
3435261	콩코르디아	AR	145210
3469136	Botucatu	BR	145155
1864132	Fujieda	JP	145032
3488465	스패니시타운	JM	145018
2655459	블랙풀	GB	145007
1512473	우르겐치	UZ	145000
160961	부코바	TZ	144938
1268593	카이탈	IN	144915
10627325	Ingombota	AO	144911
3030300	Brest	FR	144899
2656194	배질던	GB	144859
3462964	Franco da Rocha	BR	144849
3111108	Salamanca	ES	144825
13546324	Villeray–Saint-Michel–Parc-Extension	CA	144814
4710826	메스키트	US	144788
1865005	아시카가 시	JP	144746
12217184	Huyện Lâm Hà	VN	144707
2038679	Acheng	CN	144665
5990579	켈로나	CA	144576
1162959	Umarkot	PK	144558
3618030	레온	NI	144538
1860735	가카미가하라 시	JP	144521
3003603	르망	FR	144515
1171965	Lodhran	PK	144512
3467736	Campo Largo	BR	144504
6169141	트루아리비에르	CA	144472
2037075	Hailin	CN	144443
6822099	Tsuchiura	JP	144399
563523	옐렉트로스탈	RU	144387
1277599	Balasore	IN	144373
1786395	Yong’an	CN	144314
12808658	Paris 11e Arrondissement	FR	144292
1880574	Kampong Pasir Ris	SG	144260
2516548	Huelva	ES	144258
13680590	Nemyshlyanskyi	UA	144200
1513131	나보이	UZ	144158
5140405	시러큐스	US	144142
295620	Ashkelon	IL	144073
965154	Pinetown	ZA	144026
2294665	Teshi Old Town	GH	144013
576279	Biryulëvo	RU	144000
6418220	Orekhovo-Borisovo	RU	144000
1858067	Kusatsu	JP	143913
8417607	Nanjin	CN	143766
5967629	궬프	CA	143740
8408334	Qianjiang	CN	143727
1185240	Ramna Maidan	BD	143677
1271107	고드라	IN	143644
2558470	Khemisset	MA	143640
749780	차나칼레	TR	143622
5403022	토런스	US	143592
3446098	Três Lagoas	BR	143523
1689510	San Jose	PH	143495
984998	Ladysmith	ZA	143446
6325521	Lévis	CA	143414
11962407	Cachoeirinha	BR	143366
2907911	하이델베르크	DE	143345
4006163	Fresnillo	MX	143281
2475475	투구르트	DZ	143270
1256523	실롱	IN	143229
5316428	서프라이즈	US	143148
2641181	노리치	GB	143135
1564555	Tịnh Biên	VN	143098
1856584	모리구치 시	JP	143096
3037854	아미앵	FR	143086
1586551	Cai Lậy	VN	143050
1258178	Rewāri	IN	143021
1276759	Basirhat City	IN	143007
537832	Kuz’minki	RU	143000
517121	Novyye Kuz’minki	RU	143000
2624886	올보르	DK	142937
1707123	라트리니다드	PH	142925
2496049	가르다이아	DZ	142913
1623834	Timika	ID	142909
503550	퍄티고르스크	RU	142865
3446621	Teófilo Otoni	BR	142851
2312888	Mbanza-Ngungu	CD	142773
13546319	Mercier–Hochelaga-Maisonneuve	CA	142753
1894616	오키나와 시	JP	142752
2642607	미들즈브러	GB	142707
1216187	Shahrisabz	UZ	142700
1170013	Moro	PK	142685
1878458	청단읍	KP	142607
3110876	Sant Andreu	ES	142598
3086586	리브니크	PL	142510
2482572	사이다	DZ	142497
4333190	Metairie Terrace	US	142489
3188582	투즐라	BA	142486
13607717	Kovpakivskyi	UA	142447
1005646	eMbalenhle	ZA	142443
3446038	Trindade	BR	142431
1174167	Khanpur	PK	142426
4575352	컬럼비아	US	142416
1337240	Nawābganj	BD	142361
2545957	Inezgane	MA	142320
3600026	Puerto Cortez	HN	142311
5381396	패서디나	US	142250
2146268	터움바	AU	142163
2855745	파더보른	DE	142161
6822137	미사토 시	JP	142145
1274337	차타르푸르	IN	142128
990930	킴벌리	ZA	142089
3899887	알토오스피시오	CL	142086
3564178	Ciego de Ávila	CU	142027
349717	Samālūţ	EG	142009
6418146	Chertanovo Yuzhnoye	RU	142000
1805844	Jieshou	CN	141993
528293	마이코프	RU	141970
1184249	Attock City	PK	141945
1214882	Kisaran	ID	141915
1635111	Mojokerto	ID	141785
3682516	Facatativá	CO	141762
1732750	Masai	MY	141730
3629576	Punto Fijo	VE	141729
1307835	민지안	MM	141713
41548	Kamālshahr	IR	141669
1263834	Mandsaur	IN	141667
463355	Zheleznodorozhnyy	RU	141648
1274553	Chas	IN	141640
130531	Jahrom	IR	141634
2972191	투르	FR	141621
1260777	Pālanpur	IN	141592
2291136	Bondoukou	CI	141568
3598655	Chichicastenango	GT	141567
3108288	Tarragona	ES	141542
3468403	Cachoeirinha	BR	141503
81302	투브루크	LY	141499
1870648	신천읍	KP	141407
5881791	애버츠퍼드	CA	141397
13607966	Circoiscrizione II	IT	141344
2655237	볼턴	GB	141331
1281105	Yushu	CN	141308
670609	Piteşti	RO	141275
1864031	Fukayachō	JP	141268
3907584	포토시	BO	141251
6544490	Usera	ES	141189
2998286	리모주	FR	141176
11962398	Cangaiba	BR	141172
3450594	Salto	BR	141111
1907299	아사카 시	JP	141083
1141269	Ghazni	AF	141000
5379513	오렌지	US	140992
755330	Wola	PL	140958
8406214	Sanhe	CN	140954
130802	Īlām	IR	140940
2037222	Gongzhuling	CN	140909
1907301	Shimotoda	JP	140899
3860443	코모도로리바다비아	AR	140850
1764160	Kampung Sungai Ara	MY	140849
5351247	Fullerton	US	140847
4703223	킬린	US	140806
1497337	노릴스크	RU	140800
3118514	Lleida	ES	140797
2740637	Coimbra	PT	140796
877747	므트와라	TZ	140793
1170989	Manjhand	PK	140766
219057	Beni	CD	140731
339708	Debre Mark’os	ET	140700
1697497	Norzagaray	PH	140697
92615	Qeładizê	IQ	140688
11962432	Vila Curuca	BR	140673
970566	Nigel	ZA	140644
11111027	Shengavit	AM	140600
3613974	Catacamas	HN	140548
2233410	부에아	CM	140533
1794371	Shuizhai	CN	140493
582432	Al’met’yevsk	RU	140437
12808663	Paris 12e Arrondissement	FR	140311
4709796	매캘런	US	140269
1265242	Lakhīmpur	IN	140223
2112576	이시노마키 시	JP	140151
973111	Mpumalanga	ZA	140121
1170486	Mian Channun	PK	140112
3925033	Ji Paraná	BR	140101
2744114	Zaanstad	NL	140085
1610538	Kabin Buri	TH	140056
11468429	Kuwana	JP	140051
3947019	아야쿠초	PE	140033
112646	Torbat-e Ḩeydarīyeh	IR	140019
2034996	Shanhaiguan	CN	140000
286647	Şaḩam	OM	140000
3125239	차마르틴	ES	140000
245785	아베셰	TD	139983
255524	Peristéri	GR	139981
2759821	Amersfoort	NL	139914
2073124	다윈	AU	139902
11695689	정읍시	KR	139876
5786882	벨뷰	US	139820
554233	코롤료프	RU	139798
1253468	Valsād	IN	139764
150006	시니앙가	TZ	139727
2675408	Sollentuna	SE	139606
99344	Al Hindīyah	IQ	139578
1848774	야이즈 시	JP	139578
1631905	Payakumbuh	ID	139576
1273587	Damoh	IN	139561
343370	Āsela	ET	139500
1270498	할드와니	IN	139497
2337313	Irewe	NG	139494
1649881	Batang	ID	139492
2341355	Gbongan	NG	139485
3462672	Gama	BR	139467
1822214	시엠레아프	KH	139458
3486270	Anaco	VE	139397
1630333	Purwodadi	ID	139387
1859093	고가 시	JP	139344
1785916	Yuepu	CN	139328
1270568	Hābra	IN	139297
1627253	Sidoarjo	ID	139189
13561145	Kyivskyi	UA	139177
412800	Şabāḩ as Sālim	KW	139163
3471039	Balneário Camboriú	BR	139155
8393989	Plaza de la Revolución	CU	139135
2659994	Lausanne	CH	139111
3613533	Choloma	HN	139100
3406429	Barcarena	BR	139076
2473449	카이르완	TN	139070
2636882	스톡포트	GB	139052
7284824	Budapest XI. kerület	HU	139049
2036776	Huadian	CN	139047
3401545	Crato	BR	139027
2229798	Kousséri	CM	139024
1621613	Weru	ID	139004
12451089	Al-'Ubūr	EG	138987
546105	콜피노	RU	138979
3397909	Itapipoca	BR	138978
3465644	Conselheiro Lafaiete	BR	138946
3436077	벨그라노 동	AR	138942
2425791	Sarh	TD	138928
1712875	Gingoog	PH	138895
3518692	San Juan del Río	MX	138878
2295458	세콘디타코라디	GH	138872
10020191	Liuzhi	CN	138826
3407882	Altamira	BR	138749
1698839	Naga	PH	138727
2037335	Fuyu	CN	138704
2034135	Wūdān	CN	138695
3445162	Vespasiano	BR	138583
6180170	휘트비	CA	138501
4333177	메타리	US	138481
1815427	Chaohu	CN	138463
1266305	Kolār	IN	138462
2472706	비제르테	TN	138430
3626402	Táriba	VE	138402
2343784	Ejigbo	NG	138357
3450269	Santa Cruz do Sul	BR	138270
2544001	Ksar El Kebir	MA	138262
2986082	Paris 11 Popincourt	FR	138170
2290582	Dabou	CI	138083
1884367	Bukit Panjang New Town	SG	138050
11962379	Sao Lucas	BR	138038
2983854	Paris 12 Reuilly	FR	138024
2234359	베르투아	CM	137993
3723779	자크멜	HT	137966
1255647	스리카쿨람	IN	137944
1719274	Candelaria	PH	137933
3471715	Araruama	BR	137906
1562693	Vĩnh Long	VN	137870
3374333	프라이아	CV	137868
3451668	헤젠지	BR	137697
12489673	Liangping	CN	137620
353492	Kirdāsah	EG	137588
4566880	폰세	PR	137491
6559683	Doilungdêqên	CN	137451
1805857	Jieshi	CN	137444
1808612	Hejiang	CN	137437
1735545	Pasir Puteh	MY	137400
1263814	만디아	IN	137358
7845495	Xiayang	CN	137321
866153	Nor Nork	AM	137300
2421820	Dixinn	GN	137287
1019330	비쇼	ZA	137287
3456225	Freguesia do Ó	BR	137240
1626444	Subang	ID	137234
10834495	Madhurampur Dehri	IN	137231
1233369	네곰보	LK	137223
261745	Irákleion	GR	137154
4762894	햄프턴	US	137148
1922014	우이산 시	CN	137133
4164601	Miramar	US	137132
7303248	Jiashan	CN	137112
358821	Bilqās	EG	137080
1630058	Rangkasbitung	ID	137041
516215	오딘초보	RU	137041
3176885	Foggia	IT	137032
1069129	Antsiranana	MG	136959
1268715	Kānchrāpāra	IN	136954
3589885	San Juan Sacatepéquez	GT	136886
1857046	Minoh	JP	136868
2342490	Funtua	NG	136811
6155721	세인트캐서린스	CA	136803
1293625	다웨이	MM	136783
2338711	Igboho	NG	136764
1215102	Gunungsitoli	ID	136707
2759706	아펠도른	NL	136670
11962385	Cidade Lider	BR	136660
124778	Marīvān	IR	136654
1570449	Phủ Lý	VN	136654
2289887	Divo	CI	136627
1794806	Huinong	CN	136570
6822128	에비나 시	JP	136516
2543549	라라슈	MA	136505
3445487	Varginha	BR	136467
2989781	Paris 14 Observatoire	FR	136455
5405693	밴나이즈	US	136443
358600	Būsh	EG	136441
9166066	Mlolongo	KE	136351
3461888	Guarapari	BR	136311
13680023	Tương Mai	VN	136292
3986172	San José del Cabo	MX	136285
5784607	West Valley City	US	136208
1859393	기사라즈 시	JP	136166
1810240	Gejiu	CN	136135
685948	Bacău	RO	136087
2356157	Saaba	BF	136011
1309233	Mingaladon	MM	136000
1272552	Dimāpur	IN	135860
957487	Sasolburg	ZA	135828
1777077	Cheras	MY	135823
1735093	Tasek Glugor	MY	135786
3877949	Osorno	CL	135773
2036597	자거다치 구	CN	135760
3471758	Araras	BR	135744
12022102	Tumxuk	CN	135727
1185191	Kushtia	BD	135724
3672110	Pitalito	CO	135711
1727995	Baliuag	PH	135679
8616124	Hoàn Kiếm	VN	135618
232713	Kajansi	UG	135600
1861464	이사하야 시	JP	135546
4509884	데이턴	US	135512
1586357	Cẩm Phả Mines	VN	135477
3591415	Petapa	GT	135447
1264111	Māler Kotla	IN	135424
2346615	Buguma	NG	135404
3397967	Itaituba	BR	135369
5882725	Ahuntsic-Cartierville	CA	135336
1795055	Shiqiao	CN	135308
1299154	프롬	MM	135308
368277	Rabak	SD	135281
1566559	떠이닌	VN	135254
13546325	Le Vieux-Longueuil	CA	135218
267008	Tyre	LB	135204
613607	쿠타이시	GE	135201
143420	Andīmeshk	IR	135116
1255927	Siwān	IN	135066
3675707	Madrid	CO	135000
1730713	Angono	PH	134975
3687230	Cartago	CO	134972
418533	Shahreẕā	IR	134952
1325211	힌타다	MM	134947
3471910	Apucarana	BR	134910
3728474	카프아이시앵	HT	134815
1649593	Baturaja	ID	134759
1861602	이나자와 시	JP	134751
1699296	Rodriguez	PH	134432
1268338	Kalol	IN	134426
124085	Mīāndoāb	IR	134425
3448519	São Mateus	BR	134423
2491191	Laghouat	DZ	134372
522377	네비노미스크	RU	134345
1689056	San Mateo	PH	134327
347634	Ţahţā	EG	134314
1689286	San Juan	PH	134312
667268	시비우	RO	134309
4276614	Olathe	US	134305
379302	El Geneina Fort	SD	134264
2338269	Ikirun	NG	134240
8419424	Shenglilu	CN	134218
3836846	San Nicolás de los Arroyos	AR	134217
3722286	Léogâne	HT	134190
11962412	Vila Jacui	BR	134189
1651887	Adiwerna	ID	134188
3403697	Cametá	BR	134184
98993	Al Qurnah	IQ	134174
2353099	Abakaliki	NG	134102
3384987	Vitória de Santo Antão	BR	134084
3547640	Marianao	CU	134057
5014051	워런	US	134056
318253	Cizre	TR	134041
13607972	Circoiscrizione VIII	IT	134028
1277264	Bānkura	IN	133966
745169	İnegol	TR	133959
2130404	에베쓰 시	JP	133953
2292852	Anyama	CI	133905
1805962	Jiawang	CN	133861
1626932	Singaraja	ID	133784
1260173	Pātan	IN	133737
2805615	뷔르츠부르크	DE	133731
630376	Barysaw	BY	133700
1582886	Đồng Hới	VN	133672
963230	Randfontein	ZA	133654
510808	Pervouralsk	RU	133600
1270996	Gondā City	IN	133583
290247	하마드타운	BH	133550
1854162	오메 시	JP	133535
347907	Sinnūris	EG	133532
3444866	Votorantim	BR	133510
3654215	밀라그로	EC	133508
3460005	Jaú	BR	133497
5441492	Thornton	US	133451
3868707	발디비아	CL	133419
1513064	알말리크	UZ	133400
2326899	Okrika	NG	133271
2646914	하이위컴	GB	133204
4679195	캐럴턴	US	133168
1683881	Talisay	PH	133148
2457163	가오	ML	133110
1272805	Dhaulpur	IN	133075
149581	Tarime	TZ	133043
7670941	Kentron	AM	133000
6074377	Milton	CA	132979
2486690	M'Sila	DZ	132975
2111684	나리타 시	JP	132906
2400555	프랑스빌	GA	132895
1798473	Puqi	CN	132891
1850034	Tondabayashichō	JP	132873
1853008	Sandachō	JP	132858
1270990	Gondiā	IN	132813
2191562	Dunedin	NZ	132800
548114	키슬로보츠크	RU	132771
1316574	Kyauktan	MM	132765
2787149	스하르베이크	BE	132761
2753801	Hoofddorp	NL	132734
3633444	Machiques	VE	132734
1260728	팔라카드	IN	132728
300808	Silifke	TR	132665
4574324	찰스턴	US	132609
6049429	랭글리	CA	132603
5526337	미들랜드	US	132524
1864105	후지노미야 시	JP	132507
13589383	Mingala Tangnyunt	MM	132494
2775220	인스브루크	AT	132493
3405006	Bragança	BR	132489
5992500	킹스턴	CA	132485
1791272	Wugang	CN	132457
2648404	글로스터	GB	132416
4739526	웨이코	US	132356
3564436	Cerro	CU	132351
1848004	자마 시	JP	132325
1636308	마노콰리	ID	132300
3445578	Valinhos	BR	132258
566199	디미트로브그라드	RU	132226
2033225	Zhalantun	CN	132224
1276393	베티아	IN	132209
1195434	Maijdi	BD	132185
3388847	São Félix do Xingu	BR	132138
4005937	San Pedro Garza García	MX	132128
3448031	Sapucaia do Sul	BR	132107
333373	콤볼차	ET	132100
1699054	Muricay	PH	132094
5011148	스털링하이츠	US	132052
1150515	수랏타니	TH	132040
2923544	퓌르트	DE	132036
3177090	Ferrara	IT	132009
12166273	Quận Đức Thịnh	VN	132000
3433424	이시드로 카사노바	AR	131981
1854083	오무타 시	JP	131974
11947989	Villa Mercedes	CL	131936
1811028	Fuji	CN	131927
1260637	팔월	IN	131926
776029	Bielany	PL	131910
1813344	Dawukou	CN	131880
1722930	Bulaon	PH	131818
1644409	Garut	ID	131809
89113	아지다비야	LY	131773
2113164	Abiko	JP	131771
1860871	가도마 시	JP	131727
1801401	Majie	CN	131696
1182815	Bhakkar	PK	131658
11962381	Rio Pequeno	BR	131631
128447	Kāshmar	IR	131517
2492913	Jijel	DZ	131513
1636022	Martapura	ID	131449
2968254	빌뢰르반	FR	131445
1581331	Hải Châu	VN	131427
2229411	림베	CM	131381
1258470	Rānīganj	IN	131261
1808336	Hepo	CN	131238
1160939	Iranshahr	IR	131232
2596935	Soubré	CI	131181
1853992	오노미치 시	JP	131170
4685907	덴턴	US	131044
1271992	Etah	IN	131023
1259686	Pīlibhīt	IN	131008
2035002	Shangzhi	CN	131006
13561808	Rayon KhTZ	UA	131000
1314759	라시오	MM	131000
518557	노보모스콥스크	RU	130982
1857568	Matsubara	JP	130855
2293549	아방구루	CI	130810
174018	Al Bāb	SY	130745
2034834	Shuangcheng	CN	130710
13607967	Circoiscrizione III	IT	130709
2649808	엑서터	GB	130709
2300379	호	GH	130701
1169278	Narowal	PK	130692
1576303	라오까이	VN	130671
2219701	Al Ajaylat	LY	130546
1605239	우돈타니	TH	130531
98156	Baḥarkah	IQ	130518
1735102	Bayan Lepas	MY	130455
8504948	Petrogradka	RU	130455
1258916	Rajapalayam	IN	130442
3665542	시파키라	CO	130432
6925362	Jīroft	IR	130429
4850751	시더래피즈	US	130405
1791056	Dongyang	CN	130387
1913126	Nantou	CN	130370
1275218	Botad	IN	130327
282615	나블루스	PS	130326
4839366	뉴헤이번	US	130322
3731088	Arcahaie	HT	130306
1805935	Jiazi	CN	130298
2231506	Foumban	CM	130287
5388881	로즈빌	US	130269
3874096	Quilpué	CL	130263
13452524	Rawson	AR	130258
2473164	Sīdī Ḥusayn	TN	130255
2455558	Kati	ML	130254
1880594	Kembangan	SG	130252
1744246	Seri Kembangan	MY	130252
2652618	콜체스터	GB	130245
602150	우메오	SE	130224
6694101	Din Daeng	TH	130220
1181611	차만	PK	130139
367644	Sennar	SD	130122
3617723	Masaya	NI	130113
5406567	Visalia	US	130104
1169372	나랑카 샤빕	PK	130041
280425	Aley	LB	130000
3351500	Caála	AO	130000
502971	Ramenki	RU	130000
12157008	San Martin	PE	130000
1187530	Sonārgaon	BD	130000
3042430	Zugló	HU	130000
2635608	토트넘	GB	130000
3082914	티히	PL	130000
1791325	Wuda	CN	129922
5913695	케임브리지	CA	129920
304797	마르딘	TR	129864
1798655	Pingxiang	CN	129843
2743477	즈볼러	NL	129840
64536	바이다보	SO	129839
1568142	Sầm Sơn	VN	129801
13527315	Santo António	CN	129800
2638671	솔퍼드	GB	129794
1171123	Mandi Bahauddin	PK	129733
738743	토카트	TR	129702
866152	Erebuni	AM	129700
1571644	Ô Môn	VN	129683
1713226	Gapan	PH	129610
1273193	Deoria	IN	129570
1725863	Bayambang	PH	129506
1170425	Mianwali	PK	129500
4151909	코럴스프링스	US	129485
6146143	셰르브루크	CA	129447
89055	Al Bayḑā’	LY	129439
11962426	Jardim Helena	BR	129409
3450817	Sabará	BR	129380
3183539	Acilia-Castel Fusano-Ostia Antica	IT	129362
2940187	Charlottenburg	DE	129359
5402405	사우전드오크스	US	129339
4381982	컬럼비아	US	129330
3465944	Colatina	BR	129301
3052009	죄르	HU	129301
3893656	코피아포	CL	129280
1858964	고쿠분지 시	JP	129242
3671116	키브도	CO	129237
2548526	겔밈	MA	129200
3645854	Charallave	VE	129182
115770	Shahr-e Kord	IR	129153
3675595	Malambo	CO	129148
3446692	Tatuí	BR	129130
1861212	이와쿠니 시	JP	129125
1804208	Leiyang	CN	129116
776103	Białołeka	PL	129106
1721168	Cadiz	PH	129053
2387495	Carnot	CF	129032
295548	바트얌	IL	129012
3979844	사카테카스	MX	129011
5097598	엘리자베스	US	129007
461835	Zyablikovo	RU	129000
1180374	Daur	PK	128958
321082	Bingöl	TR	128935
3473664	Copacabana	BR	128919
1185111	Sātkhira	BD	128918
1632276	Parung	ID	128905
3630932	Palo Negro	VE	128875
4843564	스탬퍼드	US	128874
169389	이들리브	SY	128840
2312393	Moanda	CD	128804
90708	Sīnah	IQ	128776
6822188	오사키 시	JP	128763
1636884	Magelang	ID	128709
5339111	Concord	US	128667
2267095	Leiria	PT	128640
3931276	푸노	PE	128637
553287	카미신	RU	128626
12450887	Shuanglonghu	CN	128563
8441115	Nimach	IN	128561
354775	Kafr ad Dawwār	EG	128539
12432982	Águas Claras	BR	128486
12377091	Bosque Saúde	BR	128469
518976	노보체복사르스크	RU	128468
3033123	브장송	FR	128426
229911	Lugazi	UG	128400
13513037	Thành phố Sông Công	VN	128357
1691490	Rosario	PH	128352
1266945	Khardah	IN	128346
102527	사카카	SA	128332
2544333	Khenifra	MA	128318
379149	Al Manāqil	SD	128297
612287	Rustavi	GE	128249
11962391	Jose Bonifacio	BR	128243
3547867	만사니요	CU	128188
1252770	Yavatmāl	IN	128175
1270484	Hālīsahar	IN	128172
496527	세르푸호프	RU	128158
3670730	리오네그로	CO	128153
1280037	Shache	CN	128145
1837362	시흥동	KR	128142
1267016	칸나	IN	128137
2407656	코이두	SL	128030
4543762	노먼	US	128026
3674292	Mosquera	CO	128012
555129	Ivanovskoye	RU	128000
515027	Orekhovo-Borisovo Severnoye	RU	128000
3470073	Bento Gonçalves	BR	127977
1586989	Buôn Hồ	VN	127920
1585281	Chũ	VN	127881
2664454	베스테로스	SE	127799
1852663	세토 시	JP	127792
5551123	Alhambra	US	127764
1254309	Titāgarh	IN	127751
2641674	Newcastle under Lyme	GB	127727
3090048	오폴레	PL	127676
3359041	Worcester	ZA	127597
3099759	엘블롱크	PL	127558
7843633	Gaojing	CN	127512
1185115	Sirajganj	BD	127481
3459943	Jequié	BR	127475
3088825	프워츠크	PL	127474
3601311	Siguatepeque	HN	127468
3082707	바우브지흐	PL	127431
13580316	Mykilska Borshchahivka	UA	127400
584649	Yevlakh	AZ	127400
360754	Al Manzalah	EG	127394
363885	와우	SS	127384
1793999	Songnan	CN	127347
2676209	Södermalm	SE	127323
4180386	애선스	US	127315
2350249	Amaigbo	NG	127300
3445061	Vila Mariana	BR	127286
1153671	치앙마이	TH	127240
2332515	Lafia	NG	127236
1885823	Jiangyou	CN	127225
1646698	Cikampek	ID	127173
10265061	Mustafābād	IN	127167
1279891	Tengyue	CN	127133
1796376	Shajing	CN	127089
1790251	Jinfeng	CN	127076
3540667	Sancti Spíritus	CU	127069
3117164	마타로	ES	126988
3470451	Barretos	BR	126957
5799625	켄트	US	126952
1302439	Pakokku	MM	126938
524294	무롬	RU	126931
1180436	Daska Kalan	PK	126924
3447651	Sertãozinho	BR	126887
1270216	Hāthras	IN	126882
1692520	Pulong Santa Cruz	PH	126844
1639900	Klaten	ID	126831
550478	Khasavyurt	RU	126829
522942	넵테캄스크	RU	126805
3104748	Villaverde	ES	126802
5396003	시미밸리	US	126788
1725804	베이완	PH	126744
1165388	Shakargarh	PK	126742
1268820	Jorhat	IN	126736
1688216	Santa Cruz	PH	126735
3634922	La Victoria	VE	126721
1168555	Pakpattan	PK	126706
1805543	Jingzhi	CN	126703
1813812	Danshui	CN	126701
13607969	Circoiscrizione V	IT	126666
2637546	솔리헐	GB	126577
5344994	이스트로스앤젤레스	US	126496
1265157	랄릿푸르	IN	126475
1642414	Jombang	ID	126465
1039536	마시스	MZ	126408
1608529	나콘랏차시마	TH	126391
3620381	Chinandega	NI	126387
2219960	Al Jadīd	LY	126386
3437863	람바레	PY	126377
1801582	마청 시	CN	126366
1861835	이즈카 시	JP	126364
1153269	후아힌	TH	126355
3628489	San Carlos del Zulia	VE	126353
13607661	Vilkhivskyi	UA	126340
281102	Rafaḩ	PS	126305
1735168	암팡자야	MY	126285
1270670	Guntakal	IN	126270
1529641	Ālā'ĕr	CN	126259
5393015	샌타클래라	US	126215
7279595	Pithampur	IN	126200
1632197	Paseh	ID	126181
1262710	Mothīhāri	IN	126158
11612579	Koganei	JP	126074
6544495	Retiro	ES	126058
13527308	Nossa Senhora de Fátima	CN	126000
8436486	Sunset Park	US	126000
4280539	토피카	US	125963
8556295	Orléans	CA	125937
1950953	백학	KP	125924
1806881	Huicheng	CN	125919
3629710	푸에르토아야쿠초	VE	125840
2341656	Gashua	NG	125817
3728097	르카예	HT	125799
3168673	Salerno	IT	125797
1653316	Savannakhet	LA	125760
352354	Munūf	EG	125707
2634677	왓퍼드	GB	125707
3461936	Guará	BR	125703
746881	기레순	TR	125682
1789703	Xiazhen	CN	125667
1879490	Chaeryŏng-ni	KP	125631
743882	카스타모누	TR	125622
1268015	Kanhangad	IN	125564
250799	‘Ajlūn	JO	125557
748208	Derince	TR	125485
7334948	Sukawati	ID	125470
1269578	Jagdalpur	IN	125463
650224	쿠오피오	FI	125462
6845329	Bang Sue	TH	125440
1171502	Mailsi	PK	125431
3882428	로스앙헬레스	CL	125430
1809062	Haimen	CN	125427
744562	카라뷔크	TR	125403
11205667	Ntuzuma	ZA	125394
1849563	쓰루오카 시	JP	125389
2638703	Saint Peters	GB	125370
3470858	Barbacena	BR	125317
6822153	우루마 시	JP	125303
339686	Debre Tabor	ET	125300
2467243	Sakiet ed Daier	TN	125204
150930	Nzega	TZ	125193
4669635	애빌린	US	125182
1613549	Ban Samae Dam	TH	125133
1796421	Shahecheng	CN	125132
2229748	Kumbo	CM	125124
6094835	Ottawa South	CA	125090
107781	Az Zulfī	SA	125000
618605	Bălţi	MD	125000
1179660	Dokri	PK	125000
483551	Tyoply Stan	RU	125000
3513090	빌렘스타트	CW	125000
1685378	Sultan Kudarat	PH	124965
295432	Bet Shemesh	IL	124957
1269605	Jagādhri	IN	124894
3827414	Huixquilucan	MX	124846
3471798	Arapongas	BR	124838
116402	Semnan	IR	124826
3118532	León	ES	124772
3493146	San Francisco de Macorís	DO	124763
2033242	Yushu	CN	124736
1665443	Yuanlin	TW	124725
3584257	산타테클라	SV	124694
6318714	Sorriso	BR	124665
3483849	Ciudad Valles	MX	124644
2357043	와이구야	BF	124587
7391141	Poblacion	PH	124554
1859951	Kashihara-shi	JP	124521
360048	Ashmūn	EG	124483
309647	아리	TR	124483
2751792	레이우아르던	NL	124481
1587976	Bến Tre	VN	124449
3172629	Monza	IT	124398
1169027	New Mirpur City	PK	124352
3686675	Chía	CO	124309
3604251	Olanchito	HN	124286
5363748	코리아타운	US	124281
757065	Targówek	PL	124279
1804252	Lecheng	CN	124268
1800130	Nancun	CN	124210
124862	Marand	IR	124191
359815	As Sinbillāwayn	EG	124020
2652053	Crawley	GB	124008
1519843	Rudnyy	KZ	124000
3675692	Magangué	CO	123982
3460899	Itaguaí	BR	123980
776251	Bemowo	PL	123932
2994160	메스	FR	123914
2036403	Jiupu	CN	123843
1273467	다르질링	IN	123797
2038438	Baoshan	CN	123791
3493240	Salvaleón de Higüey	DO	123787
11962396	Butanta	BR	123748
1292288	Thaton	MM	123727
7284842	Budapest III. kerület	HU	123723
11500546	Kurichchi	IN	123667
1637090	Lumajang	ID	123626
1861450	이세 시	JP	123533
1711982	Hagonoy	PH	123531
301975	Samandağ	TR	123447
3467081	Caraguatatuba	BR	123389
3469989	Birigui	BR	123340
623549	핀스크	BY	123283
2510542	Telde	ES	123265
1643078	Indramayu	ID	123263
2483668	Relizane	DZ	123255
2503661	Bordj el Kiffan	DZ	123246
1528249	잘랄아바트	KG	123239
7303138	Kirishima	JP	123205
3522307	Orizaba	MX	123182
1801799	Luoyang	CN	123144
1163272	Toba Tek Singh	PK	123102
1848445	야쓰시로 시	JP	123067
2806654	볼프스부르크	DE	123064
3445782	Umuarama	BR	123059
1855425	니이하마 시	JP	123059
2036536	Jiaohe	CN	123018
3398352	Igarassu	BR	123017
536164	Tsaritsyno	RU	123000
2518794	Dos Hermanas	ES	122943
866164	Ajapnyak	AM	122800
8031389	Tabuk	PH	122771
1684803	타부크	PH	122771
1272243	Dam Dam	IN	122719
233312	Hoima	UG	122700
98245	Az Zubayr	IQ	122676
2836788	Schöneberg	DE	122658
1864750	벳푸 시	JP	122643
1270370	Hardoī	IN	122635
140951	Behbahān	IR	122604
3460598	Itatiba	BR	122581
1807112	Huangzhou	CN	122563
5137849	Sheepshead Bay	US	122534
1259163	Puruliya	IN	122533
1605245	우본랏차타니	TH	122533
943882	Virginia	ZA	122502
1015621	Brits	ZA	122497
2849647	레클링하우젠	DE	122438
1788268	Xiulin	CN	122411
1784178	Zhoucun	CN	122402
569154	체르케스크	RU	122395
1176997	Haveli Lakha	PK	122389
2751283	마스트리흐트	NL	122378
5107129	Amherst	US	122366
738927	테키르다	TR	122287
6653052	Shahr-e Ṣadrā	IR	122226
5406222	빅터빌	US	122225
2654200	버턴어폰트렌트	GB	122199
1720034	Calumpit	PH	122187
7026837	Lat Phrao	TH	122182
13607724	Livoberezhnyi	UA	122175
2918632	괴팅겐	DE	122149
13118233	Titiwangsa	MY	122096
1607782	Phasi Charoen	TH	122070
542634	Presnenskiy	RU	122000
473972	Veshnyaki	RU	122000
1113217	Zābol	IR	121989
2359608	Kaya	BF	121970
1790442	Xiangcheng	CN	121959
1272842	Dharmavaram	IN	121874
10265070	Gokalpur	IN	121870
345149	Ādīgrat	ET	121800
1639500	Kotamobagu	ID	121756
3646487	Carora	VE	121741
5405380	발레이오	US	121692
1276320	Bhadreswar	IN	121662
135878	Dorūd	IR	121638
2661552	베른	CH	121631
6693576	산페드로데라파스	CL	121631
1261163	Nagaon	IN	121628
649360	라티	FI	121622
1253315	Vejalpur	IN	121610
1802420	Longshui	CN	121609
2523083	시라쿠사	IT	121605
228971	Mubende	UG	121600
726848	스타라자고라	BG	121582
3346821	Ondjiva	AO	121537
1023441	Alberton	ZA	121536
3121245	Gràcia	ES	121502
1274220	Chikmagalūr	IN	121484
1524325	에키바스투즈	KZ	121470
2522013	알헤시라스	ES	121414
4330145	라피엣	US	121374
2035669	Lianhe	CN	121367
5336269	치코	US	121345
1276325	바드락	IN	121338
3471196	Bagé	BR	121335
4839745	North Stamford	US	121230
3182164	Bergamo	IT	121200
727523	루세	BG	121168
1256949	사와이 마드호푸르	IN	121106
1585317	Chơn Thành	VN	121083
1278827	Ambikāpur	IN	121071
3463690	Eunápolis	BR	121067
1730413	Apalit	PH	121057
4835797	하트퍼드	US	121054
1647866	Bukittinggi	ID	121028
461740	Zyuzino	RU	121000
2258261	돌리지	CG	121000
3644417	Ejido	VE	120978
5327684	버클리	US	120972
2033824	Xilin Hot	CN	120965
3456147	Nova Lima	BR	120959
1693239	Plaridel	PH	120939
4177887	웨스트팜비치	US	120932
1859913	Kashiwara	JP	120922
3445679	Uruguaiana	BR	120819
1861749	이코마 시	JP	120741
2907669	하일브론	DE	120733
11204413	El Mourouj	TN	120732
90026	Ţūz Khūrmātū	IQ	120712
3165243	트렌토	IT	120709
1165638	Shahdad Kot	PK	120687
3348094	Catchiungo	AO	120677
2895992	Ingolstadt	DE	120658
1880176	Toa Payoh New Town	SG	120650
1803782	Lichuan	CN	120587
11054399	Bukit Bintang	MY	120529
2037411	Fengcheng	CN	120514
3638371	La Concepción	VE	120478
2820256	울름	DE	120451
10265071	Mandoli	IN	120417
3628503	산카를로스	VE	120375
3081741	브워츠와베크	PL	120339
5178127	앨런타운	US	120207
1257055	Satara	IN	120195
13308659	Bao'an Centre	CN	120170
1181439	Charsadda	PK	120170
3438115	Fernando de la Mora	PY	120167
1273892	Chūru	IN	120157
3171180	Perugia	IT	120137
1271675	Gangāpur	IN	120115
1783903	Zhujing	CN	120084
13546525	Bồ Đề	VN	120028
2495662	Guelma	DZ	120004
63400	Cabudwaaq	SO	120000
9983718	Cheremushky	UA	120000
8469788	Dubai Marina	AE	120000
8504621	Gereida	SD	120000
8469668	International City	AE	120000
278913	Nabatîyé et Tahta	LB	120000
289011	Rustaq	OM	120000
490971	Solntsevo	RU	120000
1784953	Zhaoyuan	CN	120000
515024	오레호보주예보	RU	120000
8411054	Madhyapur Thimi	NP	119955
6138671	Saint-Louis-de-Terrebonne	CA	119944
4257227	에번즈빌	US	119943
7849539	Bonon	CI	119938
2945756	보트로프	DE	119909
1178456	Ghotki	PK	119879
888710	퀘퀘	ZW	119863
187968	말린디	KE	119859
1157290	Ban I Chang	TH	119858
740483	리제	TR	119828
3472518	Almirante Tamandaré	BR	119825
4167499	Palm Bay	US	119760
1328872	Ann	MM	119714
2751773	레이던	NL	119713
1605403	Thon Buri	TH	119708
5882873	에이잭스	CA	119677
7290243	Bergedorf	DE	119665
1166265	Sambrial	PK	119571
3171168	Pescara	IT	119554
2330028	Modakeke	NG	119529
1855095	노베오카 시	JP	119521
1686547	Silang	PH	119475
2304848	Amanfrom	GH	119467
6317548	Marituba	BR	119437
400771	Moḩammad Shahr	IR	119418
3392734	Paulo Afonso	BR	119418
130697	Īz̄eh	IR	119399
303873	Nazilli	TR	119370
1864416	Daitō	JP	119367
8657105	Hòa Cường	VN	119363
230166	Lira	UG	119323
2853969	포르츠하임	DE	119313
302043	Salihli	TR	119311
13156582	Arabkir	AM	119300
1734815	Port Dickson	MY	119300
2555467	Berkane	MA	119284
3466692	Catanduva	BR	119275
2756669	Dordrecht	NL	119260
1831797	바탐방	KH	119251
2857807	Offenbach	DE	119192
2129537	기타미 시	JP	119135
1562548	Vĩnh Yên	VN	119128
1465594	Madhavaram	IN	119105
3647549	Cagua	VE	119033
292878	Fujairah	AE	118933
1041190	Mandimba	MZ	118922
3413829	레이캬비크	IS	118918
1273687	Dohad	IN	118846
3696378	우아라스	PE	118836
2653261	첼트넘	GB	118836
3109981	Santa Coloma de Gramenet	ES	118821
3391360	Santana	BR	118803
3471691	Araxá	BR	118786
3453535	Piraquara	BR	118730
1276856	바르시	IN	118722
1280737	라싸 시	CN	118721
1591440	Bắc Quang	VN	118690
1787901	Xunchang	CN	118664
1580142	Hưng Yên	VN	118646
3523149	Miramar	MX	118614
2944368	브레머하펜	DE	118610
963516	Queenstown	ZA	118599
1800175	Nanbin	CN	118597
141679	Bandar-e Anzalī	IR	118564
1609899	Khlong Luang	TH	118551
1279344	Ādilābād	IN	118526
5059163	파고	US	118523
2800931	브뤼허	BE	118509
1268936	Jhunjhunūn	IN	118473
3526798	Iguala de la Independencia	MX	118468
3447998	Sarandi	BR	118455
923295	좀바	MW	118440
1627610	Sepatan	ID	118439
1702649	Malita	PH	118438
3080165	지엘로나구라	PL	118433
1801969	Luodian	CN	118323
1269065	Jetpur	IN	118302
13607719	Tsentralno-Miskyi	UA	118283
1253744	Uppal Kalan	IN	118259
3388376	São Lourenço da Mata	BR	118258
353183	Maghāghah	EG	118223
1230089	Pita Kotte	LK	118179
1712531	Guiguinto	PH	118173
1270801	Gudivāda	IN	118167
2262963	세투발	PT	118166
3107784	Torrejón de Ardoz	ES	118162
6822148	Aizu-Wakamatsu	JP	118159
2347954	Bama	NG	118121
2337659	Ilobu	NG	118089
1701537	Manolo Fortich	PH	118075
3460960	Itabira	BR	118053
1579018	Kiến An	VN	118047
3460170	Jandira	BR	118045
3461859	Guaratinguetá	BR	118044
3836669	San Rafael	AR	118009
1795860	Shaoshan	CN	118000
481453	Troparëvo	RU	118000
1277084	Bārān	IN	117992
1269939	호샨가바드	IN	117988
1278715	Amreli	IN	117967
1608534	나콘빠톰	TH	117927
352913	Manfalūţ	EG	117925
1860728	가케가와 시	JP	117925
1863209	한다 시	JP	117884
1790920	Wushan	CN	117873
2924573	Friedrichshain	DE	117829
2395915	Abomey	BJ	117824
2364104	소코데	TG	117811
3471830	Araguari	BR	117808
757026	타르누프	PL	117799
1619460	Bangkok Noi	TH	117793
2336589	Jalingo	NG	117757
11962419	Raposo Tavares	BR	117738
6136944	Saanich	CA	117735
233299	Ibanda	UG	117700
12426999	Bairro da Penha	BR	117691
716935	니레지하저	HU	117689
1852964	사노 시	JP	117669
1860063	가라쓰 시	JP	117663
1512165	아친스크	RU	117634
1259297	Pudukkottai	IN	117630
2034754	Shunyi	CN	117623
2639093	로더럼	GB	117618
3980194	Ciudad de Villa de Álvarez	MX	117600
1650077	Banyuwangi	ID	117558
2482908	Rouiba	DZ	117558
1213500	Tebingtinggi	ID	117530
3718962	Tigwav	HT	117504
1261848	Narasaraopet	IN	117489
211734	Lisala	CD	117464
1184055	Badin	PK	117455
2362909	방포라	BF	117452
3874787	푼타아레나스	CL	117430
889453	카도마	ZW	117381
1699755	Midsayap	PH	117365
3467968	Camboriú	BR	117324
1309937	Pyin Oo Lwin	MM	117303
4151316	클리어워터	US	117292
1711718	Himamaylan	PH	117286
4391812	인디펜던스	US	117255
4005143	Heroica Guaymas	MX	117253
1640581	Kedungwuni	ID	117249
215976	Ilebo	CD	117245
3149318	Kristiansand	NO	117237
2035966	Longjing	CN	117185
986846	Kroonstad	ZA	117152
2848273	렘샤이트	DE	117118
5640350	Billings	US	117116
1308567	Möng Yang	MM	117108
792078	차차크	RS	117072
4984247	앤아버	US	117070
1705536	Los Baños	PH	117030
2289549	Duekoué	CI	117023
11611628	Higashikurume	JP	117020
1258126	Rishra	IN	117014
6317953	Pinhais	BR	117000
1500973	키질	RU	116983
2520600	카디스	ES	116979
3100796	동브로바구르니차	PL	116971
3454847	Passos	BR	116951
356989	Fāqūs	EG	116945
1684681	Tacurong	PH	116945
1862302	Hōfu	JP	116925
3348613	Gabela	AO	116903
1880271	Serangoon	SG	116900
1882101	Serangoon New Town	SG	116900
3682281	Funza	CO	116890
2082539	Merauke	ID	116864
1276942	Baripāda	IN	116849
1858794	Kōnosu	JP	116828
1626560	Soreang	ID	116780
13607653	Smolyanskyi	UA	116779
1714781	Dinaig	PH	116768
2042893	Manp’o	KP	116760
1262578	Muktsar	IN	116747
5345743	엘몬테	US	116732
3445993	Tubarão	BR	116725
3176746	Forlì	IT	116696
1278083	Azamgarh	IN	116644
12432973	Santa Maria	BR	116622
229380	Masaka	UG	116600
1584784	Cờ Đỏ	VN	116576
1518542	탈디코르간	KZ	116558
6544099	Moncloa-Aravaca	ES	116531
1809408	Gulin	CN	116527
8476509	Al Majaz	AE	116503
7026999	Thung Khru	TH	116473
1276895	Barnāla	IN	116449
1252758	Yelahanka	IN	116447
1614295	파타야	TH	116417
1274040	Chittorgarh	IN	116406
1815276	Chenggu	CN	116375
5120034	할렘	US	116345
2989317	오를레앙	FR	116344
2982652	루앙	FR	116331
1254432	Tinsukia	IN	116322
5443910	Westminster	US	116317
1807301	Dasha	CN	116307
2033536	Yakeshi	CN	116284
3461109	Ipiranga	BR	116271
155101	Makumbako	TZ	116232
1266928	Khargone	IN	116150
3632929	Mariara	VE	116142
1714956	Digos	PH	116122
922083	Tshilenge	CD	116073
2508287	Aïn Beïda	DZ	116064
10865375	Andīsheh	IR	116062
32909	Shahre Jadide Andisheh	IR	116062
3404817	Breves	BR	116058
3130583	알코벤다스	ES	116037
2419472	Kissidougou	GN	116019
1819283	San Tung Chung Hang	HK	116000
484912	Taganskiy	RU	116000
4724129	라운드록	US	115997
520068	노긴스크	RU	115979
3626219	Tinaquillo	VE	115937
4499379	윌밍턴	US	115933
1717641	카비테	PH	115932
11962397	Campo Grande	BR	115925
6332428	이스트할렘	US	115921
3463140	포르모자	BR	115901
3427833	탄딜	AR	115877
2743856	Zoetermeer	NL	115845
3388713	São Gonçalo do Amarante	BR	115838
1238992	스리자야와르다나푸라	LK	115826
6822174	나스시오바라 시	JP	115794
3445446	Várzea Paulista	BR	115771
1817441	Baisha	CN	115761
359212	Banī Mazār	EG	115759
1163724	Taunsa	PK	115704
6822152	Urasoe	JP	115690
8535094	Santana	BR	115689
467978	옐레츠	RU	115688
7026898	Suan Luang	TH	115658
3114256	Parla	ES	115611
1574155	Mỹ Hào	VN	115608
1818020	Anliu	CN	115560
3451329	Ribeirão Pires	BR	115559
13450916	Recanto das Emas	BR	115550
13132725	Chunga	ZM	115539
511510	Novo-Peredelkino	RU	115536
1277780	Baidyabāti	IN	115504
2327143	Okigwe	NG	115499
385038	리파	BH	115495
690548	우주호로드	UA	115449
232066	Kasese	UG	115400
1804169	렁수이장 시	CN	115399
1791536	Tianfu	CN	115370
5412199	아배다	US	115368
2128574	오타루 시	JP	115333
1682659	Tayabas	PH	115318
2315419	Inkisi	CD	115317
1710544	Iriga City	PH	115306
6165683	Thornhill	CA	115292
933945	Vacoas	MU	115289
4672989	보몬트	US	115282
3183719	블로러	AL	115261
1670106	싼샤구	TW	115185
5780026	프로보	US	115162
3385935	Tucuruí	BR	115144
1276736	Bastī	IN	115115
4905687	피오리아	US	115070
3433975	Ezeiza	AR	115021
590775	Lasnamäe	EE	115008
1513604	Xiva	UZ	115000
752015	아마시아	TR	114921
3844421	멘도사	AR	114893
1147290	발흐	AF	114883
3465059	쿠바타오	BR	114870
1800498	Mingshui	CN	114858
11962414	Vila Medeiros	BR	114839
1570863	Phong Điền	VN	114820
3456117	Nova Serrana	BR	114791
7027001	Wang Thonglang	TH	114768
5334223	칼즈배드	US	114746
187896	Mandera	KE	114718
1798131	Qiaotou	CN	114712
616635	규므리	AM	114667
300797	Silopi	TR	114645
1271662	Gangavati	IN	114642
1278815	Ambur	IN	114608
6318738	Tangará da Serra	BR	114603
3098722	고주프비엘코폴스키	PL	114567
6318694	Simões Filho	BR	114559
1271175	Giridih	IN	114533
1182829	Phool Nagar	PK	114530
1692214	Quezon	PH	114521
2473247	아리아나	TN	114486
1185920	Tungipara	BD	114482
2112656	이치노세키 시	JP	114476
2491889	Khenchela	DZ	114472
1609776	콘깬	TH	114459
5527554	Odessa	US	114428
3466696	Catalão	BR	114427
1163952	Tando Muhammad Khan	PK	114406
4250542	스프링필드	US	114394
1105728	Somaroboro	ZA	114369
3688256	Guadalajara de Buga	CO	114316
1632998	Pamanukan	ID	114290
3402000	Codó	BR	114275
6681051	Pardīs	IR	114249
1569684	쁠래이꾸	VN	114225
5343858	다우니	US	114219
2188164	로어헛	NZ	114200
1785545	Yuyao	CN	114177
92052	Rānyah	IQ	114173
1863018	하쓰카이치 시	JP	114173
11101593	Tung Chung	HK	114100
3440714	살토	UY	114084
13609094	Korolyov	UA	114034
300822	시이르트	TR	114034
2033147	Zhaozhou	CN	114009
516264	Ochakovo-Matveyevskoye	RU	114000
3427408	Villa Lugano	AR	114000
3629614	Punta Cardón	VE	113999
6822132	아키시마 시	JP	113949
3397893	Itacoatiara	BR	113917
919544	Chililabombwe	ZM	113876
13546322	Rivière-des-Prairies–Pointe-aux-Trembles	CA	113868
2633521	Worthing	GB	113866
3995019	Navojoa	MX	113836
2327879	Offa	NG	113830
1489530	Tobolsk	RU	113800
11612537	Tōkai	JP	113787
1252942	Wardha	IN	113759
1791765	Wansheng	CN	113751
1168226	Pattoki	PK	113735
1791706	Wayaobu	CN	113698
1862636	Hikone	JP	113647
1856243	Nagahama	JP	113636
1798713	Pingshan	CN	113631
2035399	쑹위안 시	CN	113611
1801615	Maba	CN	113609
6822159	Fujimino	JP	113597
2651123	동커스터	GB	113566
1587759	Bình Thủy	VN	113565
1714201	두마게테	PH	113541
7284830	Budapest XIII. kerület	HU	113531
2862375	Nippes	DE	113487
2516395	Jaén	ES	113457
1814915	Chengqiao	CN	113442
3101619	호주프	PL	113430
2852566	Porz am Rhein	DE	113415
2249222	Louga	SN	113365
5116495	Elmhurst	US	113364
13562438	Hoàng Mai	VN	113360
2416402	Kamsar	GN	113350
3625207	Yaritagua	VE	113343
1165635	Shahdadpur	PK	113342
3460522	Itumbiara	BR	113322
192785	Khwisero	KE	113294
5339840	Costa Mesa	US	113204
1176022	Jauharabad	PK	113188
4164167	마이애미가든스	US	113187
2653225	체스터필드	GB	113057
4903976	North Peoria	US	113004
495344	Shchyolkovo	RU	113000
361329	Al Fashn	EG	112999
5347335	페어필드	US	112970
3557846	Guanabacoa	CU	112964
998082	Hammanskraal	ZA	112950
6822184	오슈 시	JP	112937
2530048	Taourirt	MA	112908
347591	Ţalkhā	EG	112851
1671444	Neili	TW	112845
1162813	Vihari	PK	112840
2034497	Taonan	CN	112819
1848382	Youkaichi	JP	112819
1859586	가조 시	JP	112792
3589289	Santa Lucía Cotzumalguapa	GT	112780
2702979	옌셰핑	SE	112766
10300648	City of Port Phillip	AU	112669
1255264	Tadepalligudem	IN	112655
1809077	Haikou	CN	112644
4998830	랜싱	US	112644
1274767	Chanduasi	IN	112635
1277939	Bagaha	IN	112634
1497917	Nefteyugansk	RU	112632
2847736	로이틀링겐	DE	112627
5110918	Bushwick	US	112620
3625710	Upata	VE	112617
1795857	Shaowu	CN	112585
1280570	Mengmao	CN	112578
1638284	Lawang	ID	112540
2554006	Bouskoura	MA	112501
667873	사투마레	RO	112490
3460791	Itanhaém	BR	112476
2036337	Kaiyuan	CN	112462
191299	Kisii	KE	112417
3058213	Petržalka	SK	112380
128321	Kāzerūn	IR	112360
6317077	Ermelino Matarazzo	BR	112333
1279390	아찰푸르	IN	112311
3453420	Planaltina	BR	112304
3640226	과나레	VE	112286
1916012	Wuzhishan	CN	112269
5119167	Gravesend	US	112229
5043473	로체스터	US	112225
1270994	Gondal	IN	112197
1181163	Chichawatni	PK	112191
1203344	Farīdpur	BD	112187
3587345	Apopa	SV	112158
1718306	Carmona	PH	112140
1707404	라오아그	PH	112117
4890864	엘긴	US	112111
1261012	Dharashiv	IN	112085
1789496	Xigang	CN	112061
1814928	Chóngfú	CN	112060
1821263	Taipa	MO	112051
1259385	포트블레어	IN	112050
3523183	Minatitlán	MX	112046
2343093	Esuk Oron	NG	112033
378231	Atbara	SD	112021
3164419	Vicenza	IT	111980
4013714	Ciudad Guzmán	MX	111975
2177091	밸러랫	AU	111973
3600704	Tocoa	HN	111972
5784549	웨스트조던	US	111946
1277936	바가콧	IN	111933
3431271	Lomas de Zamora	AR	111897
1832743	여주시	KR	111897
170592	Dūmā	SY	111864
2657970	빈터투어	CH	111840
518659	Novokuybyshevsk	RU	111800
2502385	Bou Saâda	DZ	111787
362973	Abnūb	EG	111785
119115	Qūchān	IR	111752
3663529	Manacapuru	BR	111751
1639094	Kuningan	ID	111742
1255344	Suriāpet	IN	111729
1241622	캔디	LK	111701
346030	Zefta	EG	111700
1277324	Bangaon	IN	111693
5359488	잉글우드	US	111666
307864	킬리스	TR	111648
6163012	Terrebonne	CA	111575
1319389	Kyimyindine	MM	111514
1481927	Set Ka Lay	MM	111514
2653266	첼름스퍼드	GB	111511
2873074	Marzahn	DE	111508
3598465	Chiquimula	GT	111505
1646492	Cileunyi	ID	111476
7302861	Ashoknagar Kalyangarh	IN	111475
906054	Mongu	ZM	111450
2991214	뮐루즈	FR	111430
2548830	Al Fqih Ben Çalah	MA	111402
1692565	Pulilan	PH	111384
934765	Beau Bassin-Rose Hill	MU	111355
4094455	터스컬루사	US	111338
3667873	Sogamoso	CO	111336
229278	Mbale	UG	111300
6325488	Sainte-Foy	CA	111300
2992090	Montreuil	FR	111240
3165771	Terni	IT	111189
1272513	Deesa	IN	111160
1261669	Navadwīp	IN	111123
1732637	Maran	MY	111056
1261931	난두르바르	IN	111037
6822147	가스가 시	JP	111023
2328684	Nsukka	NG	111017
2328952	Nguru	NG	111014
980921	Mabopane	ZA	110972
2790471	나뮈르	BE	110939
3467978	Cambé	BR	110923
1811729	Encheng	CN	110921
738618	Turhal	TR	110884
1581461	Gò Vấp	VN	110850
4722625	리처드슨	US	110815
1220747	Bokhtar	TJ	110800
2339631	Hadejia	NG	110753
1783940	Zhuji	CN	110721
2987914	페르피냥	FR	110706
4942618	로웰	US	110699
3458696	Lavras	BR	110682
3448351	São Pedro da Aldeia	BR	110677
4385018	East Independence	US	110675
3029241	캉	FR	110624
6316298	Açailândia	BR	110611
13561778	Kyivskyi	UA	110600
140097	Borāzjān	IR	110567
1285173	Yenangyaung	MM	110553
5729485	그레셤	US	110553
5324200	안티오크	US	110542
3454690	Paulínia	BR	110537
934995	만지니	SZ	110537
6324733	세인트존스	CA	110525
6615440	Delicias	ES	110520
229362	Masindi	UG	110500
294514	Kfar Saba	IL	110456
1857470	Matsutō	JP	110408
4931972	케임브리지	US	110402
1255491	Sultānpur	IN	110368
1273292	Delhi Cantonment	IN	110351
1725684	Bayugan	PH	110313
1271883	Firozpur	IN	110313
4471025	High Point	US	110268
1813425	Datun	CN	110258
5089178	맨체스터	US	110229
141584	Bāneh	IR	110218
1880668	Geylang	SG	110201
1639362	Kresek	ID	110182
618577	벤데르	MD	110175
971534	넬스프루이트	ZA	110159
8593863	Rodenkirchen	DE	110158
1880283	Sembawang Estate	SG	110090
2468369	가베스	TN	110075
967476	Orkney	ZA	110052
1803367	Qingnian	CN	110046
5401395	Temecula	US	110003
98846	An Nu‘mānīyah	IQ	110000
145724	Lucapa	AO	110000
6947756	Mendip	GB	110000
1496503	Noyabrsk	RU	110000
92511	Qal‘at Sukkar	IQ	110000
1028079	Ressano Garcia	MZ	110000
150103	Sengerema	TZ	110000
99135	쿠파	IQ	110000
578740	Bataysk	RU	109962
3170647	Pisa	IT	109960
1803352	Linshui	CN	109955
11611942	Kamagaya	JP	109932
2636486	서턴콜드필드	GB	109899
2037069	Hailun	CN	109881
1701124	Maramag	PH	109864
3050434	케치케메트	HU	109847
1538637	세베르스크	RU	109844
1647149	Ciamis	ID	109839
5375911	Murrieta	US	109830
711390	브로바리	UA	109806
3449521	Santo Antônio de Jesus	BR	109791
7026833	Lak Si	TH	109770
2634910	웨이크필드	GB	109766
5416541	Centennial	US	109741
1795184	Shilong	CN	109733
5387428	리치먼드	US	109708
5113779	Corona	US	109698
1565157	Thới Lai	VN	109684
3924679	Vilhena	BR	109651
1262634	Pandit Deen Dayal Upadhyaya Nagar	IN	109650
10374906	Dchira El Jihadia	MA	109564
2037685	Didao	CN	109561
298435	Arsuz	TR	109550
1631733	Pelabuhanratu	ID	109523
1857665	마루가메 시	JP	109513
580724	아르자마스	RU	109479
6825496	하비키노 시	JP	109479
965528	Phalaborwa	ZA	109468
2634838	Walthamstow	GB	109424
5435464	푸에블로	US	109412
3462011	Guaianases	BR	109316
2338403	Ijebu-Igbo	NG	109261
496638	Sergiyev Posad	RU	109252
1683877	탈리사이	PH	109204
3837213	산후안	AR	109123
1256913	세호	IN	109118
1806439	Jianchang	CN	109108
2036671	Hulan	CN	109104
3617708	Matagalpa	NI	109089
6908641	Khlong Toei	TH	109041
1500665	Leninsk-Kuznetsky	RU	109023
1859405	기류 시	JP	108991
159675	Handeni	TZ	108968
3351764	Balombo	AO	108965
1786546	Zhongxiang	CN	108883
6166142	선더베이	CA	108843
1861164	Iwatsuki	JP	108833
4718097	Pearland	US	108821
2037712	Dehui	CN	108818
1632694	Pangkalanbuun	ID	108814
4845193	워터베리	US	108802
5577592	Greeley	US	108795
3031137	불로뉴비양쿠르	FR	108782
685826	Baia Mare	RO	108759
290503	Warīsān	AE	108759
3096880	칼리시	PL	108759
3465476	Coronel Fabriciano	BR	108708
2490098	마스카라	DZ	108629
3395449	Maranguape	BR	108622
2319668	Uromi	NG	108608
158151	Katumba	TZ	108558
1574507	Móng Cái	VN	108553
3445062	Vila Maria	BR	108543
13645699	Kanpur Cantonment	IN	108534
1858910	고마쓰 시	JP	108509
5407933	웨스트코비나	US	108484
5503766	Enterprise	US	108481
1277240	Bānsbāria	IN	108474
3682018	Girón	CO	108466
1147540	Baghlān	AF	108449
3456500	Muriaé	BR	108447
1808916	Hanjia	CN	108430
1226260	트링코말리	LK	108420
13589045	La Cité-Limoilou	CA	108415
1687801	Santiago	PH	108414
8403612	Taibai	CN	108387
3534599	Vedado	CU	108369
2651621	대거넘	GB	108368
1787828	Xuyong	CN	108352
4589387	North Charleston	US	108304
286282	소하르	OM	108274
2035610	Nehe	CN	108253
515879	Oktyabrsky	RU	108200
1255254	Tadpatri	IN	108171
2347059	Birnin Kebbi	NG	108164
1688253	Santa Cruz	PH	108145
13680594	Novobavarskyi	UA	108100
5793933	에버렛	US	108010
378699	엔 나후드	SD	108008
1867429	은률읍	KP	107997
3191648	Rijeka	HR	107964
1665196	더우류 시	TW	107924
11427402	Luis Eduardo Magalhães	BR	107909
1717911	Catbalogan	PH	107896
4682464	칼리지스테이션	US	107889
250258	As Salţ	JO	107874
1856977	미시마 시	JP	107851
3351786	Baía Farta	AO	107841
1269388	Jalpāiguri	IN	107832
2036595	Jalai Nur	CN	107828
1851193	다지미 시	JP	107818
3435607	카스테라	AR	107786
4169014	폼파노비치	US	107762
3893532	Coronel	CL	107759
3406910	Bacabal	BR	107755
6317781	Novo Gama	BR	107663
1610858	Dusit	TH	107655
2067119	만두라	AU	107643
2656192	베이싱스토크	GB	107642
751077	Bandırma	TR	107631
2643179	메이드스톤	GB	107627
2034440	Tieli	CN	107621
89824	Umm Qaşr	IQ	107620
1735076	버터워스	MY	107591
1795842	Shaping	CN	107589
2418362	Labé	GN	107571
139223	Chālūs	IR	107490
3095049	코샬린	PL	107450
3181913	Bolzano	IT	107436
12541728	South Fulton	US	107436
3445859	Ubá	BR	107423
1337248	Sherpur	BD	107419
516436	오브닌스크	RU	107392
13607970	Circoiscrizione VI	IT	107369
3682028	Girardot City	CO	107324
2886946	코블렌츠	DE	107319
3460733	Itaperuna	BR	107246
2832495	Siegen	DE	107242
13607657	Hirnytskyi	UA	107216
1263797	Mangalagiri	IN	107197
949224	Thohoyandou	ZA	107144
288955	As Suwayq	OM	107143
5377995	노워크	US	107140
1560037	Yên Vinh	VN	107082
789225	Mitrovicë	XK	107045
688105	Yevpatoriya	UA	107040
1631992	Pati	ID	107028
563514	옐리스타	RU	106971
1397479	Dera Murad Jamali	PK	106952
1290596	타웅우	MM	106945
2656046	베드퍼드	GB	106940
7090987	Bagong Silangan	PH	106886
1876124	Kangnyŏng	KP	106827
3646190	Catia La Mar	VE	106822
5574991	볼더	US	106803
1803886	Anning	CN	106795
3460523	Ituiutaba	BR	106775
1607017	라용	TH	106737
2210554	시르테	LY	106705
1172904	Kotri	PK	106615
569273	Cherëmushki	RU	106587
4531405	브로큰애로	US	106563
5341430	데일리시티	US	106562
1646678	Cikarang	ID	106479
2447513	아를리트	NE	106448
418943	Bahārestān	IR	106433
1568737	Ba Đồn	VN	106413
1258474	Ranebennur	IN	106406
2035970	Longjiang	CN	106384
1897118	Hwado	KR	106358
1816221	Buhe	CN	106347
2473744	함마메트	TN	106326
2324857	Pindiga	NG	106322
712451	Berdyansk	UA	106311
1667027	Toufen	TW	106310
124082	Mīāneh	IR	106291
2463447	Dakhla	EH	106277
1695097	Paniqui	PH	106190
517836	Novotroitsk	RU	106186
2950349	Bergisch Gladbach	DE	106184
1336139	Rangamati	BD	106069
713716	Alchevsk	UA	106062
1567681	Sơn La	VN	106052
585514	Mingachevir	AZ	106048
3093692	레그니차	PL	106033
3159016	드람멘	NO	106013
1632358	Pare	ID	106007
948542	Tokoza	ZA	106000
3406545	Balsas	BR	105974
6354908	시드니	CA	105968
566532	데르벤트	RU	105965
1784820	Xinghua	CN	105918
1266607	Khurja	IN	105909
1700360	Mati	PH	105908
1651226	Arjawinangun	ID	105845
13546316	Le Plateau-Mont-Royal	CA	105813
2267827	푼샬	PT	105795
1266489	Kishanganj	IN	105782
3514321	Yautepec	MX	105780
3460064	Jataí	BR	105729
1514257	Sergeli	UZ	105700
2348595	Azare	NG	105687
1671566	난터우 시	TW	105682
3398115	Ipojuca	BR	105638
1733953	Lahad Datu	MY	105622
11962403	Vila Prudente	BR	105590
6713355	Subulussalam	ID	105553
3393106	Paragominas	BR	105550
217834	Bukama	CD	105530
1259411	Ponnāni	IN	105512
1683013	Tanza	PH	105510
6822179	인자이 시	JP	105463
1185263	Bhairab Bāzār	BD	105457
1793036	Chengtangcun	CN	105456
1270090	Hindaun	IN	105452
1269374	Jamālpur	IN	105434
362004	Abū Tīj	EG	105418
3598122	Coatepeque	GT	105415
2505653	Baraki	DZ	105402
118367	Robāţ Karīm	IR	105393
445694	'Ākra	IQ	105370
4221333	Sandy Springs	US	105330
5331835	버뱅크	US	105319
1605843	Taling Chan	TH	105299
3428775	San Justo	AR	105274
1580830	Hòa Bình	VN	105260
935221	Saint-Paul	RE	105240
3114965	Ourense	ES	105233
1262216	Nāgaur	IN	105218
12432977	Riacho Fundo II	BR	105210
5254962	그린베이	US	105207
229139	Mityana	UG	105200
105299	Jizan	SA	105198
3515715	Texcoco de Mora	MX	105165
8355932	Bang Bon	TH	105161
700051	Nikopol	UA	105160
693468	슬로비얀시크	UA	105141
5393180	샌타마리아	US	105093
12157013	San Francisco De Borja	PE	105076
12324302	Yidu	CN	105070
2990999	Nancy	FR	105058
1735572	Kuala Krai	MY	105007
1784393	Zhonghe	CN	105003
5404794	유니버설시티	US	105000
1798422	Puyang Chengguanzhen	CN	104994
1861795	Ikeda	JP	104993
6176823	워털루	CA	104986
13157160	Ambala Sadar	IN	104974
3598529	Chinautla	GT	104972
2842150	잘츠기터	DE	104970
13546317	Ville-Marie	CA	104944
3116156	Moratalaz	ES	104923
7279747	Bhiwadi	IN	104921
1275103	Būndi	IN	104919
1263012	Miryalaguda	IN	104918
1807544	Daxing	CN	104904
11962373	Artur Alvim	BR	104864
3471374	Assis	BR	104858
3389652	Santa Cruz do Capibaribe	BR	104854
1786778	Yezhou	CN	104839
4004867	Hidalgo del Parral	MX	104836
1926054	사이조 시	JP	104791
2895044	예나	DE	104712
4741752	위치토폴스	US	104710
5907990	브랜트퍼드	CA	104688
2921232	게라	DE	104659
1563287	Tuyên Quang	VN	104645
2769359	Ottakring	AT	104627
99446	Al Fāw	IQ	104569
1052944	Angoche	MZ	104540
1645518	Depok	ID	104527
2110729	도리데 시	JP	104524
3194828	모스타르	BA	104518
625324	마지르	BY	104517
5989045	Kamloops	CA	104460
907111	Mazabuka	ZM	104412
4161438	레이클랜드	US	104401
13580094	Pozniaky	UA	104400
1516589	Zhezqazghan	KZ	104357
8403616	Pailou	CN	104351
7281020	로프라도	CL	104316
2475744	티지우주	DZ	104312
1798490	Pulandian	CN	104277
2706767	헬싱보리	SE	104250
3408404	Abreu e Lima	BR	104248
1173378	Kot Addu	PK	104217
2290964	Bouaflé	CI	104209
2366152	Kara	TG	104207
5338122	클로비스	US	104180
915883	Kafue	ZM	104174
1800829	Wuchuan	CN	104168
3467717	Campo Mourão	BR	104122
2035196	Salaqi	CN	104090
914959	Kalulushi	ZM	104046
4706057	루이스빌	US	104039
2540689	Oued Zem	MA	104029
554787	Izmaylovo	RU	104000
1503277	Kiselëvsk	RU	104000
1430991	Soyībug	IN	104000
326406	Weldiya	ET	104000
2036418	Jishu	CN	103988
2549979	El Kelaa des Srarhna	MA	103982
2596934	Séguéla	CI	103980
3455729	Ourinhos	BR	103970
3588258	Totonicapán	GT	103952
380173	Ad-Damir	SD	103941
1269562	Jagtiāl	IN	103930
2633709	Woking	GB	103900
1258044	룩키	IN	103894
2232239	Edéa	CM	103861
1784185	위시 시	CN	103829
2644487	링컨	GB	103813
3453406	Poá	BR	103765
1816865	Bashan	CN	103748
2328811	Nkpor	NG	103733
2389086	Berbérati	CF	103713
1166146	Sangla Hill	PK	103709
1797091	Tongren	CN	103700
4738214	Tyler	US	103700
1282027	말레	MV	103693
5345529	엘카혼	US	103679
11962406	Mandaqui	BR	103665
3171058	Piacenza	IT	103607
1141857	Gardez	AF	103601
607610	Zhanaozen	KZ	103598
1810724	Gangu Chengguanzhen	CN	103589
3515696	Teziutlan	MX	103583
2249782	Kolda	SN	103574
11962413	Vila Matilde	BR	103558
1253958	Udgīr	IN	103550
5392423	샌머테이오	US	103536
2732265	Viseu	PT	103502
1262209	Nagda	IN	103501
2870221	뫼르스	DE	103487
4148757	브랜드	US	103483
683123	부저우	RO	103481
3111933	Reus	ES	103477
1631393	Prabumulih	ID	103470
3460974	Itabaiana	BR	103440
933778	프랜시스타운	BW	103417
1861449	Isehara	JP	103401
2264268	Queluz	PT	103399
1276389	Betūl	IN	103330
1864572	Chikushino-shi	JP	103311
8504958	Akademicheskoe	RU	103304
298806	Turgutlu	TR	103292
626081	리다	BY	103262
1668295	Taitung	TW	103260
13561144	Kalynivskyi	UA	103249
2451778	San	ML	103227
1269557	Jahānābād	IN	103202
6053154	레스브리지	CA	103197
11962401	Cursino	BR	103171
476077	벨리키예루키	RU	103149
1267579	카시푸르	IN	103138
5387288	리앨토	US	103132
2634491	웨스트브로미치	GB	103112
1271306	Ghazīpur	IN	103095
1624877	Tanjung Pandan	ID	103062
2338287	Ikere-Ekiti	NG	103054
2904789	힐데스하임	DE	103052
1174042	Kharian	PK	103036
2176187	벤디고	AU	103034
1214073	Rantauprapat	ID	103009
13561150	Chumakivskyi	UA	103005
12261477	Amaravati	IN	103000
575505	Bogorodskoye	RU	103000
8521334	Nkayi	CG	103000
121380	Pārsābād	IR	102996
1283161	Lahān	NP	102955
3071961	리베레츠	CZ	102951
1262260	Nagapattinam	IN	102905
108648	Qurayyat	SA	102903
1275019	Buxar	IN	102861
3488981	Portmore	JM	102861
3835994	산타로사	AR	102860
3545064	Palma Soriano	CU	102826
503977	Pushkino	RU	102816
1173687	Khushāb	PK	102793
2332504	Lafiagi	NG	102779
3468215	Caieiras	BR	102775
1529363	Xincheng	CN	102752
6543969	Lyon 03	FR	102725
1168307	Pasrur	PK	102717
1215412	Belawan	ID	102707
1168412	Pano Aqil	PK	102701
670889	Piatra Neamţ	RO	102688
3647637	Cabudare	VE	102686
2929567	에를랑겐	DE	102675
3817746	Tepexpan	MX	102667
2244386	Tivaouane	SN	102658
233508	엔테베	UG	102600
4853423	대븐포트	US	102582
87205	Darnah	LY	102581
358269	Dayrūţ	EG	102570
6179830	Whalley	CA	102555
5097529	에디슨	US	102548
13645605	Skhidni Kvartaly	UA	102500
3892870	쿠리코	CL	102438
1876105	Kangsŏn	KP	102436
3509382	라베가	DO	102426
1185121	Shāhzādpur	BD	102420
3515062	Tulancingo	MX	102406
11962417	Perdizes	BR	102391
1848254	Yono	JP	102364
4018400	Apatzingán	MX	102362
6544106	Ciutat Vella	ES	102347
5731371	힐즈버러	US	102347
1263494	Mormugao	IN	102345
1256826	Seoni	IN	102343
1165744	Shabqadar	PK	102340
6545310	Mitte	DE	102338
3670502	Sabanalarga	CO	102334
1805270	Jishou	CN	102332
183595	Ngong	KE	102323
3462996	Francisco Beltrão	BR	102312
2027456	Artëm	RU	102300
329114	Sebeta	ET	102300
1849519	쓰야마 시	JP	102294
2962943	Limerick	IE	102287
1278148	Aurangābād	IN	102244
3885273	Lampa	CL	102234
1625929	Sungai Penuh	ID	102224
479411	우흐타	RU	102187
3460132	Japeri	BR	102171
1151933	나콘시탐마랏	TH	102152
1692327	Putatan	PH	102146
6648023	Shuifu	CN	102143
6822216	가니 시	JP	102143
6822146	오노조 시	JP	102085
1172915	Kot Radha Kishan	PK	102057
2219936	Al Jumayl	LY	102000
571741	Brateyevo	RU	102000
495136	Shchukino	RU	102000
3441894	말도나도	UY	102000
2745641	Venlo	NL	101988
3458131	Mairiporã	BR	101937
3172189	Novara	IT	101916
114584	Shūshtar	IR	101878
2808473	Wilmersdorf	DE	101877
99039	Al-Musayab	IQ	101873
8603563	Pôr do Sol	BR	101866
3393008	Parintins	BR	101855
1997228	Hedong	CN	101825
1270077	Hinganghāt	IN	101805
737022	종굴다크	TR	101749
311665	이디르	TR	101700
6825498	Kawachi-Nagano	JP	101692
2650497	Eastbourne	GB	101689
1272997	Dhamtari	IN	101677
5937615	델타	CA	101668
624079	보르샤	BY	101662
2633563	우스터	GB	101659
5475352	라스크루시스	US	101643
3044774	세케슈페헤르바르	HU	101600
3459342	Lagarto	BR	101579
13607720	Kindrativskyi	UA	101565
2656173	바스	GB	101557
2532945	Sidi Slimane	MA	101541
3458662	Leme	BR	101537
1861864	이다 시	JP	101536
3649417	Los Puertos de Altagracia	VE	101527
4926563	사우스벤드	US	101516
1504682	칸스크	RU	101502
13607723	Kalmiuskyi	UA	101498
5921356	Chilliwack	CA	101491
1884386	Queenstown Estate	SG	101480
3037044	Argenteuil	FR	101475
1503772	한티만시스크	RU	101466
1710470	Isulan	PH	101455
10173001	Itaim Bibi	BR	101452
2248698	Mbaké	SN	101451
697889	파블로흐라드	UA	101430
2765028	Simmering	AT	101420
741385	Mustafakemalpaşa	TR	101412
12640444	Burayu	ET	101400
1274213	Chilakalūrupet	IN	101398
1264154	말라푸람	IN	101386
2232283	Ébolowa	CM	101363
5935277	다트머스	CA	101343
2513076	Orihuela	ES	101321
1880628	Kallang	SG	101290
1837706	Sangju	KR	101267
12750652	Perling	MY	101263
5106834	올버니	US	101228
3449310	상크리스토방	BR	101213
2298330	Medina Estates	GH	101207
1181636	Chakwal	PK	101200
9534547	Ngã Bảy	VN	101192
2648657	Gillingham	GB	101187
300075	Suruç	TR	101178
1807738	Huacheng	CN	101165
3673662	Ocaña	CO	101158
1580400	Hồng Ngự	VN	101155
2290412	Daoukro	CI	101136
1850152	Tokuyama	JP	101133
347296	Ţimā	EG	101130
1892823	Donghae City	KR	101128
952747	Standerton	ZA	101101
1860112	가노야 시	JP	101096
964315	Mokopane	ZA	101090
358172	Dikirnis	EG	101082
4945121	뉴베드퍼드	US	101079
126015	Lāhījān	IR	101073
2792482	Leuven	BE	101032
1498920	메즈두레첸스크	RU	101026
1277214	Bānswāra	IN	101017
1710141	홀로	PH	101002
517161	Novyye Cherëmushki	RU	101000
508751	Ryazanskiy	RU	101000
783263	Elbasan	AL	100903
13535745	Pechersk	UA	100900
1769014	Ijok	MY	100899
5406602	비스타	US	100890
4152820	Davie	US	100882
7280528	Errachidia	MA	100870
2294308	Twifu Praso	GH	100851
6118158	레드디어	CA	100844
491023	Solikamsk	RU	100812
3610613	El Progreso	HN	100810
12495083	Chirmiri	IN	100800
3470691	Barra do Piraí	BR	100764
6822097	지쿠세이 시	JP	100753
1625958	Sungailiat	ID	100750
3182884	Arezzo	IT	100734
3043470	Újpest	HU	100694
1720508	Calasiao	PH	100686
561347	글라조프	RU	100676
3988392	Rosarito	MX	100660
261414	Kallithéa	GR	100641
144616	아하르	IR	100641
3708306	Juan Díaz	PA	100636
1560349	Yên Bái	VN	100631
1643761	Grogol	ID	100613
99226	Nāḩiyat al Iskandarīyah	IQ	100600
3591062	Puerto Barrios	GT	100593
220075	Bakwa	CD	100575
5336477	Chinatown	US	100574
1269653	Itārsi	IN	100574
3444864	Votuporanga	BR	100568
1606291	Si Maha Phot	TH	100563
1581052	Hà Tiên	VN	100560
12500938	Oleksiyivka	UA	100500
3633677	Los Rastrojos	VE	100497
124620	Masjed Soleymān	IR	100497
1253367	Vasco da Gama	IN	100485
3109453	Barakaldo	ES	100435
1804120	Lianjiang	CN	100341
13561149	Oleksandrivskyi	UA	100330
1005125	Ermelo	ZA	100324
2774326	Klagenfurt am Wörthersee	AT	100316
1803334	Linxi	CN	100316
2244616	Tiébo	SN	100289
1271631	강토크	IN	100286
1273403	Datia	IN	100284
1853209	사카도 시	JP	100275
1853140	사카타 시	JP	100273
2013952	Ust’-Ilimsk	RU	100271
3121456	Girona	ES	100266
5808189	렌턴	US	100242
1514192	Chust	UZ	100200
1242110	Kalmunai	LK	100171
3165072	Udine	IT	100170
1788492	Xinzhai	CN	100168
1259827	Phagwāra	IN	100146
1861091	Izumisano	JP	100131
2821164	트리어	DE	100129
1863627	기노완 시	JP	100125
334227	Inda Silasē	ET	100100
1634266	Negara	ID	100074
3468562	Caçapava	BR	100071
2213618	Qaşr Bin Ghashīr	LY	100069
1166933	르날라 쿠드	PK	100054
3494242	Punta Cana	DO	100023
4782167	로어노크	US	100011
7279599	Airoli	IN	100000
3569370	Alamar	CU	100000
2350523	Alasia	NG	100000
13061022	Bandar Mahkota Cheras	MY	100000
6690870	Becontree	GB	100000
7280711	Colonia Lindavista	MX	100000
293253	Jaffa	IL	100000
1802171	Kangding	CN	100000
1170157	Model Town	PK	100000
201650	Nyagatare	RW	100000
1871871	P’yŏngsŏng	KP	100000
1167386	Raja Jang	PK	100000
11670045	Sabt Alalayah	SA	100000
2467242	Sakiet ez Zit	TN	100000
1744763	Sentul	MY	100000
7792200	Seri Manjung	MY	100000
6663569	Shahrak-e Pardīsān	IR	100000
3189595	Subotica	RS	100000
1626100	Sumedang Utara	ID	100000
483826	Tekstil’shchiki	RU	100000
2210394	Tājūrā’	LY	100000
169174	Jaramānā	SY	99999
166716	al-Yarmūk	SY	99999
1797959	Qincheng	CN	99987
1264735	Luckeesarai	IN	99979
12358512	Menghuan	CN	99970
758470	Śródmieście	PL	99950
335288	Hāgere Hiywet	ET	99900
5530022	샌앤젤로	US	99893
923058	Kambove	CD	99884
1724767	Bislig	PH	99872
1788207	Xixiang	CN	99867
1179760	Dipalpur	PK	99858
5258393	커노샤	US	99858
1634614	Nabire	ID	99848
1611269	짠타부리	TH	99819
6087892	나이아가라폴스	CA	99818
1812256	Dongsheng	CN	99809
3183072	Andria	IT	99784
3625929	Tucupita	VE	99778
4989133	Clinton Township	US	99753
1256529	Shikohābād	IN	99678
3625341	Villa de Cura	VE	99669
361029	Al Jammālīyah	EG	99641
1480266	San Chaung	MM	99619
2034228	Wangkui	CN	99617
4352053	컬럼비아	US	99615
463835	젤레노돌스크	RU	99600
360526	Al Qūşīyah	EG	99598
2232444	Dschang	CM	99582
3445968	Tucuruvi	BR	99559
2042709	Hwasŏng	KP	99557
2055401	Myŏnggan-dong	KP	99557
107797	다란	SA	99540
3109642	산티아고데콤포스텔라	ES	99536
2982681	루베	FR	99507
167357	Manbij	SY	99497
3069011	올로모우츠	CZ	99496
517963	Novoshakhtinsk	RU	99478
5188843	이리	US	99475
594739	샤울랴이	LT	99462
1267588	카스간즈	IN	99462
1674504	화롄 시	TW	99458
2035801	Meihekou	CN	99419
3668572	Santander de Quilichao	CO	99354
1812647	Xinle	CN	99347
265488	Acharnés	GR	99346
1167534	Qubo Saeed Khan	PK	99308
13132458	Mafinga	TZ	99305
12750644	Taman Melawati	MY	99304
352352	Minyā al Qamḩ	EG	99284
1619278	Bang Rak	TH	99273
63795	Burao	SO	99270
141736	Bam	IR	99268
304854	Manavgat	TR	99254
2548489	Guercif	MA	99238
1267090	Khambhāt	IN	99164
2972284	투르쿠앵	FR	99160
1175021	Kandhkot	PK	99155
1853081	사쿠 시	JP	99131
13562332	Śródmieście	PL	99088
1336136	Bhola	BD	99079
3691582	탈라라	PE	99074
3906466	리베랄타	BO	99070
1803522	Linghe	CN	99069
691999	Siverskodonetsk	UA	99067
3430545	모론	AR	99066
3427213	Zárate	AR	99061
4780011	Portsmouth Heights	US	99049
1266366	코히마	IN	99039
5133825	Richmond Hill	US	98984
917748	Choma	ZM	98974
2033766	Xingcheng	CN	98968
1830194	Paoy Paet	KH	98934
1260546	Pandharpur	IN	98923
1267911	카푸르탈라	IN	98916
11612341	Itoshima	JP	98877
3435894	Burzaco	AR	98859
498687	Sarapul	RU	98830
6138610	Saint-Laurent	CA	98828
2803560	츠비카우	DE	98796
13607968	Circoiscrizione IV	IT	98787
2334008	Kontagora	NG	98754
3465342	코룸바	BR	98751
2894003	카이저슬라우테른	DE	98732
4670249	Alief	US	98725
300371	소마	TR	98714
1252416	팀부	BT	98676
1724489	Bocaue	PH	98649
471430	봇킨스크	RU	98633
3468100	Caldas Novas	BR	98622
4173838	Spring Hill	US	98621
13450915	São Sebastião	BR	98612
3085450	스웁스크	PL	98608
7292560	Tatuapé	BR	98601
3453150	Ponta Porã	BR	98598
1797181	Renqiu	CN	98569
2034657	Suifenhe	CN	98561
1264326	Mahuva	IN	98519
3565432	Cárdenas	CU	98515
3374036	브리지타운	BB	98511
5339066	콤프턴	US	98462
1492663	세로프	RU	98438
274874	Habboûch	LB	98433
1570864	Phong Điền	VN	98424
1788638	Xinshi	CN	98422
9533392	Vĩnh Thạnh	VN	98399
12214069	Landstraße	AT	98389
7284831	Budapest IV. kerület	HU	98374
4705692	League City	US	98312
4992982	플린트	US	98310
1256259	실바사	IN	98265
108927	Al Qaţīf	SA	98259
1812057	Xinyi	CN	98259
1858836	Kōnan	JP	98255
3473964	Guaíba	BR	98239
1277643	Balāngīr	IN	98238
4002224	Lagos de Moreno	MX	98206
2038080	Chengzihe	CN	98188
1292037	Thayetmyo	MM	98185
2775371	Penzing	AT	98176
1803616	Xishan	CN	98162
4670300	앨런	US	98143
2505629	Barika	DZ	98141
2507972	Aïn Oussera	DZ	98107
579460	Balashov	RU	98107
8643798	Arsi Negele	ET	98100
1645154	Dukuhturi	ID	98074
3398331	Iguatu	BR	98064
134721	Fasā	IR	98061
6138495	Saint-Jean-sur-Richelieu	CA	98036
1261631	Nawāda	IN	98029
3117814	Lugo	ES	98025
13156961	Bhilai Charoda	IN	98008
123941	Mīnāb	IR	97986
170905	Dar‘ā	SY	97969
1256671	Shāmli	IN	97966
2130452	지토세 시	JP	97950
1786783	Yeyuan	CN	97936
3833883	트렐레우	AR	97915
706950	Kamyanets-Podilskyi	UA	97908
463343	Zheleznogorsk	RU	97900
310855	Kâhta	TR	97875
3445597	Valença	BR	97873
3601627	Santa Cruz de Yojoa	HN	97848
4934964	Dorchester	US	97826
2031405	에르데네트	MN	97814
2043835	혜산동	KP	97794
3516035	Temixco	MX	97788
13132732	Namalombwe	ZM	97758
1839726	아산시	KR	97749
1717926	Catarman	PH	97738
1268977	Jharsuguda	IN	97730
1581529	Gò Công	VN	97709
1809849	Guanhu	CN	97705
3460584	Itaúna	BR	97669
13494075	Tha Raeng	TH	97658
10263300	Sādatpur Gujran	IN	97641
2771706	Meidling	AT	97624
2539134	Oulad Teïma	MA	97608
1805220	Jiudian	CN	97604
337405	Gambēla	ET	97600
1274868	Chalisgaon	IN	97551
2639272	로치데일	GB	97550
3690465	Aguachica	CO	97525
3723593	제레미	HT	97503
1908011	Xinxing	CN	97483
294778	Herzliya	IL	97470
6659672	Parand	IR	97464
3390288	Rio Largo	BR	97435
1298987	핀마나	MM	97409
1253166	Villupuram	IN	97380
1278931	Amalner	IN	97369
2333604	Kuje	NG	97367
3430988	Luján	AR	97363
1164216	Swabi	PK	97363
294946	Hadera	IL	97335
2756987	데벤터르	NL	97331
3868192	비야알레마나	CL	97320
2413753	브리카마	GM	97233
3405940	Bayeux	BR	97203
1254780	Tellicherry	IN	97201
147429	Naxçıvan	AZ	97200
462755	Zhukovsky	RU	97200
1860635	가메오카 시	JP	97181
5373763	미션비에호	US	97156
3455161	Pará de Minas	BR	97139
3178957	Cesena	IT	97137
1263694	Manjeri	IN	97102
11611614	Munakata	JP	97095
2487772	Messaad	DZ	97091
1713818	Escalante	PH	97050
2791018	Molenbeek-Saint-Jean	BE	97037
1811542	Fangshan	CN	97026
3598572	Chimaltenango	GT	96985
1312609	Magway	MM	96954
3691148	툼베스	PE	96946
1179834	Dijkot	PK	96934
1514402	Bekobod	UZ	96900
1514382	Beshariq	UZ	96900
1513331	Quvasoy	UZ	96900
6644097	Jinniu	CN	96883
10226875	Vicente Pires	BR	96871
1666855	Caotun	TW	96838
3665199	Ariquemes	BR	96833
5405228	Vacaville	US	96803
2288115	Grand-Bassam	CI	96797
218855	Binga	CD	96790
66093	야수즈	IR	96786
7116866	비야메르세데스	AR	96781
2556018	Ben Guerir	MA	96777
1912209	와부	KR	96775
5405878	벤투라	US	96769
1173692	Khurarianwala	PK	96743
1807761	Houzhen	CN	96737
136014	Dogonbadan	IR	96728
1626183	Sumber	ID	96725
5425043	Highlands Ranch	US	96713
4540737	로턴	US	96655
7701354	Azimpur	BD	96641
2834282	슈베린	DE	96641
5713376	비버턴	US	96577
3097333	야보주노	PL	96541
1677053	Zhudong	TW	96518
1810136	Gongguan	CN	96492
2356300	Pouytenga	BF	96469
3619194	에스텔리	NI	96422
1572585	Nghĩa Đô	VN	96418
622428	살리호르스크	BY	96418
1699323	Monkayo	PH	96405
5397603	South Gate	US	96401
273140	Jounieh	LB	96315
2172710	Caloundra	AU	96305
318675	제이한	TR	96303
10448053	Birgaon	IN	96294
1852607	시바타 시	JP	96236
3361025	스텔렌보스	ZA	96228
1276901	Bārmer	IN	96225
3195506	Maribor	SI	96209
4779999	포츠머스	US	96201
2129101	무로란 시	JP	96197
2913366	귀터슬로	DE	96180
3437842	Limpio	PY	96143
2980916	생드니	FR	96128
1136469	Khōst	AF	96123
5512862	스파크스	US	96094
3464073	Erechim	BR	96087
2520611	카세레스	ES	96068
1799686	Nanxi	CN	96061
1713014	General Trias	PH	96022
10263050	Pūth Kalān	IN	96002
2300182	Japekrom	GH	96000
502965	라멘스코예	RU	96000
12718669	Ouislane	MA	95995
2647138	헤멀헴프스터드	GB	95961
11500547	Kuniyamuttūr	IN	95924
1620755	Bang Na	TH	95912
1257198	Sardārshahr	IN	95911
1257794	Sāhibganj	IN	95890
1257486	Sānand	IN	95890
12640364	Ash-Shaykh Zāyid	EG	95854
11205476	Tema New Town	GH	95837
1802177	Lubu	CN	95820
3097391	Jastrzębie Zdrój	PL	95813
3838859	리오가예고스	AR	95796
1852472	시마다 시	JP	95719
3520271	Ciudad Río Bravo	MX	95647
1805408	Jinsha	CN	95647
13562335	Psie Pole	PL	95615
1867377	은천	KP	95597
1260387	Paramagudi	IN	95579
3184081	Shkodër	AL	95553
6989891	Zerakpur	IN	95553
3118848	Las Rozas de Madrid	ES	95550
5322053	Yuma	US	95548
1811929	Ducheng	CN	95525
3455051	Paranavaí	BR	95525
3861056	Cipolletti	AR	95524
6822103	가미스 시	JP	95454
320392	부르두르	TR	95436
1795632	Shenjiamen	CN	95433
1854093	오무라 시	JP	95397
7647007	산카를로스데바릴로체	AR	95394
1045114	이냠바느	MZ	95388
3746184	La Habana Vieja	CU	95383
624784	나바폴라츠크	BY	95370
1254385	티루첸고드	IN	95335
3532881	Amozoc de Mota	MX	95322
4931429	브락튼	US	95314
2396657	Owendo	GA	95313
1580093	Hương Thủy	VN	95299
2790869	몽스	BE	95299
2110480	Yotsukaidō	JP	95266
2038274	Boli	CN	95260
2468353	가프사	TN	95242
1789998	Xiaoshan	CN	95234
3717560	Saint-Michel de l'Atalaye	HT	95216
1789030	Xingguo	CN	95211
1732859	Pagoh	MY	95202
2511388	San Fernando	ES	95174
4990510	디어본	US	95171
5794245	페더럴웨이	US	95171
1258744	Closepet	IN	95167
1272045	Emmiganūr	IN	95149
1733782	Labuan	MY	95120
878281	린디	TZ	95096
4394870	Lee's Summit	US	95094
1716388	Daanbantayan	PH	95080
1253437	Vaniyambadi	IN	95061
2757345	Delft	NL	95060
1265891	Kovilpatti	IN	95057
4453066	애슈빌	US	95056
149129	Ushirombo	TZ	95052
89570	Zaxo	IQ	95052
250774	Aqaba	JO	95048
3350246	Catumbela	AO	95034
2621942	프레데릭스베르	DK	95029
986083	Kutloanong	ZA	95008
2346995	Biu	NG	95005
2326302	Olupona	NG	95002
518879	Novogireyevo	RU	95000
513471	Ozerki	RU	95000
8505053	Vostochnoe Degunino	RU	95000
2639192	롬퍼드	GB	95000
7870240	Rawad	TN	94961
3686922	Cereté	CO	94935
2511716	Roquetas de Mar	ES	94925
5811729	스포캔밸리	US	94919
1860098	가누마 시	JP	94903
164947	As Salamīyah	SY	94887
1260290	Parli Vaijnāth	IN	94863
8539621	Bình Minh	VN	94862
2759899	알크마르	NL	94853
2221504	Tiko	CM	94836
2034141	Wuchang	CN	94786
2394560	Djougou	BJ	94773
3471848	Aracruz	BR	94765
788709	레스코바츠	RS	94758
140918	Behshahr	IR	94702
2112823	하나마키 시	JP	94691
2528659	Tiflet	MA	94684
5117549	Fordham	US	94678
358870	Bibā	EG	94677
1852984	산조 시	JP	94642
3437665	Nemby	PY	94641
4999837	리보니아	US	94635
360542	Al Qurayn	EG	94632
1264292	마인푸리	IN	94619
11962387	Jaçanã	BR	94609
1267084	Khāmgaon	IN	94604
13494076	Anusawari	TH	94550
4219934	로즈웰	US	94501
344420	Aksum	ET	94500
1264206	Makrāna	IN	94487
2110498	요네자와 시	JP	94486
3448879	상조앙지우레이	BR	94468
5779334	Orem	US	94457
1278983	Allinagaram	IN	94453
1816821	Bayan Hot	CN	94445
1811844	Dunhou	CN	94445
13607654	Tsentralno-Miskyi	UA	94417
1789289	Ximeicun	CN	94326
13561143	Yuzivskyi	UA	94228
6822111	Azumino	JP	94222
1668467	Daxi	TW	94222
1496511	Novyy Urengoy	RU	94212
1835447	보령시	KR	94191
1674199	이란 시	TW	94188
359576	Awsīm	EG	94174
791646	Gjakovë	XK	94158
1786455	Yishui	CN	94115
882009	Ruwa	ZW	94083
1567723	Sông Cầu	VN	94066
1765769	Pendang	MY	94033
5921719	Chomedey	CA	94030
3455168	Paracatu	BR	94023
4936159	Fall River	US	94000
2270503	Cacém	PT	93982
1270800	Gudiyatham	IN	93973
2647261	Hayes	GB	93928
1784417	Zhongduo	CN	93928
1864985	아시야 시	JP	93922
1272892	Dhār	IN	93917
4274277	로렌스	US	93917
1179061	Gambat	PK	93884
2920789	Gesundbrunnen	DE	93862
1538636	Novoural’sk	RU	93849
4736476	The Woodlands	US	93847
1538635	Zheleznogorsk	RU	93834
13118096	Bandar Kinrara	MY	93822
1811594	Fangcheng	CN	93808
5143620	West Albany	US	93794
13680018	Khương Đình	VN	93780
2688368	노르셰핑	SE	93765
2395049	Bohicon	BJ	93744
1813755	Daotian	CN	93728
5816605	야키마	US	93701
13580317	Kharkivskyi Masyv	UA	93700
1529626	Baijiantan	CN	93697
1785692	Yunnanyi	CN	93671
2033135	Shuangliao	CN	93666
3456998	Mogi Mirim	BR	93650
3459035	Lajeado	BR	93646
3980190	García	MX	93641
4948247	퀸시	US	93618
2508737	Aflou	DZ	93585
1604870	Yala	TH	93558
1714674	디폴로그	PH	93549
99010	Al-Qāsim	IQ	93546
1277044	Baraut	IN	93544
2033149	Zhaoyuan	CN	93505
527191	미추린스크	RU	93499
12534340	Kuala Nerus	MY	93485
2229761	Kribi	CM	93482
3121070	Guadalajara	ES	93470
2934486	뒤렌	DE	93440
3077916	České Budějovice	CZ	93426
356806	Fuwwah	EG	93392
1848499	Yashio	JP	93363
5117378	Flatbush	US	93361
702972	Lysychansk	UA	93340
2473493	모나스티르	TN	93306
2647461	할로	GB	93300
2037930	Dalai	CN	93297
5356576	헤스페리아	US	93295
2332079	Lere	NG	93290
3175081	La Spezia	IT	93288
5334519	카슨	US	93281
3182340	Barletta	IT	93279
282926	Modi‘in Makkabbim Re‘ut	IL	93277
302525	Polatlı	TR	93262
1793315	Tangwu	CN	93260
4148411	보카러톤	US	93235
1805947	Jiayue	CN	93228
7284836	Budapest XVIII. kerület	HU	93225
5393212	샌타모니카	US	93220
1709632	칼리보	PH	93218
3628952	Rubio	VE	93197
6545347	Praga Północ	PL	93192
1268293	Kalyani	IN	93184
2038154	Changping	CN	93174
11612578	Inagi	JP	93151
668872	름니쿠블체아	RO	93151
1854803	오부 시	JP	93123
1246294	갈	LK	93118
952192	Stilfontein	ZA	93110
1272473	Doddaballapura	IN	93105
2754652	Heerlen	NL	93084
1696899	Ozamiz City	PH	93082
2514891	Lorca	ES	93079
3460834	Itajubá	BR	93073
990849	Qonce	ZA	93072
233114	진자	UG	93061
2139521	누메아	NC	93060
2112227	기타카미 시	JP	93045
1325259	Heho	MM	93041
1321275	칼로	MM	93032
13680597	Osnovyanskyi	UA	93000
1621395	Wonosobo	ID	92990
2473540	La Marsa	TN	92987
548605	키네슈마	RU	92983
2239069	Negage	AO	92950
751335	Bafra	TR	92944
1274106	Chīrāla	IN	92942
2318921	Wukari	NG	92933
542374	크라스노고르스크	RU	92932
5392368	샌마코스	US	92931
504003	Pushkin	RU	92889
2647356	헤이스팅스	GB	92855
3546791	Moa	CU	92852
1803841	Lianzhou	CN	92827
2295021	수니아니	GH	92825
3592753	Malacatán	GT	92816
3471291	Avaré	BR	92805
5330413	Boyle Heights	US	92785
2123628	마가단	RU	92782
8534157	Banco Filipino Homes	PH	92752
2504622	Beni Mered	DZ	92749
2338669	Igbo-Ora	NG	92719
3468158	Cajamar	BR	92689
8299617	High Peak	GB	92666
1279094	아코트	IN	92637
1860765	Kaizuka	JP	92632
1633056	Palimanan	ID	92600
1271910	Fatehpur	IN	92595
3392887	Patos	BR	92575
12324243	Yingqiu	CN	92564
4168782	Plantation	US	92560
3098218	그루지옹츠	PL	92552
10265220	Gharroli	IN	92540
151479	Njombe	TZ	92537
2850872	Rahlstedt	DE	92511
1734798	Semenyih	MY	92491
1857766	마이즈루 시	JP	92465
1627957	Selong	ID	92464
3638374	Concepción	VE	92463
4942807	린	US	92457
3832694	Villa María	AR	92453
1150954	Ratchaburi	TH	92448
1632978	Pamekasan	ID	92447
3398691	Gravatá	BR	92429
1884384	Clementi Housing Estate	SG	92420
1852736	사쓰마센다이 시	JP	92403
99369	Al Hārithah	IQ	92395
2928751	Esslingen	DE	92390
2651513	달링턴	GB	92363
304184	물라	TR	92328
1620706	Bang Phlat	TH	92325
2820860	튀빙겐	DE	92322
1632823	Pandeglang	ID	92316
4164143	마이애미비치	US	92312
1258803	Rajpura	IN	92301
1812621	Dongcun	CN	92282
3462986	Lucas do Rio Verde	BR	92256
1213855	Sibolga	ID	92244
3387786	Serra Talhada	BR	92228
11611626	Sakai	JP	92210
7260806	Arden-Arcade	US	92186
11962410	Vila Formosa	BR	92186
1632334	Pariaman	ID	92183
1639215	Kudus	ID	92156
1277557	Ballarpur	IN	92146
1166827	Rohri	PK	92135
5408406	Westminster	US	92114
3183299	Alessandria	IT	92104
3347853	Longonjo	AO	92103
5579276	롱먼트	US	92088
2300372	Hohoe	GH	92076
1011031	Delmas	ZA	92046
8740209	Nasinu	FJ	92043
3685084	Duitama	CO	92040
1840982	Muan	KR	92009
1813828	Danjiangkou	CN	92008
1265973	Kot Kapūra	IN	91979
3981984	Tepatitlán de Morelos	MX	91959
8403618	Bai’anba	CN	91947
1175560	Kabirwala	PK	91932
315530	Erciş	TR	91915
571170	Bugulma	RU	91900
7799998	El Shorouk	EG	91899
3167096	Sassari	IT	91895
157403	Kilosa	TZ	91889
3457952	Manhuaçu	BR	91886
1276191	Bhandāra	IN	91845
1647298	Caringin	ID	91845
5392952	샌타바버라	US	91842
3445847	Ubatuba	BR	91824
2895669	이절론	DE	91811
2807363	비텐	DE	91808
6822209	닛신 시	JP	91795
6822162	Higashi-Matsuyama	JP	91791
1047660	Cuamba	MZ	91780
2636940	스테버니지	GB	91774
3448902	São João da Boa Vista	BR	91771
6104111	피커링	CA	91771
12991858	Cidade Ocidental	BR	91767
1784310	Zhongshu	CN	91750
601594	투르크멘바시	TM	91745
2637343	사우스포트	GB	91703
1806960	Huazhou	CN	91701
1569901	Phú Thọ	VN	91650
2850174	라팅엔	DE	91606
3346661	Porto Amboim	AO	91605
96961	Soran	IQ	91589
5570160	레딩	US	91582
1788944	Xingren	CN	91579
3531576	Cárdenas	MX	91558
1000501	그레이엄스타운	ZA	91548
1727401	Banga	PH	91536
1802476	Longquan	CN	91534
736083	Kalamariá	GR	91518
1786855	Yatou	CN	91517
12324474	Tanfang	CN	91460
743952	카르스	TR	91450
3454763	Patrocínio	BR	91449
2036075	Lingyuan	CN	91418
1685230	Surallah	PH	91412
211647	Lodja	CD	91409
588335	타르투	EE	91407
1691280	Sablayan	PH	91406
10265190	Molārband	IN	91402
3841490	Pergamino	AR	91399
2873263	Marl	DE	91398
1277940	Bagaha	IN	91383
4207400	메이컨	US	91351
1591493	Bạch Mai	VN	91308
2300068	Jirapa	GH	91279
1258291	Rayachoti	IN	91234
3471393	Arujá	BR	91157
360773	Al Minshāh	EG	91149
6822199	다이센 시	JP	91143
175555	Nakonde	ZM	91107
1019704	Bethlehem	ZA	91075
303827	니데	TR	91039
6087701	뉴마켓	CA	91034
2875107	뤼넨	DE	91009
536398	Lefortovo	RU	91000
530088	Yaroslavskiy	RU	91000
2160517	론서스턴	AU	90953
1002851	Ga-Rankuwa	ZA	90945
1810309	Gaoyou	CN	90911
1172663	Kunjah	PK	90905
741855	Lüleburgaz	TR	90899
1307741	미치나	MM	90894
10375044	Lqoliaa	MA	90890
1327659	Chauk	MM	90870
1785777	위린 시	CN	90870
361473	Al Badrashayn	EG	90833
893697	Chinhoyi	ZW	90800
1655199	Thakhèk	LA	90800
1897122	남양주시	KR	90798
78428	‘Amrān	YE	90792
6822125	Imizu	JP	90742
5600685	머리디언	US	90739
5392263	샌리앤드로	US	90712
1337249	Kishorganj	BD	90690
3466988	Caratinga	BR	90687
11002530	Mtwapa	KE	90677
2343299	Emure-Ekiti	NG	90645
1808879	Hanting	CN	90637
13561142	Bohodukhivskyi	UA	90600
1216982	Kattaqo’rg’on Shahri	UZ	90600
4469160	Greenville	US	90597
3074967	흐라데츠크랄로베	CZ	90596
1792592	Tongren	CN	90593
3448011	Saquarema	BR	90583
737961	Körfez	TR	90580
1857334	미하라 시	JP	90573
749748	Çankırı	TR	90564
135175	Eslāmābād-e Gharb	IR	90559
2653228	체스터	GB	90524
6659981	Moḩammadīyeh	IR	90513
3590858	Retalhuleu	GT	90505
3407243	Araripina	BR	90504
6085772	나나이모	CA	90504
325579	Ziway	ET	90500
2185018	파머스턴노스	NZ	90500
537737	Kuznetsk	RU	90480
1623197	Tual	ID	90470
3674470	Montelíbano	CO	90450
1789462	Xihe	CN	90422
1513966	굴리스탄	UZ	90398
3628066	San Juan Bautista	VE	90387
3063548	Ústí nad Labem	CZ	90378
3349229	Cubal	AO	90367
1268707	Kadayanallur	IN	90364
1607542	Phra Khanong	TH	90354
1253472	Valparai	IN	90353
886763	Masvingo	ZW	90286
362277	Abū Qurqāş	EG	90266
1811829	Duobao	CN	90257
548395	키로보체페츠크	RU	90252
1510350	베르츠크	RU	90250
2459775	Bougouni	ML	90234
941966	Bela Bela	ZA	90210
728203	플레벤	BG	90209
3429594	Reconquista	AR	90184
2704620	Huddinge	SE	90182
1259440	Pollachi	IN	90180
11179544	Daharki	PK	90177
1794140	Sishui	CN	90175
1692747	프로스페리다드	PH	90162
2497849	El Khroub	DZ	90122
1731744	Alabel	PH	90120
178443	Wajir	KE	90116
1737919	Marudi	MY	90100
2186239	뉴플리머스	NZ	90100
1267394	Kāvali	IN	90099
4535740	에드먼드	US	90092
2634549	웸블리	GB	90045
5882799	에어드리	CA	90044
3428067	San Vicente	AR	90021
684039	Botoşani	RO	90010
10570	Alvand	IR	90000
7768322	Cafunfo	AO	90000
3350123	Cela	AO	90000
13118424	Dubai Silicon Oasis	AE	90000
1810668	Gantang	CN	90000
5989117	Kanata	CA	90000
7860624	Quissecula	AO	90000
1258099	Roha	IN	90000
5112540	차이나타운	US	90000
1801876	Luomen	CN	89998
3570675	포르드프랑스	MQ	89995
3183089	Ancona	IT	89994
2337148	Isieke	NG	89990
1807695	Huaidian	CN	89978
1263936	Mancherial	IN	89935
1179790	Dinga	PK	89922
1875060	Kwail-ŭp	KP	89895
11962418	Ponte Rasa	BR	89881
1308937	Mogok	MM	89855
5601933	Nampa	US	89839
7026889	Saphan Sung	TH	89825
1229989	Point Pedro	LK	89810
341297	Butajīra	ET	89800
3035681	아비뇽	FR	89769
561887	가치나	RU	89761
1817456	Baisha	CN	89759
2648182	그레이스	GB	89755
2469140	Msaken	TN	89745
3460723	Itapeva	BR	89728
3842670	Olavarría	AR	89721
878058	Masasi	TZ	89700
3147465	Lillestrøm	NO	89684
3468551	Cáceres	BR	89681
1720464	Calauan	PH	89670
11664565	Avaniyāpuram	IN	89635
1303406	Nyaunglebin	MM	89626
5105496	트렌턴	US	89620
6822117	고카 시	JP	89619
13589382	Sangyoung	MM	89618
1800599	Miaohang	CN	89615
2159045	Maitland	AU	89597
5781070	Sandy Hills	US	89575
11962386	Aricanduva	BR	89574
1262453	Murādnagar	IN	89482
2145936	Tuggeranong	AU	89461
1278553	Ankleshwar	IN	89457
13607971	Circoiscrizione VII	IT	89448
2037375	Fujin	CN	89442
1268673	Kadiri	IN	89429
3619136	그라나다	NI	89409
256429	Níkaia	GR	89380
1567043	Tân Bình	VN	89373
213666	Katwa	CD	89352
208182	Mulongo	CD	89340
7284894	Marseille 13	FR	89316
147622	Lankaran	AZ	89300
1807687	Huaicheng	CN	89294
1256739	Shahdol	IN	89289
11184435	Shrirampur	IN	89282
1841775	Kwangyang	KR	89281
143921	Alīgūdarz	IR	89268
2039589	Ŭndŏk	KP	89244
2470384	Houmt Souk	TN	89228
3720824	Miragoâne	HT	89202
2920512	기센	DE	89179
1693136	Polangui	PH	89176
1844174	Hongseong	KR	89174
1264359	Mahobā	IN	89170
6534228	Guidonia Montecelio	IT	89165
1800544	Micheng	CN	89144
3458425	Lorena	BR	89125
1308415	무둠	MM	89123
1802068	Lucheng	CN	89119
1808744	Hede	CN	89107
126409	Kūhdasht	IR	89091
8397870	Chengxiang	CN	89080
3664464	Cruzeiro do Sul	BR	89072
358726	Biyalā	EG	89068
2647428	Harrogate	GB	89060
1650232	Banjar	ID	89040
6414184	Bibir Hat	BD	89030
1056899	삼바바	MG	89003
541406	Biryulëvo Zapadnoye	RU	89000
13680600	Kholodna Hora	UA	89000
303750	Nusaybin	TR	88977
1646893	Cicurug	ID	88965
8419425	Nandajie	CN	88948
1804162	Lengshuitan	CN	88935
2010985	Kartasura	ID	88927
1720793	Calabanga	PH	88918
1296736	Shwebo	MM	88914
11468270	Iga	JP	88895
11962420	Sao Domingos	BR	88884
2510693	Talavera de la Reina	ES	88856
2647400	Hartlepool	GB	88855
747471	Ereğli	TR	88848
3682274	Fusagasugá	CO	88820
1701872	Mangaldan	PH	88818
4945283	뉴턴	US	88817
2641157	Nuneaton	GB	88813
4504476	톰스리버	US	88791
1258686	Rāmgarh	IN	88781
1185209	Habiganj	BD	88760
2034221	Wangqing	CN	88732
7284843	Budapest II. kerület	HU	88729
3839479	Rafaela	AR	88713
4255466	카멀	US	88713
1789691	Xiazhuang	CN	88710
1344069	Contai	IN	88702
7026817	Khan Na Yao	TH	88678
2911007	Hanau am Main	DE	88648
3910027	몬테로	BO	88616
1257402	Sangrūr	IN	88615
1812138	Dongxing	CN	88607
3943423	Chosica	PE	88606
1733331	Val Dor	MY	88600
12023195	Campo di Marte	IT	88588
2447938	Alaghsas	NE	88561
1163414	Thul	PK	88554
6949575	Centro	ES	88546
1281189	Gengqing	CN	88542
3068582	파르두비체	CZ	88520
1803402	Linjiacun	CN	88509
8403611	Zhoujiaba	CN	88494
3406317	Barra do Corda	BR	88492
4839822	노워크	US	88485
4915734	워키건	US	88475
4153146	Deltona	US	88474
1850892	다카야마 시	JP	88473
3436040	Berisso	AR	88470
11838435	La Haute-Saint-Charles	CA	88460
1808133	Honghe	CN	88458
5355828	호손	US	88451
1037125	Montepuez	MZ	88442
1261288	Nirmal	IN	88433
418838	Fūlād Shahr	IR	88426
109953	바하	SA	88419
1863945	후쿠로이 시	JP	88395
1283095	Bhimdatta	NP	88381
1639925	Klangenan	ID	88378
2518207	엘푸에르토데산타마리아	ES	88364
2111855	모바라 시	JP	88330
2472479	벤아루스	TN	88322
3390907	Quixadá	BR	88321
3686279	Ciénaga	CO	88311
2473626	Le Kram	TN	88302
2190224	헤이스팅스	NZ	88300
3526357	Heroica Ciudad de Juchitán de Zaragoza	MX	88280
2338876	Ifo	NG	88272
1817294	Baixi	CN	88251
4111410	Fort Smith	US	88194
1273265	디오반드	IN	88171
6090785	노스밴쿠버	CA	88168
4788158	서퍽	US	88161
4734825	슈거랜드	US	88156
5367440	리버모어	US	88126
1803753	Lidu	CN	88124
306112	Kozan	TR	88115
1261470	Neyyāttinkara	IN	88104
1255024	Tāndā	IN	88073
1728772	Bais	PH	88050
933331	Mogoditshane	BW	88004
11124382	Nowshera Kalan	PK	88003
1295087	Taikkyi	MM	88000
498525	사로프	RU	88000
1730225	Arayat	PH	87987
5090046	내슈아	US	87970
1785566	Yuzhou	CN	87961
119161	Qorveh	IR	87953
349715	Samannūd	EG	87921
1665491	잉거구	TW	87920
225964	Wakiso	UG	87900
1784450	Gusong	CN	87882
2315579	Idiofa	CD	87882
13353619	Kolar	IN	87882
296562	요즈가트	TR	87881
172374	Al-Tabqa	SY	87880
5207728	레딩	US	87879
1268775	Jhumri Telaiya	IN	87867
2639557	레디치	GB	87847
1685218	수리가오	PH	87832
3454054	Perus	BR	87823
161616	발카나바트	TM	87822
466885	예이스크	RU	87814
1684553	타가이타이	PH	87811
2042255	Ŏrang	KP	87757
4562635	Arecibo	PR	87754
1808977	Hanchuan	CN	87737
1278340	Aruppukkottai	IN	87722
11611486	Takasago	JP	87722
1635815	Maumere	ID	87720
570427	부줄루크	RU	87714
1715542	다피탄	PH	87699
4461574	Concord	US	87696
1271949	Farīdkot	IN	87695
1792795	Tiefu	CN	87689
1704271	Maco	PH	87680
3872395	San Antonio	CL	87675
2817724	Velbert	DE	87669
373141	Kadugli	SD	87666
1797535	Qiongshan	CN	87657
1264588	Madgaon	IN	87650
202217	기타라마	RW	87613
2875392	Ludwigsburg	DE	87603
1790471	샹샹 시	CN	87592
1812981	Deqing	CN	87576
3461724	Gurupi	BR	87545
5359446	인디오	US	87533
7839240	Enchanted Hills	US	87521
5487811	Rio Rancho	US	87521
2529649	Taroudant	MA	87520
13607659	Shevchenkivskyi	UA	87516
3853354	Junín	AR	87509
5490263	산타페	US	87505
5781061	Sandy	US	87461
1787925	Xujiang	CN	87459
1852643	Settsu	JP	87456
1621399	Wonosari	ID	87454
302819	Patnos	TR	87451
5409059	휘티어	US	87438
11520178	Velampālaiyam	IN	87427
1564956	Thượng Cát	VN	87406
2472431	Ben Gardane	TN	87404
1727043	Bantayan	PH	87394
1105776	Midrand	ZA	87387
2490584	Maghnia	DZ	87373
5111412	Canarsie	US	87366
1269291	Jamūī	IN	87357
585103	Qaraçuxur	AZ	87349
625625	Maladziečna	BY	87339
1881919	Bishan New Town	SG	87320
262036	Glyfáda	GR	87305
13580119	Lisovyi Masyv	UA	87300
2338630	Igede-Ekiti	NG	87282
5799841	커클랜드	US	87281
1644932	Ende	ID	87269
2035746	Mishan	CN	87257
2693678	룬드	SE	87244
2035601	Nenjiang	CN	87236
2537545	Sefrou	MA	87234
1278573	Anjār	IN	87183
5372205	Menifee	US	87174
3124569	Cornellà de Llobregat	ES	87173
2648997	풀럼	GB	87161
2643734	Londonderry County Borough	GB	87153
1260390	Paralakhemundi	IN	87152
2360073	Houndé	BF	87151
3181528	Brindisi	IT	87141
5376890	Newport Beach	US	87127
5403191	Tracy	US	87075
380129	Ad Douiem	SD	87068
5337561	Citrus Heights	US	87056
884141	Norton	ZW	87039
5713587	Bend	US	87014
147611	Lerik	AZ	87000
558146	굽킨	RU	87000
2280045	Vavoua	CI	86977
12214081	Brigittenau	AT	86967
2343985	Effium	NG	86945
1268988	Jharia	IN	86938
8858085	Hacienda Santa Fe	MX	86935
212360	Kongolo	CD	86932
1601579	Ban Mai	TH	86899
8656396	Sơn Trà	VN	86890
1280574	Menglang	CN	86877
3836620	산라몬데라누에바오란	AR	86867
110325	Ad Dawādimī	SA	86861
3435810	Campana	AR	86860
13546320	Montréal-Nord	CA	86857
981827	Louis Trichardt	ZA	86854
1267887	Kāraikāl	IN	86838
4987990	Canton	US	86825
4563008	Caguas	PR	86804
1268205	Kāmthi	IN	86793
4161785	Lehigh Acres	US	86784
1270417	Hānsi	IN	86770
5119347	Greenburgh	US	86764
2296458	Kasoa	GH	86753
1794825	Shizilu	CN	86749
1250161	Batticaloa	LK	86742
3036572	아니에르쉬르센	FR	86742
2990970	낭테르	FR	86719
2300721	Gbawe	GH	86718
3666640	Tumaco	CO	86713
569742	Chaykovskiy	RU	86712
1607055	Rat Burana	TH	86695
3532592	Atlixco	MX	86690
6694367	Brno střed	CZ	86685
2795011	익셀	BE	86671
1263247	Mayiladuthurai	IN	86660
13546532	Podilskyi	UA	86652
1806271	Jiangshan	CN	86642
3887781	우알펜	CL	86639
3521912	Paraiso	MX	86632
1562570	Vĩnh Tuy	VN	86618
1863528	Gotemba	JP	86614
362865	Abū an Numrus	EG	86601
1648451	Bojonegoro	ID	86568
1784929	Zhaogezhuang	CN	86555
2510409	톨레도	ES	86526
285815	Al Farwānīyah	KW	86525
1278688	Anakapalle	IN	86519
1680007	Victorias	PH	86510
1863293	Hamakita	JP	86502
3650472	툴칸	EC	86498
2339150	Idanre	NG	86468
3689798	Apartadó	CO	86438
5018739	블루밍턴	US	86435
4916118	West Town	US	86429
1818019	Anlong	CN	86416
1684497	Tagbilaran City	PH	86411
1670310	푸리진	TW	86406
3456370	Navegantes	BR	86401
4356050	Germantown	US	86395
6822208	Kitanagoya	JP	86385
13546318	Le Sud-Ouest	CA	86347
1863482	교다 시	JP	86343
5096699	클리프턴	US	86334
3058531	니트라	SK	86329
1671971	Miaoli	TW	86327
1280281	Qamdo	CN	86280
1586519	Cái Răng	VN	86278
7473443	Kampung Manjoi	MY	86266
3020686	됭케르크	FR	86263
1650298	Bangkalan	ID	86250
3686636	Chigorodó	CO	86239
2005237	Kasihan	ID	86234
3901742	비아차	BO	86218
9972727	Maduravoyal	IN	86195
355648	Ibshawāy	EG	86186
1859908	가시와자키 시	JP	86183
6543974	Lyon 08	FR	86154
10209444	Sārni	IN	86141
2647878	그림즈비	GB	86138
1800088	Nanfeng	CN	86129
11611659	Ama	JP	86126
2653883	캐넉	GB	86121
5024719	덜루스	US	86110
6076211	멍크턴	CA	86106
226554	Rutoma	UG	86100
4887158	섐페인	US	86096
251833	Volos	GR	86048
1871537	삼천	KP	86042
2277060	Gbarnga	LR	86031
2324767	Potiskum	NG	86002
8475866	Ar Rumaylah	AE	86000
579870	Babushkin	RU	86000
535330	Lianozovo	RU	86000
113514	Tajrīsh	IR	86000
787595	노비파자르	RS	85996
2513947	멜리야	ES	85985
1273369	Dausa	IN	85960
1760605	Kepong	MY	85960
2986495	푸아티에	FR	85960
2334652	Keffi	NG	85911
3664539	Coari	BR	85910
2964180	Galway	IE	85910
1880744	Bukit Timah	SG	85900
2014022	Usol’ye-Sibirskoye	RU	85900
3925212	Cacoal	BR	85893
2878018	Lichterfelde	DE	85885
596128	파네베지스	LT	85885
8403614	Zhonggulou	CN	85873
1260393	Parādīp Garh	IN	85868
997151	Heidelberg	ZA	85858
2331158	Makoko	NG	85840
2926271	플렌스부르크	DE	85838
11778484	룽난 시	CN	85826
6101645	피터버러	CA	85807
11962383	Agua Rasa	BR	85788
2111258	류가사키 시	JP	85761
3165201	Treviso	IT	85760
2036933	Helong	CN	85756
4903360	Near North Side	US	85711
3982213	Tecomán	MX	85689
3876685	Peñaflor	CL	85671
11238229	Obruchevo	RU	85616
344797	Adwa	ET	85600
3464008	Esmeraldas	BR	85598
5336537	치노	US	85595
3689718	아라우카	CO	85585
2498543	El Bayadh	DZ	85577
700646	Mukachevo	UA	85569
7496732	Krasnaya Glinka	RU	85566
6318107	Redenção	BR	85563
2110506	Yokote	JP	85555
5323060	Alhambra	US	85551
8504964	Svetlanovskiy	RU	85508
1650319	Bangil	ID	85504
13680014	Định Công	VN	85502
1800107	Nanding	CN	85495
2437732	Birni N Konni	NE	85494
1856569	Moriyama	JP	85485
5779206	오그던	US	85444
8616016	Sóc Sơn	VN	85431
1315056	Lakang	MM	85423
2969679	베르사유	FR	85416
1809263	Guozhen	CN	85415
697302	Voznesenskyi	UA	85399
3140321	Sandnes	NO	85386
8057551	Khalifah A City	AE	85374
101554	Tārūt	SA	85371
3523908	Los Reyes Acaquilpan	MX	85359
933366	마운	BW	85350
3449715	Santo Amaro	BR	85349
3165456	Torre del Greco	IT	85332
88903	Al Marj	LY	85315
3174741	Lido di Ostia	IT	85301
5386834	레드우드시티	US	85288
1852775	Sekimachi	JP	85283
1812988	Dengzhou	CN	85279
2813472	Wedding	DE	85275
8535197	Mehestan	IR	85200
468250	Yegor’yevsk	RU	85200
3398904	Goiana	BR	85160
3023141	쿠르브부아	FR	85158
5786899	벨링햄	US	85146
1797333	취푸 시	CN	85144
2549263	에사우이라	MA	85137
2406407	마케니	SL	85116
2129870	이와미자와 시	JP	85107
1270072	힝골리	IN	85103
1581834	Gia Nghĩa	VN	85082
1699088	Muñoz	PH	85061
3430595	Monte Chingolo	AR	85060
4401242	O'Fallon	US	85040
3931470	푸에르토말도나도	PE	85024
3389609	Santa Inês	BR	85014
12514620	Damansara Damai	MY	85000
13118447	Mohammed Bin Zayed City	AE	85000
11428685	Rukban	JO	85000
1626887	Sintang	ID	85000
148942	Vwawa	TZ	85000
6119518	Repentigny	CA	84965
3724696	Gonaïves	HT	84961
3445764	Unaí	BR	84930
3461973	Guanambi	BR	84928
7026897	Sathon	TH	84916
1276829	Bāruni	IN	84888
4067994	Hoover	US	84848
3022530	크레테유	FR	84833
1269092	Jeypore	IN	84830
6544881	Amsterdam-Zuidoost	NL	84811
3178229	Como	IT	84808
256601	Ílion	GR	84793
1337245	Madaripur	BD	84789
3528756	Ciudad Mante	MX	84787
705135	Konotop	UA	84787
3461444	Ijuí	BR	84780
3454818	Pato Branco	BR	84779
3440781	리베라	UY	84775
11612580	Komae	JP	84772
1280757	Laojunmiao	CN	84769
2939811	콧부스	DE	84754
3515011	Túxpam de Rodríguez Cano	MX	84750
3447785	Seropédica	BR	84737
3895138	치과얀테	CL	84718
2343252	Epe	NG	84711
2518494	El Ejido	ES	84710
1855757	나카쓰 시	JP	84701
410366	Al-Manākh	EG	84679
4163971	Melbourne	US	84678
2342192	Gamboru	NG	84672
1583477	디엔비엔푸	VN	84672
3815415	Tlaxcala	MX	84670
8201275	Hawr al ‘Anz	AE	84661
324698	아크히사르	TR	84659
4832353	댄베리	US	84657
1626099	Sumenep	ID	84656
2110629	우시쿠 시	JP	84651
1240935	Katunayaka	LK	84643
1832384	영주	KR	84625
1893595	Dacheng	CN	84620
1800629	Mianyang	CN	84606
1275679	Bijnor	IN	84593
1683088	Tanjay	PH	84593
2638867	세인트올번스	GB	84561
2548818	Fnidek	MA	84558
1272720	Dhoraji	IN	84545
4833505	East Norwalk	US	84530
13308376	Gununo	ET	84510
343593	Āreka	ET	84500
4688275	Edinburg	US	84497
11522311	Vīrappanchathiram	IN	84453
4174402	선라이즈	US	84439
3520064	Salina Cruz	MX	84438
1007400	Dundee	ZA	84413
11962382	Carrao	BR	84397
2808720	빌헬름스하펜	DE	84393
350422	Qūş	EG	84386
763534	노비송치	PL	84376
2327827	Ogaminana	NG	84373
324859	Akçapınar	TR	84366
2473457	카세린	TN	84365
6822211	지타 시	JP	84364
1528121	카라콜	KG	84351
965241	Piet Retief	ZA	84349
2159220	매카이	AU	84333
1813088	Dazhong	CN	84323
13132712	Ettadhamen	TN	84312
665850	수체아바	RO	84308
4004885	Heróica Zitácuaro	MX	84307
1803822	Liaolan	CN	84306
1277661	Bālāghāt	IN	84261
3902377	트리니다드	BO	84259
965401	Phuthaditjhaba	ZA	84258
749274	Çerkezköy	TR	84234
1805334	Jinxiang	CN	84231
1485724	Yurga	RU	84220
2449067	팀북투	ML	84208
13580098	Voskresenka	UA	84200
2906809	Hellersdorf	DE	84103
12324303	Dongxia	CN	84083
935214	Saint-Pierre	RE	84077
2294727	Techiman	GH	84074
4254679	블루밍턴	US	84067
535729	Komendantsky aerodrom	RU	84052
3405812	Belo Jardim	BR	84033
1763999	Kampung Sungai Kajang	MY	84031
1185224	Feni	BD	84028
1253956	Udhampur	IN	84015
1833466	완주	KR	84009
1262109	Najībābād	IN	84006
1907300	Wako	JP	83989
1724933	Binonga	PH	83980
2848756	Reinickendorf	DE	83972
1813032	Degan	CN	83950
1790392	Xiannü	CN	83936
13562246	Bāghestān	IR	83934
11611642	Ayase	JP	83913
11461652	Idaiyarpālaiyam	IN	83908
6822136	히가시야마토 시	JP	83901
4888015	시서로	US	83886
2031964	Darhan	MN	83883
3020216	Paris 10 Entrepôt	FR	83873
1786515	Yinma	CN	83872
5356277	Hemet	US	83861
2519513	Chiclana de la Frontera	ES	83831
3466174	Cianorte	BR	83816
3392054	Pinheiro	BR	83777
3994489	Ocotlán	MX	83769
3156529	Fredrikstad	NO	83761
727079	슬리벤	BG	83740
7615262	Jardim Paulista	BR	83667
2637329	사우스실즈	GB	83655
2643736	데리	GB	83652
2754064	Hilversum	NL	83640
2036081	Lingdong	CN	83636
1799574	Nanzhang Chengguanzhen	CN	83604
2494610	Hamma Bouziane	DZ	83603
360615	Al Qanāţir al Khayrīyah	EG	83568
5392528	샌피드로	US	83556
13680015	Đông Ngạc	VN	83544
5552450	Ahwatukee Foothills	US	83464
12808653	Paris 10e Arrondissement	FR	83459
12750521	Kisilevsk	RU	83431
3181355	Busto Arsizio	IT	83405
2212771	Şabrātah	LY	83398
1832830	양평	KR	83367
3459796	João Monlevade	BR	83360
1912205	Ungsang	KR	83360
354365	Kafr az Zayyāt	EG	83348
6331909	존스크릭	US	83335
4000821	La Piedad de Cabadas	MX	83323
4711725	Mission	US	83298
11611477	Yamatokōriyama	JP	83285
5012639	트로이	US	83280
3449350	São Bento do Sul	BR	83277
1700917	Marilao	PH	83276
5331575	Buena Park	US	83270
1787837	Xucheng	CN	83267
2338497	Ihiala	NG	83265
1270349	Harihar	IN	83219
10265161	Chilla Soroda Bāngar	IN	83217
913029	Kapiri Mposhi	ZM	83211
3402721	Carpina	BR	83205
1179223	Fort Abbas	PK	83192
1256039	Sirsilla	IN	83186
3394661	Moju	BR	83182
6362987	Ceuta	ES	83179
1870277	신원읍	KP	83161
640999	포리	FI	83157
6698269	Owariasahi	JP	83144
1636125	Margahayukencana	ID	83119
1529088	Wensu	CN	83110
360923	Al Khārjah	EG	83108
12640357	Al-Khārijah	EG	83108
1723066	Bulacan	PH	83101
3628142	San José de Guanipa	VE	83092
3392167	피쿠스	BR	83090
7424125	Amakusa	JP	83082
11612457	Echizen	JP	83078
1907307	기미쓰 시	JP	83058
1644605	Galesong	ID	83050
240604	Bambari	CF	83029
3430861	Mar del Tuyú	AR	83016
1808747	Hecun	CN	83009
1690033	산페르난도	PH	83003
8125829	Kamigyō-ku	JP	83000
13157343	Mid-City	US	83000
356000	Ḩawsh ‘Īsá	EG	82999
1799348	Ningyang	CN	82994
2291580	Bingerville	CI	82983
189280	Lodwar	KE	82970
1267819	Karauli	IN	82960
1263622	Mānsa	IN	82956
2785123	위클	BE	82929
723819	Prešov	SK	82927
3711668	다비드	PA	82907
1805379	Jinshi	CN	82906
2634308	웨스턴슈퍼메어	GB	82903
4167538	Palm Coast	US	82893
1786060	Yuanping	CN	82883
2871039	Minden	DE	82879
6325485	Charlesbourg	CA	82870
3489460	몬테고베이	JM	82867
789107	크랄레보	RS	82846
2862026	Norderstedt	DE	82844
4110486	페이엣빌	US	82830
4876523	수시티	US	82821
3901178	Yacuiba	BO	82803
3113209	Pontevedra	ES	82802
201830	Muhanga	RW	82797
114930	Shīrvān	IR	82790
13308287	Marj Al Hamam	JO	82788
12432965	Sobradinho II	BR	82785
763442	Ochota	PL	82774
3075921	하비르조프	CZ	82768
3628966	La Villa del Rosario	VE	82766
11612345	Shikokuchūō	JP	82754
3370352	Atlantis	ZA	82736
1817884	Aoxi	CN	82717
1813033	Liping	CN	82710
2988358	Pau	FR	82697
206047	Rutshuru	CD	82680
2430506	Kelo	TD	82677
1594436	An Hải	VN	82635
2533191	Sidi Kacem	MA	82632
3130380	Algorta	ES	82624
2647632	핼리팩스	GB	82624
2510253	Torrevieja	ES	82599
1815585	Changqing	CN	82598
3460344	Jacobina	BR	82590
1703051	Malapatan	PH	82577
6543973	Lyon 07	FR	82573
3465090	Cruzeiro	BR	82571
12277235	Dali Old Town	CN	82566
1882056	Sinhyeon	KR	82560
1789118	Xindian	CN	82555
3836992	San Martín	AR	82549
1269247	Jangipur	IN	82548
6138369	Saint-Hubert	CA	82548
3348774	Ecunna	AO	82541
304081	무슈	TR	82536
13132711	Douar Hicher	TN	82532
1511494	안제로수젠스크	RU	82526
1786676	Yima	CN	82509
13631338	Sahand	IR	82494
5364514	레이크포리스트	US	82492
3407216	Arcoverde	BR	82487
1798182	Qiaoguan	CN	82467
728330	페르니크	BG	82467
209598	Manono	CD	82465
5372253	머세드	US	82436
352344	Minyat an Naşr	EG	82429
3110834	Sant Boi de Llobregat	ES	82428
3112989	포수엘로데알라르콘	ES	82428
161290	바가모요	TZ	82426
1732945	Cukai	MY	82425
1732680	Parit Sulung	MY	82399
1800065	Nangong	CN	82386
2228079	Mbalmayo	CM	82384
3670475	Sabaneta	CO	82375
7614952	Limão	BR	82373
1801722	뤼순	CN	82345
1489246	Troitsk	RU	82338
248370	Mādabā	JO	82335
352628	Maţāy	EG	82328
2754394	Hengelo	NL	82311
12047417	Reef Al Fujairah City	AE	82310
303798	Nizip	TR	82308
1608527	나콘사완	TH	82305
3024266	콜롱브	FR	82300
1185183	Lākshām	BD	82290
4707814	롱뷰	US	82287
6544101	Les Corts	ES	82270
10733738	Gobindgarh	IN	82266
1024696	Dondo	MZ	82260
6065686	메이플리지	CA	82256
3687952	Caldas	CO	82234
1863451	오미하치만 시	JP	82233
7284826	Budapest VIII. kerület	HU	82222
1651103	Atambua	ID	82196
1549817	Anguo	CN	82181
3390901	Quixeramobim	BR	82177
747155	Fatsa	TR	82160
3446065	Três Rios	BR	82142
580054	아조프	RU	82133
1696614	Pagbilao	PH	82132
4677008	브라이언	US	82118
2337352	Ipoti	NG	82113
1850693	Tanashichō	JP	82112
1794947	Shiwan	CN	82031
2650209	Edmonton	GB	82000
5014681	웨스틀랜드	US	82000
1185207	Ishwardi	BD	81995
2636276	Tamworth	GB	81964
1706361	Limay	PH	81960
2302821	볼가탕가	GH	81958
1808103	Donghe	CN	81953
2648272	Gosport	GB	81952
3679277	La Dorada	CO	81950
935582	Le Tampon	RE	81943
1167031	라투데로	PK	81935
11626023	Saunda	IN	81915
11612343	Akiruno	JP	81912
12165736	Breña	PE	81909
10227137	Moema	BR	81899
3840300	Presidencia Roque Sáenz Peña	AR	81879
13494723	Maraimalainagar	IN	81872
1786042	Huaiyang	CN	81861
3124408	Coslada	ES	81860
1278297	Ashoknagar	IN	81828
103369	Qal‘at Bīshah	SA	81828
3166598	Sesto San Giovanni	IT	81822
3396048	Macaíba	BR	81821
1841810	광주시	KR	81780
2293268	Agboville	CI	81770
2817220	Villingen-Schwenningen	DE	81770
551847	카스피스크	RU	81752
2478216	타만라세트	DZ	81752
3174530	Lucca	IT	81748
220121	Babamba	CD	81740
13156931	Phulwari Sharif	IN	81740
1793364	Tangping	CN	81729
108435	알 라스	SA	81728
1263080	Mhow	IN	81702
5225507	워릭	US	81699
751057	바르틴	TR	81692
2659811	루체른	CH	81691
288789	Barkā’	OM	81647
360928	Al Khānkah	EG	81646
213940	Kasongo	CD	81629
5364855	레이크우드	US	81611
2230876	Guider	CM	81608
117656	Salmās	IR	81606
1594402	An Khê	VN	81600
325780	Yirga ‘Alem	ET	81600
122698	Naqadeh	IR	81598
3448257	São Sebastião	BR	81595
9075170	Būr Fu’ād	EG	81591
3446445	Timóteo	BR	81579
2638324	스컨소프	GB	81576
2527089	Tiznit	MA	81569
1634680	Muntilan	ID	81555
3441243	파이산두	UY	81550
690688	우만	UA	81525
3393400	Pacatuba	BR	81524
1604792	Yan Nawa	TH	81521
3429582	Remedios de Escalada de San Martín	AR	81465
6325478	Beauport	CA	81425
1785964	Yudong	CN	81408
1264138	Malout	IN	81406
1268680	Kadi	IN	81404
2316259	Bulungu	CD	81393
1525798	Balqash	KZ	81364
4565119	Guaynabo	PR	81360
4992523	파밍턴힐스	US	81330
1188569	Sarishābāri	BD	81325
1179331	Fatehjang	PK	81321
7310164	San Tan Valley	US	81321
4588165	Mount Pleasant	US	81317
200787	Athi River	KE	81302
3459138	Lagoa Santa	BR	81299
1707812	Lambayong	PH	81288
2885679	콘스탄츠	DE	81275
1850559	다테바야시 시	JP	81274
207596	Mweka	CD	81267
3095321	코닌	PL	81258
1840379	Nangen	KR	81257
1815617	Changning	CN	81248
13157141	Vijalpor	IN	81245
3169984	Pozzuoli	IT	81231
668954	Reşiţa	RO	81228
3056508	질리나	SK	81219
1260792	Palakollu	IN	81199
215668	Kabalo	CD	81191
209000	Baudhuinville	CD	81181
1836553	속초	KR	81164
1788269	Xiugu	CN	81153
1270099	Himatnagar	IN	81137
2332357	Lalupon	NG	81130
3429980	Pilar	AR	81120
2219994	Al Ḩurshah	LY	81119
2806142	보름스	DE	81099
5221659	Cranston	US	81073
1538634	Ozersk	RU	81023
2961284	탈라	IE	81022
2870310	Moabit	DE	81021
2151437	록햄프턴	AU	81021
3627034	San Timoteo	VE	81017
466990	Yessentuki	RU	81015
3448452	São Miguel	BR	81011
2967849	비트리쉬르센	FR	81001
4161580	라고	US	81000
1925936	Naesŏ	KR	80987
11962415	Santa Cecilia	BR	80972
358095	Diyarb Najm	EG	80954
1272733	Dholka	IN	80945
1811440	Feicheng	CN	80929
2742611	Aveiro	PT	80880
11962402	Mooca	BR	80880
3169561	Ravenna	IT	80868
1795941	Shanting	CN	80843
2482886	Rouissat	DZ	80784
13132727	Madido	ZM	80782
547523	클린	RU	80778
3121007	Getxo	ES	80770
217570	Buta	CD	80751
7279734	Kotkapura	IN	80741
13512549	East Hastings	CA	80740
4159050	Homestead	US	80737
1804935	Junlian	CN	80708
3174953	레체	IT	80695
4786714	South Suffolk	US	80690
5552301	Avondale	US	80684
2367886	아타크파메	TG	80683
13607658	Berestovskyi	UA	80671
3464891	Curvelo	BR	80665
1592832	Lai Vung	VN	80649
2513882	Mijas	ES	80630
3639747	Güigüe	VE	80627
1276988	바르가르	IN	80625
1549667	Nianzhuang	CN	80617
3036145	올네수부아	FR	80615
8133395	Kharghar	IN	80612
3515887	Tepeji del Río de Ocampo	MX	80612
1858681	Kōtari	JP	80608
2653305	채텀	GB	80596
3164699	Varese	IT	80588
5404119	터스틴	US	80583
3589452	Santa Catarina Pinula	GT	80582
1722267	Bustos	PH	80565
286590	Samā’il	OM	80538
11962377	Casa Verde	BR	80536
2491911	Khemis Miliana	DZ	80512
1251568	Ambalantota	LK	80506
713174	바흐무트	UA	80500
12042052	Bani Yas City	AE	80498
3472898	Água Rasa	BR	80484
1280328	Yingjiang	CN	80481
315795	Elbistan	TR	80456
156510	Kondoa	TZ	80443
3447690	Serrinha	BR	80435
5375480	마운틴뷰	US	80435
5376095	나파	US	80434
1268601	카이라나	IN	80432
1275194	Brajarajnagar	IN	80403
1784055	Zhuanghe	CN	80384
1863183	한노 시	JP	80361
140889	Bonāb	IR	80359
1792516	Loushanguan	CN	80344
4951257	서머빌	US	80318
1268259	Kāmāreddi	IN	80315
1816890	Baoying	CN	80292
3176059	Giugliano in Campania	IT	80269
1640585	Kedungwaru	ID	80257
4160711	Kendall	US	80241
4941720	로렌스	US	80231
2037823	Dashiqiao	CN	80223
7284832	Budapest XV. kerület	HU	80218
2035511	Panshi	CN	80200
7302847	Palwancha	IN	80199
2864475	노이뮌스터	DE	80196
3402229	Chapadinha	BR	80195
1627459	Serpong	ID	80193
186827	Meru	KE	80191
3088972	피오트르쿠프트리부날스키	PL	80128
2748413	퓌르메런트	NL	80117
601323	Qŭnghirot	UZ	80090
11535259	Alahabad	PK	80084
182701	니에리	KE	80081
3468436	Cachoeira do Sul	BR	80070
1789649	Xichang	CN	80064
1863693	가마고리 시	JP	80063
1263664	Manmād	IN	80058
9408449	Srikalahasti	IN	80056
12324301	Huanglou	CN	80055
1811794	Dushan	CN	80045
214390	Kanyama	CD	80043
1486910	보르쿠타	RU	80039
2222230	Sangmélima	CM	80036
3446138	Três Corações	BR	80032
3803449	El Cafetal	VE	80029
8340760	Cung Kiệm	VN	80000
562820	Fili	RU	80000
447022	Hajiawa	IQ	80000
1173920	Khewra	PK	80000
1818916	Sha Tin Wai	HK	80000
1279715	쌍주쯔 구	CN	80000
2320829	Ughelli	NG	79986
2935530	Dorsten	DE	79981
2636876	Stockton-on-Tees	GB	79957
2530241	Tan-Tan	MA	79942
5166177	파마	US	79937
209161	Miabi	CD	79929
678817	드로베타투르누세베린	RO	79865
5128549	뉴로셸	US	79846
3589977	San José Pinula	GT	79844
1696817	Paco	PH	79839
1265938	Kottagūdem	IN	79819
4771075	린치버그	US	79812
2751738	Lelystad	NL	79811
5740099	메드퍼드	US	79805
3446652	Telêmaco Borba	BR	79792
783814	즈레냐닌	RS	79773
4153071	Deerfield Beach	US	79768
1549774	Songlou	CN	79763
1871932	Pongch’ŏn-ŭp	KP	79740
3436061	Bella Vista	AR	79737
1690019	San Francisco	PH	79718
4013706	Lerdo	MX	79669
1793533	Taixing	CN	79655
1644178	Genteng	ID	79652
1708824	키다파완	PH	79652
2316770	Bolenge	CD	79648
2759798	암스텔베인	NL	79639
10172776	Sathorn	TH	79624
2347303	Bende	NG	79618
5400784	Sylmar	US	79614
540761	Kropotkin	RU	79599
3687964	Calarcá	CO	79569
2327223	Oke Mesi	NG	79563
2314523	Kimpese	CD	79539
704202	Khrustalnyi	UA	79533
2335713	Kafanchan	NG	79522
355635	에드푸	EG	79510
5383777	플레전턴	US	79510
6138625	Saint-Léonard	CA	79495
1793385	Tangjiazhuang	CN	79489
3448300	São Roque	BR	79484
1492517	샤드린스크	RU	79479
8558534	Willowdale	CA	79440
1164069	Talagang	PK	79431
3595416	우에우에테낭고	GT	79426
3447839	Senhor do Bonfim	BR	79424
2445488	Dosso	NE	79406
13494081	Bang Sue subdistrict	TH	79405
2875457	Lüdenscheid	DE	79386
2470173	자르지스	TN	79316
3468570	Caçador	BR	79313
1151254	푸켓	TH	79308
1175453	Kahna Nau	PK	79301
623317	폴라츠크	BY	79285
3661944	Tefé	BR	79278
3110718	Sant Cugat del Vallès	ES	79253
1261641	Nawābganj	IN	79246
1644349	Gedangan	ID	79230
6930887	사이버자야	MY	79200
1795579	Yanta	CN	79196
4884442	Belmont Cragin	US	79159
233730	Bwizibwera	UG	79157
5019335	브루클린파크	US	79149
2420562	Gueckedou	GN	79140
1271067	Gokak	IN	79121
3402360	Ceará-Mirim	BR	79115
2417833	Mamou	GN	79109
1254534	Tīkamgarh	IN	79106
1797438	Zhuangyuan	CN	79106
2338242	Ikom	NG	79103
1278471	Arakkonam	IN	79080
1790885	Wuyang	CN	79070
1859952	Kashihara	JP	79058
1788402	Xiongzhou	CN	79050
1815847	Chaigou	CN	79043
139879	Būmahen	IR	79034
3457509	Matão	BR	79033
1630798	Ponorogo	ID	79026
2351740	Agulu	NG	79021
1278446	Arāria	IN	79021
1185116	Netrakona	BD	79016
5296266	Goodyear	US	79003
56055	Kaambooni	SO	79000
3472603	Alfenas	BR	78970
2525059	카탄차로	IT	78970
6113365	프린스조지	CA	78943
973709	Mossel Bay	ZA	78940
1855753	나카쓰가와 시	JP	78930
6087844	뉴웨스트민스터	CA	78916
5799610	케너윅	US	78896
2873759	Marburg an der Lahn	DE	78895
3390160	Russas	BR	78882
684657	Bistriţa	RO	78877
8656395	Cẩm Lệ	VN	78837
7284889	Marseille 08	FR	78837
1788452	Xinzhou	CN	78767
1794971	Shitanjing	CN	78765
2171085	코프스하버	AU	78759
1153669	치앙라이	TH	78756
2799478	Deurne	BE	78747
1298482	Sagaing	MM	78739
1266436	Koch Bihār	IN	78737
2111836	모카 시	JP	78720
2034340	Tumen	CN	78719
2111669	Natori-shi	JP	78718
3129135	아빌레스	ES	78715
360170	Armant	EG	78695
1266966	Kharakvasla	IN	78684
3433658	Gualeguaychú	AR	78676
1292443	Thanhlyin	MM	78667
196231	Isiolo	KE	78650
470546	비보르크	RU	78633
5322737	앨러미다	US	78630
3114531	팔렌시아	ES	78629
934570	쿠레피페	MU	78618
2521582	Arona	ES	78614
2290462	Danané	CI	78614
336372	Waliso	ET	78600
1680613	Tupi	PH	78599
8420195	Qinggang	CN	78582
1808517	Hengbei	CN	78575
1862198	혼조 시	JP	78569
1276335	Bhadohi	IN	78568
2510279	Torrent	ES	78543
13607965	Circoiscrizione I	IT	78523
3458494	링스	BR	78503
2653775	칼라일	GB	78470
4175538	Town 'n' Country	US	78442
5327422	벨플라워	US	78441
3049646	Kőbánya	HU	78414
1267457	Kātoya	IN	78408
12324246	Yishan	CN	78408
2033301	Youhao	CN	78402
655808	요엔수	FI	78398
1273626	달통간즈	IN	78396
1252908	Wāshīm	IN	78387
502018	Reutov	RU	78370
11184254	Bagbera	IN	78356
11184442	Savarkundla	IN	78354
8521444	반다르에에맘호메이니	IR	78353
1849831	도요오카 시	JP	78348
1733440	Putatan	MY	78340
5336545	Chino Hills	US	78309
1619434	Bang Kruai	TH	78305
1217474	Denov	UZ	78300
4885164	블루밍턴	US	78292
1276752	Basoda	IN	78289
3589404	Santa Cruz del Quiché	GT	78279
2345096	Daura	NG	78277
99350	Al Ḩayy	IQ	78272
1727681	Bamban	PH	78260
1798634	Pingyi	CN	78254
2637490	Southall	GB	78253
7284841	Budapest XVII. kerület	HU	78250
12110889	Wulong	CN	78225
1225142	Valvedditturai	LK	78205
2847631	Rheinhausen	DE	78203
1803374	Linping	CN	78180
7026800	Huai Khwang	TH	78175
347883	Sirs al Layyānah	EG	78168
8310138	Ilioúpoli	GR	78153
3692462	San Juan	PE	78153
266045	자흘레	LB	78145
1716287	Daet	PH	78142
460413	다우가프필스	LV	78126
6615604	Blue Mountains	AU	78121
2638978	럭비	GB	78117
6332439	Alafaya	US	78113
6822120	가시바 시	JP	78113
2294206	와	GH	78107
616530	바나조르	AM	78100
650859	코우볼라	FI	78094
1733438	Donggongon	MY	78086
3044310	솜버트헤이	HU	78025
1805175	Xixiang	CN	78022
582846	Alekseyevka	RU	78000
371712	Kuacjok	SS	78000
3347424	Matala	AO	78000
3712076	콜론	PA	78000
1254953	Tanuku	IN	77962
1270647	구르다푸르	IN	77928
2940231	Castrop-Rauxel	DE	77924
2524245	Marsala	IT	77915
3455671	오루프레투	BR	77914
11611622	Kizugawa	JP	77907
1654379	팍세	LA	77900
11611941	Tome	JP	77897
4132093	스프링데일	US	77859
604490	룰레오	SE	77832
11463772	Edattala	IN	77811
12719430	Shap Pat Heung	HK	77775
7284896	Marseille 15	FR	77770
12432956	Jardim Botânico	BR	77767
1964032	Ciranjang-hilir	ID	77758
1807090	Huankou	CN	77758
2036066	Linkou	CN	77754
175499	Nchelenge	ZM	77746
5268249	러신	US	77742
3680539	Ipiales	CO	77729
2747930	로센달	NL	77725
318137	Hakkâri	TR	77699
178792	Ukunda	KE	77686
1725983	Bauang	PH	77670
1855395	닛코 시	JP	77661
3460441	Jaboticabal	BR	77652
2796491	하셀트	BE	77651
1734098	케닌가우	MY	77650
2648773	게이츠헤드	GB	77649
1807339	Huangmei	CN	77633
3467723	Campo Limpo Paulista	BR	77632
2328617	Numan	NG	77617
4921100	해먼드	US	77614
1789176	Feicheng	CN	77606
355417	Ītāy al Bārūd	EG	77606
5373327	Milpitas	US	77604
2540850	Ouarzazate	MA	77603
3097872	Inowrocław	PL	77597
738349	Ünye	TR	77585
1275391	Bodhan	IN	77573
3449696	Santo Ângelo	BR	77568
1898494	Songling	CN	77566
2947022	Bogenhausen	DE	77542
1805267	Jishui	CN	77540
2803448	Aalst	BE	77534
3092931	루빈	PL	77532
2791537	메헬렌	BE	77530
3449822	Santa Rosa	BR	77519
2644411	리즈번	GB	77506
326355	Welk’īt’ē	ET	77500
1729048	Bagong Barrio	PH	77490
1167622	Kambar	PK	77481
3436134	Barracas	AR	77474
294098	나사렛	IL	77445
3592609	Mazatenango	GT	77431
127403	Khomeyn	IR	77425
2034761	Shulan	CN	77420
1277525	Balrāmpur	IN	77396
1849788	쓰바메 시	JP	77382
12640505	Mandela	GH	77371
2198148	수바	FJ	77366
3097257	옐레니아구라	PL	77366
3996387	Matehuala	MX	77328
58831	Gebiley	SO	77320
934131	Quatre Bornes	MU	77308
1864009	후쿠치야마 시	JP	77306
1840886	문경	KR	77304
1277085	Bāramūla	IN	77276
2640677	페이즐리	GB	77270
2248385	Keur Médoune	SN	77255
4019260	Agua Prieta	MX	77254
3403353	Canindé	BR	77244
3171173	Pesaro	IT	77241
3526323	Kanasín	MX	77240
3530103	Cozumel	MX	77236
12324287	Baicheng	CN	77235
294421	로드	IL	77223
756092	Wawer	PL	77205
11790367	Akihabara	JP	77200
98459	Aş Şuwayrah	IQ	77200
759412	시에들체	PL	77185
1813927	Damiao	CN	77179
1805833	제슈 시	CN	77178
6152674	South Surrey	CA	77170
3492985	Santa Cruz de Barahona	DO	77160
4920607	게리	US	77156
114593	Shūsh	IR	77148
2639835	Putney	GB	77140
1267635	카르와르	IN	77139
3877918	Ovalle	CL	77138
11611617	Kunitachi	JP	77130
5211303	스크랜턴	US	77118
2210560	Şurmān	LY	77114
980595	Mafikeng	ZA	77110
2422457	Coyah	GN	77103
1819091	Pok Fu Lam	HK	77100
471656	보스크레센스크	RU	77086
260204	Keratsíni	GR	77077
5325866	볼드윈파크	US	77071
1272689	Dhuliān	IN	77070
13535707	Yên Hòa	VN	77029
2036653	Hunchun	CN	77028
1856293	Nabari	JP	77022
2335614	Kagoro	NG	77008
5785965	오번	US	77006
8740018	Rabkavi-Banhatti	IN	77004
688533	얄타	UA	77003
8541937	Dubai Festival City	AE	77000
2494073	Hassi Bahbah	DZ	77000
13589046	Les Rivières	CA	77000
1162275	Zahir Pir	PK	76979
1263275	마와나	IN	76973
1849561	Tsurusaki	JP	76968
11054704	Józsefváros	HU	76957
13494072	Khlong Chan	TH	76934
1519691	Sarqant	KZ	76919
1256475	쉬르푸르	IN	76905
191318	Kiserian	KE	76903
3453639	Pirassununga	BR	76877
3445596	발렌사	BR	76869
7284891	Marseille 09	FR	76868
3543299	Puerto Padre	CU	76838
1277723	Budge Budge	IN	76837
3714637	Arraiján	PA	76815
3006787	라로셸	FR	76810
1265605	Kundla	IN	76809
3460730	Itapetinga	BR	76795
4257494	Fishers	US	76794
2637891	Shrewsbury	GB	76782
4407010	세인트조지프	US	76780
12242643	Al Maţār al ‘Atīq	QA	76774
1914927	Sandu	CN	76757
975436	Mmabatho	ZA	76754
1253095	Visnagar	IN	76753
1803948	Liangxiang	CN	76744
3027105	샹피니쉬르마른	FR	76726
2227230	Melong	CM	76716
1723763	Brookes Point	PH	76715
1268011	카나우지	IN	76714
1784939	Zhaodun	CN	76691
2960316	룩셈부르크	LU	76684
688148	Yenakiyeve	UA	76673
2793508	라루비에르	BE	76668
13680016	Giảng Võ	VN	76658
787237	판체보	RS	76654
1813658	Fenghua	CN	76653
13157012	Khajoori Khas	IN	76640
2982235	뤼에유말메종	FR	76616
9212568	Neelankarai	IN	76600
1262200	Nagīna	IN	76593
5913414	Caledon	CA	76581
354981	Juhaynah	EG	76555
3648279	Biruaca	VE	76553
3445014	Vinhedo	BR	76540
4718721	Pharr	US	76538
3386449	Tianguá	BR	76537
3176477	Fuorigrotta	IT	76521
2648970	Fylde	GB	76500
1278023	Badagara	IN	76493
1271891	Fazilka	IN	76492
2847645	라이네	DE	76491
1176800	Hujra Shah Muqim	PK	76462
2303287	Bawku	GH	76459
2075432	번버리	AU	76452
1852502	Shiki	JP	76445
5404915	업랜드	US	76443
2652002	크루	GB	76437
2749234	Oss	NL	76430
3445133	비소자	BR	76430
1783554	Yaxing	CN	76427
2038854	Yuktae-dong	KP	76427
1830784	Dangkao	KH	76421
12157025	Ciudad Satelite	PE	76410
2779139	Fünfhaus	AT	76396
3037456	앙티브	FR	76393
1787437	Yangliuqing	CN	76387
6157390	Stoney Creek	CA	76382
5349705	Folsom	US	76375
8199378	Modiin Ilit	IL	76374
3470264	Bebedouro	BR	76373
219414	Basoko	CD	76371
968477	Odendaalsrus	ZA	76371
7026994	Thawi Watthana	TH	76351
11611646	Aira	JP	76348
8335333	Electronic City Phase I	IN	76348
1797471	Qiuji	CN	76343
7284839	Budapest XXI. kerület	HU	76339
4672731	베이타운	US	76335
3449936	Sant'Ana do Livramento	BR	76321
2112899	Furukawa	JP	76312
3175058	Latina	IT	76305
618806	Zhlobin	BY	76304
526480	미네랄니예보디	RU	76280
3660418	바바오요	EC	76279
304382	Midyat	TR	76268
2092740	라에	PG	76255
1235846	마타라	LK	76254
3117533	Manresa	ES	76250
122915	Nahāvand	IR	76250
293768	라믈라	IL	76246
1623180	Tuban	ID	76242
1566126	Thanh Liệt	VN	76238
1606790	Sakon Nakhon	TH	76237
1258338	Ratnagiri	IN	76229
934985	음바바네	SZ	76218
11611938	Kiyose	JP	76208
1267227	Keshod	IN	76193
1797793	Qingquan	CN	76154
2817311	Viersen	DE	76153
3463859	Esteio	BR	76137
5392593	샌라몬	US	76134
2293342	Adzopé	CI	76122
4501018	캠던	US	76119
2655009	Bracknell	GB	76103
1852595	시부카와 시	JP	76098
698625	Oleksandriya	UA	76097
1266179	Konnagar	IN	76082
349114	Shirbīn	EG	76081
6822202	유리혼조 시	JP	76077
359953	Ash Shuhadā’	EG	76071
4330236	레이크찰스	US	76070
1274129	Chintamani	IN	76068
4997787	캘러머주	US	76041
1794782	Shouxian	CN	76030
1168633	Paharpur	PK	76027
5095947	Brick	US	76021
472732	Nagornyy	RU	76000
1640765	Kebomas	ID	75982
3178671	Cinisello Balsamo	IT	75943
3460740	Itapema	BR	75940
4883555	Arlington Heights	US	75926
3110040	San Sebastián de los Reyes	ES	75912
5041926	플리머스	US	75907
1133453	Maymana	AF	75900
2938323	Delmenhorst	DE	75893
1803266	Lintong	CN	75882
3655131	La Libertad	EC	75881
5138950	South Ozone Park	US	75878
4153471	Doral	US	75874
3613528	Ciudad Choluteca	HN	75872
9972720	Pammal	IN	75870
1641184	Karangsembung	ID	75856
2278158	뷰캐넌	LR	75854
352679	Mashtūl as Sūq	EG	75837
1256207	Sindhnūr	IN	75837
2658822	Sankt Gallen	CH	75833
6318357	Santo Antônio do Descoberto	BR	75829
3450964	Rolândia	BR	75818
553399	Kamensk-Shakhtinsky	RU	75814
1510469	벨로보	RU	75764
1850872	Takefu	JP	75753
1624668	Tarub	ID	75739
5014130	Waterford	US	75737
1264555	Madhubani	IN	75736
12258245	Kageleke	CN	75730
230617	Kotido	UG	75700
1163054	Turbat	PK	75694
1275388	Bodināyakkanūr	IN	75680
12324299	Kanjia	CN	75669
1792087	Yinzhu	CN	75656
1267195	Khadki	IN	75654
6690602	배터시	GB	75651
569591	체호프	RU	75643
3204222	비하치	BA	75641
12718688	Souk El Arbaa	MA	75635
1250164	Battaramulla South	LK	75633
11612339	Warabi	JP	75614
3448063	Sapiranga	BR	75613
3461528	Ibiúna	BR	75605
2455216	Kita	ML	75598
12808675	Gare	FR	75580
1272701	Dhrāngadhra	IN	75578
703853	Kryukiv	UA	75578
6691091	Al Karama	AE	75560
1254710	Tezpur	IN	75540
3193935	Osijek	HR	75535
3458825	Lapa	BR	75533
3089033	피와	PL	75532
303831	네브셰히르	TR	75527
4891382	에번스턴	US	75527
7647071	Kanaker-Zeytun	AM	75500
2920236	글라트베크	DE	75499
2328090	Ode	NG	75463
1857276	미키 시	JP	75450
5370164	Manteca	US	75448
2747596	Schiedam	NL	75438
293807	Ra'anana	IL	75421
2600996	Döbling	AT	75418
2978179	생모르데포세	FR	75402
1255616	Srivilliputhur	IN	75396
11962374	Anhanguera	BR	75360
12495725	Bariq	SA	75351
1738294	Ulu Tiram	MY	75350
2038118	Chaoyang	CN	75347
1326703	Dawbon	MM	75325
10400284	Benipur	IN	75317
2394427	Ekpé	BJ	75313
11612336	Kai	JP	75313
2650405	이스트킬브라이드	GB	75310
5015618	Wyoming	US	75275
788975	크루셰바츠	RS	75256
1844191	홍천군	KR	75251
1831167	Kampong Chhnang	KH	75244
4568451	트루히요알토	PR	75243
1788869	Shangmei	CN	75233
2338640	Igbo-Ukwu	NG	75224
1260667	Pāloncha	IN	75224
331163	Mek’ī	ET	75200
5579368	러브랜드	US	75182
3353383	룬두	NA	75180
5112375	Cheektowaga	US	75178
2646504	Hove	GB	75174
3465721	Concórdia	BR	75167
3401548	Crateús	BR	75159
2037334	Fuyu	CN	75147
1679802	Virac	PH	75135
5123443	Kings Bridge	US	75132
3437547	페드로후안카바예로	PY	75109
5688025	비즈마크	US	75092
358970	Basyūn	EG	75084
2365560	Kpalimé	TG	75084
1854371	Okegawa	JP	75062
788886	쿠마노보	MK	75051
11611624	Katano	JP	75033
2524653	Gela	IT	75001
2243677	Barra do Dande	AO	75000
1584661	Củ Chi	VN	75000
2471059	Feriana	TN	75000
158160	Katoro	TZ	75000
13561228	Tekstylnyk	UA	75000
2110959	Sukagawa	JP	74992
2746932	Spijkenisse	NL	74988
3438735	엥카르나시온	PY	74983
3182957	아프릴리아	IT	74977
1668353	신잉 구	TW	74972
5382146	Perris	US	74971
2707953	Haninge	SE	74968
6958502	Maozhou	CN	74910
1269217	자오라	IN	74907
5180225	베슬리헴	US	74892
2712414	예블레	SE	74884
2955471	Arnsberg	DE	74879
1163224	Topi	PK	74867
933305	몰레폴롤레	BW	74861
1254046	Tura	IN	74858
1270791	Gūdūr	IN	74851
4179320	올버니	US	74843
3641275	El Tocuyo	VE	74829
355939	Hihyā	EG	74823
1806840	Huilong	CN	74818
1622846	Ubud	ID	74800
8573477	Yotsuya	JP	74800
333287	케렌	ER	74800
12689055	Nam Cheong	HK	74780
1816751	Beidao	CN	74767
2821029	Troisdorf	DE	74749
921772	모로니	KM	74749
2656719	에일즈베리	GB	74748
3106868	Valdemoro	ES	74745
1182787	바하왈	PK	74744
2519402	시우다드레알	ES	74743
2754447	헬몬트	NL	74740
1787601	Yanggu	CN	74725
13308633	Kowloon West End	HK	74710
1731486	Alicia	PH	74699
4910713	샴버그	US	74693
245338	Am Timan	TD	74691
736291	Évosmos	GR	74686
11962416	Parque Do Carmo	BR	74677
6903078	창녕	KR	74668
1170294	Mirpur Mathelo	PK	74651
3854985	Gobernador Gálvez	AR	74650
3534597	Vedado del Cotorro	CU	74650
11611939	Jōyō	JP	74607
1802651	Longgang	CN	74605
3061186	반스카비스트리차	SK	74590
1511330	아스베스트	RU	74583
1261772	나르나울	IN	74581
1185105	Sunāmganj	BD	74570
3028808	칸	FR	74545
4467732	개스토니아	US	74543
3461013	Irecê	BR	74507
8329635	Hyosha	CD	74502
5110446	Brownsville	US	74497
1277527	Balotra	IN	74496
5404555	유니언시티	US	74494
321031	Bismil	TR	74493
2349529	Aramoko-Ekiti	NG	74491
2112319	Katori-shi	JP	74469
1266960	카라르	IN	74460
1795919	Shancheng	CN	74459
750598	빌레지크	TR	74457
1785022	Zhangzhai	CN	74433
3029162	칼레	FR	74433
1861095	Izumiōtsu	JP	74412
1799897	Nanma	CN	74406
10629379	Méagui	CI	74365
355420	Iţsā	EG	74357
1806880	Huicheng	CN	74349
3182714	Asti	IT	74348
2231504	Foumbot	CM	74319
11612326	Tatsuno	JP	74316
4885265	Bolingbrook	US	74306
1252822	야지르	IN	74294
64013	보사소	SO	74287
118826	Rāmhormoz	IR	74285
192067	Kilifi	KE	74270
1270375	Harda	IN	74268
1786043	Yuanshang	CN	74253
2523650	Ragusa	IT	74251
3983058	Silao de la Victoria	MX	74242
4862034	아이오와시티	US	74220
1259680	Pilkhua	IN	74212
1835895	서산시	KR	74208
1849904	도스 시	JP	74196
260172	Khalándrion	GR	74192
2509769	Vélez-Málaga	ES	74190
1793889	Suixi	CN	74172
3400558	Eusébio	BR	74170
5777107	레이턴	US	74143
4711801	Missouri City	US	74139
2033675	Xinmin	CN	74139
5244080	애플턴	US	74139
2338810	Igbara-Odo	NG	74121
1278862	Ambājogāi	IN	74114
1549743	Zhangzhuang	CN	74114
124210	Meshgīn Shahr	IR	74109
92138	Al Qā’im	IQ	74100
5009586	Shelby	US	74099
8858086	Fuentes del Valle	MX	74087
1064121	Imerintsiatosika	MG	74085
3032833	베지에	FR	74081
10263097	Kāpas Herd	IN	74073
2235194	Bafia	CM	74050
1809610	Gucheng Chengguanzhen	CN	74038
1790379	Xianshuigu	CN	74028
3625066	Zaraza	VE	74017
3393471	Oriximiná	BR	74016
4155995	포트마이어스	US	74013
1861528	이누야마 시	JP	73995
1276574	Bela	IN	73992
762863	Ostrowiec Świętokrzyski	PL	73989
1166073	Sarai Alamgir	PK	73967
4148677	보인턴비치	US	73966
2813635	Wattenscheid	DE	73965
2947421	Bocholt	DE	73943
1785655	Yunyang	CN	73922
3179806	Casoria	IT	73918
12687313	Msalātah	LY	73907
4116834	존즈버러	US	73907
1636806	Majene	ID	73883
2794055	코르트레이크	BE	73879
2526488	Youssoufia	MA	73848
1686102	Sipalay	PH	73847
216404	Gbadolite	CD	73835
1259083	Rabkavi	IN	73835
3170621	Pistoia	IT	73832
3861416	Chimbas	AR	73829
2517367	Gandia	ES	73829
4911951	South Lawndale	US	73826
786735	Prilep	MK	73814
2325161	Ozubulu	NG	73812
2745467	Vlaardingen	NL	73798
2546917	이프란	MA	73782
11612555	Kyōtanabe	JP	73753
2173323	Bundaberg	AU	73747
2350886	Aku	NG	73742
1788406	Huayuan	CN	73732
349156	Shibīn al Qanāţir	EG	73711
3462378	Goianésia	BR	73707
1804442	Lanxi	CN	73706
4900358	Logan Square	US	73702
967106	Oudtshoorn	ZA	73694
709611	Drohobych	UA	73682
1276663	Bawāna	IN	73680
2937936	데트몰트	DE	73680
289317	Al Buraymī	OM	73670
2112343	가사마 시	JP	73664
2037252	Genhe	CN	73631
1643776	Gresik	ID	73629
2026643	비로비잔	RU	73623
2325249	Oyan	NG	73622
1256755	Shāhābād	IN	73606
13580115	Chokolivka	UA	73600
3359638	월비스베이	NA	73598
1714441	Don Carlos	PH	73592
1627357	Sewon	ID	73585
8223970	Virudhachalam	IN	73585
1214965	Kabanjahe	ID	73581
1801983	Luocheng	CN	73581
5768233	래피드시티	US	73569
3430443	Necochea	AR	73557
1274714	Chāndpur	IN	73555
1586185	Cao Bằng	VN	73549
665010	트르구지우	RO	73545
1183090	Bat Khela	PK	73525
2336237	Jega	NG	73495
4229476	Warner Robins	US	73490
3465320	Cosmópolis	BR	73474
12324304	Heguan	CN	73470
1626649	Solok	ID	73438
11522316	Kāsipālaiyam	IN	73425
5007402	Rochester Hills	US	73424
3445153	Viana	BR	73423
1049861	Chibuto	MZ	73393
6692280	카나리 워프	GB	73390
1256329	Sikandarābād	IN	73379
2349276	Asaba	NG	73374
12157030	Chilca	PE	73371
5924204	Cloverdale	CA	73355
2327494	Ohafia-Ifigh	NG	73355
1804979	Juegang	CN	73317
1253113	Virudunagar	IN	73273
3511233	Bonao	DO	73269
1609879	Khlong San	TH	73263
1848188	Yoshikawa	JP	73262
321580	Belek	TR	73260
4236895	디케이터	US	73254
692975	Kadiyivka	UA	73248
299582	Tatvan	TR	73222
3855065	General Roca	AR	73212
1709003	Kawit	PH	73210
2360886	Fada N'gourma	BF	73200
510291	페테르고프	RU	73199
693942	Shostka	UA	73197
13546321	Pierrefonds-Roxboro	CA	73194
3393409	Pacajus	BR	73188
1732741	Taman Senai	MY	73176
7422816	다자이후 시	JP	73164
5010636	사우스필드	US	73156
2246544	Richard-Toll	SN	73147
1260040	파토코타이	IN	73135
3086024	시에미아노비체실롱스키에	PL	73121
330134	Negēlē	ET	73100
4566385	마야궤스	PR	73077
256575	Néa Smýrni	GR	73076
347542	Ţāmiyah	EG	73070
1185206	Joypur Hāt	BD	73068
2112571	이시오카 시	JP	73061
3462535	Gaspar	BR	73053
1636816	Majalengka	ID	73052
1259154	Pusad	IN	73046
712441	베르디치우	UA	73046
1831142	Sihanoukville	KH	73036
7026885	Ratchathewi	TH	73035
3472638	Alegrete	BR	73028
1642726	Jatibarang	ID	73010
12212406	Beled Hawo	SO	73000
7290013	Shixing	CN	72996
1842859	고창	KR	72996
3111294	Rubí	ES	72987
3061370	Zlín	CZ	72973
1881952	Jurong East	SG	72960
1812597	Dongdu	CN	72957
1728523	Balanga	PH	72954
3493081	San Juan de la Maguana	DO	72950
2951825	바이로이트	DE	72940
2396646	Oyem	GA	72939
103035	Rābigh	SA	72928
648900	라펜란타	FI	72909
3089684	Ostrów Wielkopolski	PL	72898
5546220	Saint George	US	72897
3877793	Padre Las Casas	CL	72892
293690	Rosh Ha‘Ayin	IL	72881
3179866	Caserta	IT	72844
1787188	Yanjia	CN	72825
567311	Dachnoye	RU	72822
1019760	Bethal	ZA	72821
1609395	Krathum Baen	TH	72819
184433	Nanyuki	KE	72813
4839292	뉴브리튼	US	72808
1254444	Tindivanam	IN	72796
1812427	Dongkan	CN	72789
1273992	촙다	IN	72783
1498693	미누신스크	RU	72781
3877739	Paine	CL	72759
2759887	Almelo	NL	72725
949703	Thaba Nchu	ZA	72721
12157128	Selva Alegre	PE	72696
1580092	Hương Trà	VN	72677
1807553	Huangchuan	CN	72663
561627	Georgiyevsk	RU	72649
4152872	데이토나비치	US	72647
468082	Yelabuga	RU	72643
4623560	프랭클린	US	72639
523426	나로포민스크	RU	72632
1692872	Port Area	PH	72605
290104	Sitrah	BH	72601
1529099	Wusu	CN	72587
13589205	Nutana Sector	CA	72564
347612	Talā	EG	72536
2036226	Lanxi	CN	72528
4005297	Guamúchil	MX	72500
6318732	Tailândia	BR	72493
1800430	Miyang	CN	72485
2289049	Ferkessédougou	CI	72476
1255121	Taliparamba	IN	72465
2829109	Steglitz	DE	72464
1862912	헤키난 시	JP	72458
1806188	Jiangzhuang	CN	72453
2037391	Beichengqu	CN	72444
1842616	공주시	KR	72435
235039	아루아	UG	72400
3467555	Candeias	BR	72382
3626764	Socopó	VE	72352
1257431	Sangāreddi	IN	72344
727233	Shumen	BG	72342
3833062	Venado Tuerto	AR	72340
1260730	Pālghar	IN	72335
265243	Maroúsi	GR	72333
214925	Kalima	CD	72327
1619457	Bangkok Yai	TH	72321
1788462	Xinzhi	CN	72303
8504959	Finlyandskiy	RU	72292
5404024	Turlock	US	72292
1272873	Dharapuram	IN	72291
3948642	아방카이	PE	72277
4735966	템플	US	72277
1802788	Licheng	CN	72276
3447472	Sobradinho	BR	72273
7302628	Adelaide Hills	AU	72260
4005270	과나후아토	MX	72237
3402613	Cascavel	BR	72232
785238	Suva Reka	XK	72229
4916079	West Ridge	US	72211
2467815	라데스	TN	72209
332880	K’olīto	ET	72200
1864549	지류 시	JP	72193
410096	Ash Shafā	SA	72190
5324363	애플밸리	US	72174
1691150	Sagay	PH	72153
6141190	사니아	CA	72125
1842754	Kyosai	KR	72124
3091232	미스워비체	PL	72124
1259994	Payyanur	IN	72111
2111325	오타와라 시	JP	72087
3402621	Casa Nova	BR	72086
286987	Nizwá	OM	72076
1920772	Zhoucheng	CN	72070
6141439	수세인트마리	CA	72051
1166381	Sakrand	PK	72040
3460699	Itapira	BR	72022
1574873	Thị Trấn Mạo Khê	VN	72012
3438995	Mariano Roque Alonso	PY	72008
3451152	Rio do Sul	BR	72006
109253	Al Līth	SA	72000
13118224	Bandar Saujana Utama	MY	72000
2719111	Bromma	SE	72000
2639842	Purley	GB	72000
146400	라르나카	CY	72000
5369367	린우드	US	71989
1707324	La Paz	PH	71978
5278052	Waukesha	US	71970
2472675	Le Bardo	TN	71961
2755420	하우다	NL	71952
1256593	시푸르	IN	71951
1274641	찬나파트나	IN	71942
1016698	Bothaville	ZA	71934
3471772	Araranguá	BR	71922
1071296	Antalaha	MG	71898
1816176	Caidian	CN	71891
199989	Busia	KE	71886
5149222	Canton	US	71885
1259093	Koyilandy	IN	71873
2647793	길퍼드	GB	71873
2227613	Mbouda	CM	71867
2352250	Afikpo	NG	71866
2511150	Santa Lucía	ES	71863
2881485	란츠후트	DE	71863
4428667	Gulfport	US	71856
3591676	Panzos	GT	71846
515083	Sunzha	RU	71841
3389590	Santa Isabel do Pará	BR	71837
3599735	Amatitlán	GT	71836
3466704	Castro	BR	71809
6138517	세인트존	CA	71808
3448221	São Sebastião do Paraíso	BR	71796
1271947	Farīdpur	IN	71783
1163958	Tando Jam	PK	71760
296173	Yüksekova	TR	71729
2503847	Birkhadem	DZ	71722
2744118	잔담	NL	71708
13580041	Nyvky	UA	71700
694382	Shakhtarsk	UA	71700
2720501	보로스	SE	71700
1348441	Mānikganj	BD	71698
2622447	에스비에르	DK	71698
2387926	부아르	CF	71680
186731	Migori	KE	71668
11184261	Barauni	IN	71660
2349558	Apomu	NG	71656
1848439	야와타 시	JP	71656
11205269	Minami-Alps	JP	71618
2033602	Xiuyan	CN	71614
170892	Dārayyā	SY	71596
3586814	Delgado	SV	71594
5223869	포터컷	US	71591
1508054	체르노고르스크	RU	71582
4161625	Lauderhill	US	71579
8224580	Peckham	GB	71552
4593142	Rock Hill	US	71548
1137168	Khanabad	AF	71531
1626498	Sragen	ID	71522
1801926	Luohuang	CN	71515
353223	Madīnat as Sādāt	EG	71501
113491	Tākestān	IR	71499
3467760	Campo Formoso	BR	71487
3464713	Dias d'Ávila	BR	71485
2517595	Fuengirola	ES	71482
1685880	Solana	PH	71475
1794103	Shangsi	CN	71468
2342628	Fiditi	NG	71461
4369596	실버스프링	US	71452
2656284	반즐리	GB	71447
1529377	Qarasu	CN	71446
1527199	토크마크	KG	71443
3665657	Yumbo	CO	71436
1723893	Borongan	PH	71431
1848087	유쿠하시 시	JP	71426
2469473	메드닌	TN	71406
8410807	Triyuga	NP	71405
1512832	Shahrixon	UZ	71400
945945	어핑턴	ZA	71373
1697006	오로키에타	PH	71373
3625979	트루히요	VE	71362
3435010	Don Torcuato	AR	71356
1488253	젤레노고르스크	RU	71354
4450687	West Gulfport	US	71329
2643490	로스토프트	GB	71327
1265863	Krishnagiri	IN	71323
966166	Parys	ZA	71319
263986	Agios Dimitrios	GR	71294
1255714	Sopur	IN	71292
738025	얄로바	TR	71289
2294034	Winneba	GH	71288
715126	솔노크	HU	71285
1154770	Ban Ko Sire	TH	71284
2038139	Changtu	CN	71284
2663536	벡셰	SE	71282
1807035	Huashan	CN	71281
3199145	Ilidža	BA	71277
2875115	뤼네부르크	DE	71260
1055433	Tôlanaro	MG	71258
3980187	El Pueblito	MX	71254
4691585	Flower Mound	US	71253
3084840	스타르가르트슈체친스키	PL	71224
3177838	크레모나	IT	71223
1258289	Rāyagada	IN	71208
1735148	Serendah	MY	71202
1818016	Anlu	CN	71198
4005219	Guasave	MX	71196
3463432	Fernandópolis	BR	71186
2033403	Yilan	CN	71180
1252699	Zahirābād	IN	71166
286245	수르	OM	71152
1803397	Linjiang	CN	71149
3180445	Carpi	IT	71148
1266666	Khopoli	IN	71141
3986984	San Francisco del Rincón	MX	71139
4751839	Centreville	US	71135
559029	Grazhdanka	RU	71128
1258366	Ratangarh	IN	71124
4922462	라피엣	US	71111
2398269	모안다	GA	71099
1185092	Thākurgaon	BD	71096
1177278	Hala	PK	71094
1263504	Mārkāpur	IN	71092
5102443	퍼세이익	US	71085
2948917	Billstedt	DE	71077
1809486	Guiping	CN	71066
746958	Gemlik	TR	71063
11962400	Campo Belo	BR	71058
1850396	덴리 시	JP	71052
4170156	Riverview	US	71050
10630431	Kalamassery	IN	71038
2479247	Sougueur	DZ	71036
5386754	레들랜즈	US	71035
2325733	Orita-Eruwa	NG	71027
8358544	Zográfos	GR	71026
5666639	미줄라	US	71022
5385941	Rancho Cordova	US	71017
356933	Farshūţ	EG	71013
2940213	첼레	DE	71010
13607725	Prymorskyi	UA	71008
1275346	Bolpur	IN	70998
1260607	파나지	IN	70991
1258546	Rānāghāt	IN	70984
3398450	Horizonte	BR	70983
1850708	다나베 시	JP	70972
2433437	Doba	TD	70942
2044050	Hongwŏn	KP	70923
3036386	오베르빌리에	FR	70914
3461316	Indaial	BR	70900
4145381	윌밍턴	US	70898
361301	Al Ghanāyim	EG	70884
2036283	Kuandian	CN	70867
1177446	과다르	PK	70852
13680019	Kiến Hưng	VN	70833
6822130	무사시무라야마 시	JP	70829
13308625	Shenzhen City Centre	CN	70826
2732544	Vila Nova de Gaia	PT	70811
2507901	Aïn Temouchent	DZ	70810
1926020	우와지마 시	JP	70809
2301217	Ejura	GH	70807
1798548	Poyang	CN	70787
12718676	Lahraouyine	MA	70783
1786357	Yongfeng	CN	70783
1502603	Kopeysk	RU	70780
2343822	Eha Amufu	NG	70779
1277183	Bāpatla	IN	70777
1271934	Fatehābād	IN	70777
2676176	쇠데르텔리에	SE	70777
2037240	Gongchangling	CN	70761
1276378	Beypore	IN	70751
2503878	Bir el Ater	DZ	70749
1805757	Jimo	CN	70733
2331005	Malumfashi	NG	70709
1585011	Cổ Đô	VN	70706
3460174	Janaúba	BR	70699
1266154	코팔	IN	70698
1723481	Buenavista	PH	70691
360612	Al Qanāyāt	EG	70687
2426240	Pala	TD	70677
1845020	Tongyeong	KR	70641
1070661	Antanifotsy	MG	70626
1277949	Badvel	IN	70626
2594078	Dialakorodji	ML	70619
6146279	시어우드 파크	CA	70618
1273724	Dādri	IN	70609
8436165	Kurortnyy	RU	70589
2653148	Chingford	GB	70583
699445	Samar	UA	70550
1254744	Thenkasi	IN	70545
4714131	New Braunfels	US	70543
3089578	Pabianice	PL	70542
3183178	Altamura	IT	70539
2303125	Berekum	GH	70536
1255361	Suratgarh	IN	70536
3517270	Santa María Chimalhuacán	MX	70519
1700980	Mariano	PH	70516
1278152	아우라이야	IN	70508
6534232	Lamezia Terme	IT	70501
472278	Vol’sk	RU	70500
2296969	Nungua	GH	70483
2243866	Bailundo	AO	70481
2708365	할름스타드	SE	70480
4501198	Cherry Hill	US	70475
13607721	Mykytivskyi	UA	70474
2038541	Baiquan	CN	70472
577881	벨로레츠크	RU	70468
1260671	Palani	IN	70467
2521088	베니도름	ES	70450
3563504	Contramaestre	CU	70438
2468579	Nabeul	TN	70437
555980	이심바이	RU	70421
344357	Alamata	ET	70400
3403208	Capanema	BR	70394
1633308	Pagar Alam	ID	70386
5964347	그랜디프레리	CA	70385
3524348	Linares	MX	70378
1219762	Bayramaly	TM	70376
1806218	Jiangyan	CN	70375
2643186	Maidenhead	GB	70374
2034918	Shiguai	CN	70357
2268339	Faro	PT	70347
1857844	Maebaru-chūō	JP	70339
11127679	Eniwa	JP	70331
5294810	플래그스태프	US	70320
6822115	Rittō	JP	70312
3645671	Chivacoa	VE	70298
3463605	Farroupilha	BR	70286
1865309	아난 시	JP	70285
2542987	Martil	MA	70274
1715804	Danao	PH	70270
3099112	그니에즈노	PL	70269
3468893	Brumado	BR	70268
2759875	Alphen aan den Rijn	NL	70251
310892	Kadirli	TR	70248
3433715	Goya	AR	70245
1585660	Châu Đốc	VN	70239
7026870	Phaya Thai	TH	70238
137956	Dārāb	IR	70232
148565	Şirvan	AZ	70220
956907	Schweizer-Reneke	ZA	70214
584243	Adler	RU	70200
2289983	Dimbokro	CI	70198
13589211	Confederation	CA	70192
1810846	Fuyang	CN	70183
2421273	Faranah	GN	70181
316411	Doğubayazıt	TR	70171
1789799	Haining	CN	70171
2522165	Alcalá de Guadaira	ES	70155
1795986	Shankou	CN	70153
569955	차파옙스크	RU	70147
2637142	스태퍼드	GB	70145
1700179	Mauban	PH	70135
6822165	Tsurugashima	JP	70117
11520454	Nallūr	IN	70115
1294041	Taungdwingyi	MM	70094
7997918	Inaruwa	NP	70093
1710770	Indang	PH	70092
4924006	Muncie	US	70087
3457147	Mineiros	BR	70081
1799100	Pan’an	CN	70072
3398856	Grajaú	BR	70065
3351307	Cahama	AO	70061
2952984	밤베르크	DE	70047
99169	Khāliş	IQ	70046
322673	Ayvalık	TR	70002
6618486	Dainava (Kaunas)	LT	70000
3099654	Fordon	PL	70000
13546524	Linh Đàm	VN	70000
5373497	Mira Mesa	US	70000
1167507	Rabwah	PK	70000
2635042	Uxbridge	GB	70000
148987	Vikindu	TZ	70000
5410438	Woodland Hills	US	70000
1521368	바이코누르	KZ	70000
1630238	Raha	ID	69980
9292220	Duyên Hải	VN	69961
4178003	Weston	US	69959
3175537	Imola	IT	69953
265533	Aigáleo	GR	69946
707308	이즈마일	UA	69932
1800764	Mengcheng Chengguanzhen	CN	69916
3628267	San Joaquín	VE	69894
145034	Abhar	IR	69889
1788887	Xinhe	CN	69884
3934608	모케과	PE	69882
1909053	Shima	CN	69881
3557347	Güira de Melena	CU	69879
1274821	Chamrajnagar	IN	69875
1635342	Mertoyudan	ID	69871
3563559	Consolación del Sur	CU	69857
10265943	Mīthepur	IN	69837
632978	바사	FI	69819
1732846	Segamat	MY	69816
1282884	Rājbirāj	NP	69803
340573	Ciro	ET	69800
13580113	Vidradnyi	UA	69800
2994393	Mérignac	FR	69791
1648266	Bondowoso	ID	69783
1520692	Satpayev	KZ	69782
3627420	Santa Cruz de Mara	VE	69781
1263752	Māngrol	IN	69779
1175446	Kahror Pakka	PK	69743
2334756	Kaura Namoda	NG	69725
1276783	바사바칼리안	IN	69717
3672068	Planeta Rica	CO	69708
343292	Āsosa	ET	69700
3442057	라스피에드라스	UY	69682
3073699	클라드노	CZ	69664
13157011	Pul Pehlad	IN	69657
3646062	Tacarigua	VE	69636
110619	Abū ‘Arīsh	SA	69632
12427005	Bairro Parque Nossa Senhora do Carmo	BR	69630
1160571	Khāsh	IR	69603
12358513	Fengping	CN	69586
5909629	Brossard	CA	69575
1274928	Chāībāsa	IN	69565
2252132	Dougnane	SN	69556
2785341	투르네	BE	69554
1848305	Yokota	JP	69550
3883167	리나레스	CL	69535
2639447	Rhondda	GB	69506
3470003	Biguaçu	BR	69486
235715	Karonga	MW	69486
4355585	프레더릭	US	69479
11612588	Fuefuki	JP	69463
3980180	Frontera	MX	69462
13156739	Minamiarupusu	JP	69459
5806298	Pasco	US	69451
3832791	Villa Carlos Paz	AR	69451
418625	Mobārakeh	IR	69449
1295395	Thanlyin	MM	69448
726418	도브리치	BG	69434
1815188	Chengxian Chengguanzhen	CN	69427
5383465	피츠버그	US	69424
3347615	Luquembo	AO	69420
8668557	Núi Thành	VN	69406
70979	Sayyān	YE	69404
1254170	Tripunittura	IN	69390
1724106	Bongabon	PH	69376
1177682	Gujar Khan	PK	69374
2698691	Kungsholmen	SE	69363
1529528	Xininglu	CN	69361
1172993	Kot Malik Barkhurdar	PK	69359
1180983	Chuhar Kana	PK	69321
5133858	Ridgewood	US	69317
4905211	Palatine	US	69308
1771304	Kampung Baru Balakong	MY	69302
6822210	Toyoake	JP	69295
792578	비톨라	MK	69287
1079048	Ambovombe	MG	69265
1256693	Shājāpur	IN	69263
1846912	Anjŏ	KR	69255
1788061	Xuantan	CN	69250
1805884	Jiehu	CN	69245
2254154	Bargny	SN	69242
2128787	오다테 시	JP	69237
6173767	Verdun	CA	69229
757718	수바우키	PL	69222
1263103	Mettupalayam	IN	69213
4715292	North Richland Hills	US	69204
1689171	San Leonardo	PH	69180
11550025	Valdefuentes	ES	69176
5105634	유니언시티	US	69156
4160983	Kissimmee	US	69152
2036069	Linjiang	CN	69149
675918	Hunedoara	RO	69136
3706567	Las Cumbres	PA	69102
10295350	San Carlo All'Arena	IT	69094
13494090	Khlong Kum	TH	69071
1255449	Sunām	IN	69069
1793230	Tantou	CN	69050
1276023	Bhawānipatna	IN	69045
1851606	Sōja	JP	69030
3374462	민델루	CV	69013
1634131	Nganjuk	ID	69011
2789786	오스텐더	BE	69011
2786578	Sint-Niklaas	BE	69010
5921225	Chicoutimi	CA	69004
1720472	Calauag	PH	68999
2033934	Xiaoshi	CN	68994
13157010	Ziauddin Pur	IN	68993
3648132	Boconó	VE	68990
3458645	Lençóis Paulista	BR	68990
1704067	Magalang	PH	68988
355595	Ihnāsyā al Madīnah	EG	68976
1328121	Bogale	MM	68938
1269328	Jamkhandi	IN	68938
3557378	Güines	CU	68935
2639022	Royal Tunbridge Wells	GB	68910
5406990	월넛크릭	US	68910
361827	Ad Dilinjāt	EG	68901
13580117	Darnytskyi Masyv	UA	68900
1217007	Koson	UZ	68900
3646869	Cantaura	VE	68885
3681957	Granada	CO	68876
2315417	Inongo	CD	68852
2753638	호른	NL	68852
1276757	Basmat	IN	68846
1706609	Libon	PH	68846
2759633	아선	NL	68836
3698105	Chulucanas	PE	68835
480089	Tuymazy	RU	68829
13157009	Taj Pul	IN	68796
2343270	Enugu-Ukwu	NG	68785
4050552	Cordova	US	68779
2111831	모리야 시	JP	68777
1861290	이토 시	JP	68773
2110579	야치마타 시	JP	68769
3404558	Cabedelo	BR	68767
3445350	Venâncio Aires	BR	68763
3113236	폰페라다	ES	68736
3397936	Itapecuru Mirim	BR	68723
1805505	Jinjiang	CN	68720
1704968	Lupon	PH	68717
1863620	Gion	JP	68713
2339156	Idah	NG	68703
1785699	Yunmen	CN	68698
532675	Lys’va	RU	68660
988698	Knysna	ZA	68659
1791007	Wushan	CN	68643
1267360	Kayamkulam	IN	68634
5127835	마운트버넌	US	68628
1180454	Darya Khan	PK	68622
1272847	Dharmapuri	IN	68619
2036959	Heishan	CN	68603
4682991	Conroe	US	68602
572525	보리소글렙스크	RU	68597
2328185	Obonoma	NG	68584
4059102	도선	US	68567
490172	Sosnovyy Bor	RU	68563
709161	페오도시야	UA	68562
2955272	아샤펜부르크	DE	68551
2502958	Bouïra	DZ	68545
3686561	Chinchiná	CO	68512
3393452	Ouricuri	BR	68489
7284833	Budapest XVI. kerület	HU	68484
1849592	쓰루가 시	JP	68482
659180	헤멘린나	FI	68473
5377985	Northridge	US	68469
4880889	워털루	US	68460
1683340	Tanauan	PH	68456
1798946	Pengcheng	CN	68442
1791484	Wenjiang	CN	68433
361435	Al Balyanā	EG	68413
3107112	Rivas-Vaciamadrid	ES	68405
8581615	Nakivale Refugee Camp	UG	68400
585170	Sheki	AZ	68400
5036493	Maple Grove	US	68385
3689235	Baranoa	CO	68383
1795166	Shima	CN	68375
1730398	Aparri	PH	68368
1275481	비사푸르	IN	68355
3454061	Peruíbe	BR	68352
1800519	Mingguang	CN	68351
1799384	Ninghai	CN	68330
4937230	프레이밍햄	US	68318
3929631	San Isidro	PE	68309
3398379	Icó	BR	68303
1853338	Sabae	JP	68302
285811	Al Faḩāḩīl	KW	68290
3361934	Saldanha	ZA	68284
2508813	아드라르	DZ	68276
2287790	Issia	CI	68263
565614	Dolgoprudnyy	RU	68259
3463174	Formiga	BR	68248
300399	Söke	TR	68230
3649408	Altagracia de Orituco	VE	68207
1572565	Nghĩa Lộ	VN	68206
1278178	Attili	IN	68196
2633866	윔블던	GB	68187
1861641	이나 시	JP	68177
5386785	리돈도비치	US	68166
2652381	코비	GB	68164
2560841	Aïn Harrouda	MA	68161
6091314	Notre-Dame-de-Grâce	CA	68152
125897	Langarūd	IR	68148
2287958	Guiglo	CI	68113
3531862	Cadereyta Jiménez	MX	68111
3117667	Majadahonda	ES	68110
4317639	보셔시티	US	68094
1268246	Cumbum	IN	68090
3631878	Morón	VE	68084
2866135	노이브란덴부르크	DE	68082
3568312	Artemisa	CU	68073
3980605	Valle de Santiago	MX	68058
11669854	Stamford Hill	GB	68050
2511306	산루카르데바라메다	ES	68037
2503874	Bir el Djir	DZ	68032
200067	Bungoma	KE	68031
2417988	Macenta	GN	68020
3472311	Amparo	BR	68008
342803	Balanbale	SO	68000
565197	Dorogomilovo	RU	68000
1262463	Munnar	IN	68000
13157159	Panipat Taraf Makhdum Zadgan	IN	67998
3531865	Cadereyta	MX	67994
3031005	부르주	FR	67987
5410902	요버 린더	US	67973
1262319	Nābha	IN	67972
794965	Mustamäe	EE	67968
751949	Ardeşen	TR	67965
2038198	Chaihe	CN	67963
571306	Budyonnovsk	RU	67962
10894229	Bihāt	IN	67952
1800521	Minggang	CN	67945
1793286	Tangzhai	CN	67936
1787873	Xunyang	CN	67929
1021086	Barberton	ZA	67927
1257551	Samāstipur	IN	67925
1720402	Calbayog City	PH	67921
2026895	벨로고르스크	RU	67911
6822214	하시마 시	JP	67909
1267853	Kāranja	IN	67907
2520425	Campiña	ES	67904
146054	Stróvolos	CY	67904
1787587	Yanghe	CN	67901
336259	Gode	ET	67900
3435264	Concepción del Uruguay	AR	67895
3518387	San Mateo Atenco	MX	67890
1730749	Angat	PH	67862
5053358	우드베리	US	67855
12157037	San Fernando	PE	67844
1624827	Tanjung Selor	ID	67837
3465748	Conceição do Coité	BR	67825
2037658	Dongfeng	CN	67820
668732	로만	RO	67819
1255983	Sītāmarhi	IN	67818
684802	브를라드	RO	67818
733191	블라고에브그라드	BG	67810
679452	데바	RO	67802
232397	Kamuli	UG	67800
601339	Xo‘jayli Shahri	UZ	67800
10227099	Huamak	TH	67798
1258797	Rājsamand	IN	67798
6822141	Kaga	JP	67793
1850742	다마노 시	JP	67786
3874119	키요타	CL	67779
5251436	오클레어	US	67778
1806422	Jiang’an	CN	67776
795155	Kesklinn	EE	67766
1606418	Saraburi	TH	67763
1505453	이심	RU	67762
2033128	Zhenlai	CN	67760
2745673	Velsen-Zuid	NL	67758
4372599	월도프	US	67752
2937959	데사우	DE	67747
1264071	Malkāpur	IN	67740
1708226	라 칼로타	PH	67740
3516843	Santo Domingo Tehuantepec	MX	67739
8416931	Shuangfengqiao	CN	67717
5117575	Forest Hills	US	67714
235130	Apac	UG	67700
138025	Dāmghān	IR	67694
3457025	Mococa	BR	67681
2043962	Hwadae	KP	67677
2034691	Songjianghe	CN	67672
2756429	Ede	NL	67670
5341704	데이비스	US	67666
1685577	Subic	PH	67664
300640	Şırnak	TR	67662
1849539	Tsushima	JP	67658
1735489	Yan Besar	MY	67653
1191368	Pālang	BD	67652
1262958	Modāsa	IN	67648
4356188	Glen Burnie	US	67639
12070064	Arenella	IT	67634
1283679	Banepā	NP	67629
2351979	Agbor	NG	67610
5333180	캐머릴로	US	67608
1269507	자이살메르	IN	67604
584717	Xaçmaz	AZ	67600
1801850	Luorong	CN	67593
3386279	Tomé-Açu	BR	67585
704617	Kovel	UA	67575
4739157	빅토리아	US	67574
2522876	Trapani	IT	67531
2640681	Paignton	GB	67520
1691509	Rosales	PH	67510
1802136	Lüeyang Chengguanzhen	CN	67496
1218239	Tejen	TM	67488
4355843	게이더스버그	US	67456
161312	바바티	TZ	67445
1164987	Shorkot	PK	67439
3574810	Chaguanas	TT	67433
1791464	Wenling	CN	67433
1275117	Buldāna	IN	67431
3523011	Montemorelos	MX	67428
121861	Omīdīyeh	IR	67427
457954	리예파야	LV	67421
8307082	Huajing	CN	67415
1272780	Dhenkānāl	IN	67414
2342883	Ezza-Ohu	NG	67414
3979673	Ixtapa-Zihuatanejo	MX	67408
8299614	Rossendale	GB	67400
1797120	Fuqing	CN	67397
1253676	Urun-Islāmpur	IN	67391
1816026	Caohe	CN	67370
2715953	에스킬스투나	SE	67359
4473083	Jacksonville	US	67357
1859210	기요스 시	JP	67352
705104	Kostyantynivka	UA	67350
1810472	Gaoliu	CN	67339
1270965	Gopālganj	IN	67339
1710519	City of Isabela	PH	67336
6316653	Breu Branco	BR	67332
1275321	Bongaigaon	IN	67322
1788461	Xinzhou	CN	67316
1257436	상가네르	IN	67309
3186952	자다르	HR	67309
3539093	San Luis	CU	67293
3647537	Caicara del Orinoco	VE	67277
2035453	Pingzhuang	CN	67273
5397765	South San Francisco	US	67271
3387202	Sousa	BR	67259
540103	크스토보	RU	67242
1852003	시오지리 시	JP	67241
2876865	Lippstadt	DE	67219
2484620	Oum el Bouaghi	DZ	67201
756867	Tomaszów Mazowiecki	PL	67197
3662075	Tabatinga	BR	67182
1792936	Tianliu	CN	67165
1170398	Minchinabad	PK	67164
1801734	Lushar	CN	67153
303700	Ödemiş	TR	67153
2885656	Köpenick	DE	67148
12279164	Wanggou	CN	67140
1811305	Fengkou	CN	67139
256614	Néa Ionía	GR	67134
1270171	Hāveri	IN	67102
4023117	Dolores Hidalgo	MX	67101
13308594	Shajing Town	CN	67093
4329753	Kenner	US	67091
1635660	Melati	ID	67090
3517517	Santa Cruz Xoxocotlán	MX	67086
2634715	Washington	GB	67085
2959927	알렌	DE	67085
5122477	잭슨하이츠	US	67067
2977921	생나제르	FR	67054
11612700	Fukutsu	JP	67033
761168	프셰미실	PL	67013
2517816	Estepona	ES	67012
1633811	Nunukan	ID	67006
1263659	Mannargudi	IN	66999
2936871	Dinslaken	DE	66993
699942	Nizhyn	UA	66983
4367175	록빌	US	66980
2036033	Liuhe	CN	66975
4632595	잭슨	US	66975
3464304	Embu-Guaçu	BR	66970
665024	Târgovişte	RO	66965
4899911	Lincoln Park	US	66959
1860748	Kashima-shi	JP	66950
362882	Abū al Maţāmīr	EG	66946
5411015	Yuba City	US	66941
1808863	Hanyin Chengguanzhen	CN	66926
2464701	타타우인	TN	66924
1269027	Jhālāwār	IN	66919
2675397	Solna	SE	66909
582750	알렉신	RU	66885
4975802	포틀랜드	US	66881
2481246	Sidi Aïssa	DZ	66856
5380748	팰로앨토	US	66853
1853237	사이키 시	JP	66851
1789427	Wacheng Neighborhood	CN	66848
637219	세이네요키	FI	66848
1254868	Tarn Taran	IN	66847
3855075	General Pico	AR	66805
2863840	Neuwied	DE	66805
3123493	Ferrol	ES	66799
5288661	Casas Adobes	US	66795
13680021	Phúc Lợi	VN	66790
3512128	Bajos de Haina	DO	66784
2152819	Point Cook	AU	66781
5802570	메리즈빌	US	66773
1811970	Duoba	CN	66767
1256377	Siddipet	IN	66737
2820087	Unna	DE	66734
12324473	Shaozhuang	CN	66728
1248749	Dambulla	LK	66716
1150007	Trang	TH	66713
3512067	Baní	DO	66709
102318	Sayhāt	SA	66702
327694	Tēpī	ET	66700
8504950	Parnas	RU	66693
824003	Bakıxanov	AZ	66686
11749713	Chiyoda	JP	66680
2701713	칼스크로나	SE	66675
1714766	Dinalupihan	PH	66670
7302806	Bellampalli	IN	66660
678015	Focșani	RO	66648
5781770	South Jordan	US	66648
1688232	Santa Cruz	PH	66647
2034599	Tailai	CN	66623
1803257	Lishi	CN	66620
2523665	Quartu Sant'Elena	IT	66620
2473499	La Mohammedia	TN	66593
11549989	Aluche	ES	66588
1815184	Chengyang	CN	66588
290215	Jidd Ḩafş	BH	66588
2035182	Sanchazi	CN	66576
5955895	포트맥머리	CA	66573
6822190	Kurihara	JP	66565
12277246	Daxu	CN	66563
5265838	Oshkosh	US	66555
3991043	Ramos Arizpe	MX	66554
2305677	Aflao	GH	66546
1280541	Qaraqash	CN	66541
7279597	Barbil	IN	66540
1793685	Taihe	CN	66506
1266124	Koratla	IN	66504
4124112	노스리틀록	US	66504
1804451	롄위안 시	CN	66501
336350	Goba	ET	66500
758445	Stalowa Wola	PL	66495
1170951	Mansehra	PK	66486
1626312	Sokaraja	ID	66482
3468014	Camaquã	BR	66478
693457	Smila	UA	66475
5108193	Bayside	US	66455
2413709	Bununka Kunda	GM	66449
1797417	Wuxi	CN	66442
3106054	Vicálvaro	ES	66439
2649258	Folkestone	GB	66429
11530931	Qipan	CN	66419
2853292	플라우엔	DE	66412
2186313	네이피어	NZ	66400
3628549	San Antonio del Táchira	VE	66392
1258128	Rishīkesh	IN	66390
539147	쿵구르	RU	66389
9946557	Kituku	CD	66378
3125897	Castelldefels	ES	66375
1270845	Goyerkāta	IN	66358
547475	클린치	RU	66336
2110774	도가네 시	JP	66332
8418585	Tangxiang	CN	66325
2019309	네륜그리	RU	66320
2036685	Huinan	CN	66315
5095445	베이온	US	66311
6690877	브릭스턴	GB	66300
2646517	Hounslow	GB	66292
2504072	Besbes	DZ	66287
5024825	Eagan	US	66286
1816620	Beimeng	CN	66277
536162	레니노고르스크	RU	66263
3466698	Cataguases	BR	66261
2759145	베르헌옵좀	NL	66256
4153132	Delray Beach	US	66255
2271977	Algueirão	PT	66250
2266977	Loures	PT	66231
461698	Sosnovka	RU	66227
2042645	Rajin	KP	66224
5964215	Granby	CA	66222
886990	Marondera	ZW	66204
2591933	Gama	AO	66202
1801797	Luoyang	CN	66188
7302829	Mandamarri	IN	66176
12157038	Jesus Maria	PE	66171
2038482	Muling	CN	66170
3105935	Viladecans	ES	66168
3179661	Castellammare di Stabia	IT	66164
2501404	Cheria	DZ	66160
928534	Kasungu	MW	66152
2036713	Huanren	CN	66147
1797543	Qionghu	CN	66145
172082	I‘zāz	SY	66138
8628059	Thái Hòa	VN	66127
3350867	Camucuio	AO	66112
2005057	Gamping Lor	ID	66110
2392505	Nikki	BJ	66109
1732672	Tanjong Malim	MY	66103
2464168	Oued Lill	TN	66100
1514387	Beruniy	UZ	66090
2036753	Huanan	CN	66087
2475860	Tissemsilt	DZ	66084
1622167	Wamena	ID	66080
558082	Gukovo	RU	66079
2511619	Sagunto	ES	66070
3546434	Morón	CU	66060
3458611	리베르다데	BR	66056
1259263	Puliyankudi	IN	66034
753866	자모시치	PL	66034
1790100	Xiaolingwei	CN	66031
1082243	Ambilobe	MG	66029
4633419	존슨시티	US	66027
6822164	Kitamoto	JP	66022
1325814	Gwa	MM	66015
101313	Ţurayf	SA	66014
1720561	칼라판	PH	66008
7619704	Johor Jaya	MY	66000
706448	헤르손	UA	66000
1810677	Ganshui	CN	65994
4755158	Dale City	US	65969
2042500	Namyang-nodongjagu	KP	65956
300796	Silvan	TR	65956
3389860	Salgueiro	BR	65946
1500607	Lesosibirsk	RU	65945
4679867	시더파크	US	65945
169304	Jablah	SY	65915
12156822	Waterfront Communities-The Island	CA	65913
1855410	Niitsu-honchō	JP	65910
1638775	Lahat	ID	65906
1850707	Tanabe	JP	65903
6241325	로토루아	NZ	65901
338404	Duramē	ET	65900
1786969	Yaoji	CN	65897
8417598	Qiantang	CN	65894
3105184	Vilanova i la Geltrú	ES	65890
1800675	Mengyin	CN	65889
5130572	Parkchester	US	65876
3591833	Palín	GT	65873
982899	Lichtenburg	ZA	65863
3044082	터터바녀	HU	65849
4671524	Atascocita	US	65844
1280951	Jietou	CN	65843
5044407	Saint Cloud	US	65842
4354265	Ellicott City	US	65834
1260771	Palāsa	IN	65833
1790601	Xiangcheng	CN	65833
1816813	Bayiji	CN	65830
2649441	Finchley	GB	65812
5364329	Laguna Niguel	US	65806
894239	Chegutu	ZW	65800
1630935	Polewali	ID	65800
2042718	Myŏngch’ŏn	KP	65797
4406831	Saint Charles	US	65794
3385742	União dos Palmares	BR	65790
4696233	할링전	US	65774
1494573	Polevskoy	RU	65770
1796186	Shangkou	CN	65770
3171366	Pavia	IT	65734
1803728	Ligezhuang	CN	65714
11611615	Mitoyo	JP	65713
1271079	Gohāna	IN	65708
1259264	Pulivendla	IN	65706
1569856	Từ Sơn	VN	65697
2633485	렉섬	GB	65692
350370	Quwaysinā	EG	65690
1274430	Chengalpattu	IN	65689
2037820	Dashitou	CN	65683
638936	로바니에미	FI	65670
1689832	San Ildefonso	PH	65669
1688954	San Miguel	PH	65661
1807467	Huanghua	CN	65646
3096372	Kędzierzyn-Koźle	PL	65636
6317294	Ipixuna do Pará	BR	65625
664518	툴체아	RO	65624
1810920	Qingyang	CN	65622
13353691	Wadgaon Kolhati	IN	65620
1817858	Babu	CN	65603
2532412	Souq Sebt Oulad Nemma	MA	65601
3406196	Barreirinhas	BR	65589
3861344	Chivilcoy	AR	65575
1265331	Lādnūn	IN	65575
261779	Ioánnina	GR	65574
3445942	Tupã	BR	65570
1665892	우펑구	TW	65567
5954556	Fleetwood	CA	65565
3469437	Bom Jesus da Lapa	BR	65550
24851	Nūrābād	IR	65547
3401703	Coroatá	BR	65544
2467920	Korba	TN	65542
1183224	Basirpur	PK	65541
2033423	Yebaishou	CN	65536
1807645	Huaiyuan Chengguanzhen	CN	65530
5391791	샌클레멘테	US	65526
4792867	West Lynchburg	US	65517
233275	Iganga	UG	65500
411759	Al Manşūrah	QA	65493
5101170	Middletown	US	65490
377108	Burām	SD	65473
290269	Dār Kulayb	BH	65466
65785	Afgooye	SO	65461
2510281	Torremolinos	ES	65448
1606386	Sattahip	TH	65444
611847	수후미	GE	65439
1255396	Supaul	IN	65437
2650096	Ellesmere Port Town	GB	65430
184379	Narok	KE	65430
13665232	Fort Garry South	CA	65420
134518	Fīrūzābād	IR	65417
4937232	Framingham Center	US	65413
1813892	Xincheng	CN	65411
12432866	Itapoã	BR	65408
3024297	콜마르	FR	65405
143122	Ārān Bīdgol	IR	65404
3099213	그워구프	PL	65400
2110793	Tendō	JP	65393
400809	Bāqershahr	IR	65388
2635650	토키	GB	65388
1816406	Bianzhuang	CN	65381
2855598	Pankow	DE	65375
2508002	Aïn M’Lila	DZ	65371
527717	Meleuz	RU	65362
11244752	Ban Khoan	LA	65348
3515044	Tultepec	MX	65338
1793747	Suyangshan	CN	65333
539283	Kumertau	RU	65321
1271670	Gangārāmpur	IN	65316
1258740	Ramanathapuram	IN	65314
2905560	Herten	DE	65306
1269564	Jagraon	IN	65305
5136454	스키넥터디	US	65305
1735077	Perai	MY	65301
1215839	Urgut Shahri	UZ	65300
1256119	신나르	IN	65299
2034226	Hepingjie	CN	65298
3590616	Salamá	GT	65275
13645741	Bairro Militar	GW	65274
1266162	코파르가온	IN	65273
2562055	Skhirate	MA	65272
2357109	Nioko I	BF	65263
1623080	Tulungagung	ID	65262
1802880	Liuxin	CN	65258
2758012	카펠러안덴에이설	NL	65255
1863495	Gushikawa	JP	65251
1815971	Caoqiao	CN	65243
1040989	Manhiça	MZ	65240
1279003	Alīpur Duār	IN	65232
3582677	벨리즈시티	BZ	65222
1172318	Lala Musa	PK	65197
492094	슬라뱐스크나쿠바니	RU	65196
1280694	Longshan	CN	65192
2170089	Craigieburn	AU	65178
707565	Irpin	UA	65167
8285535	Villa de Vallecas	ES	65162
1811260	Fengrun	CN	65150
3460148	Januária	BR	65150
3453732	Pinheiros	BR	65145
5821086	샤이엔	US	65132
1185181	Lalmonirhat	BD	65127
3407407	Aquiraz	BR	65116
1255004	Tandur	IN	65115
1651555	Ambarawa	ID	65096
707099	Kalush	UA	65088
2540810	Ouezzane	MA	65088
1679845	Villasis	PH	65086
3463900	Estância	BR	65078
5415035	Broomfield	US	65065
4846834	에임스	US	65060
5130561	Park Slope	US	65047
4279247	쇼니	US	65046
2489865	Mecheria	DZ	65043
3395062	Maués	BR	65040
1804645	Kunyang	CN	65009
3405738	Bezerros	BR	65007
1121381	Bāzār-e Yakāwlang	AF	65000
1429434	Bāzārak	AF	65000
2651984	Cricklewood	GB	65000
3348581	Ganda	AO	65000
104828	King Faisal Military City	SA	65000
7646711	Patuakhali	BD	65000
5387152	Reseda	US	65000
3081318	Wrzeszcz	PL	65000
3437918	Itauguá	PY	64997
5967687	Guildford	CA	64985
3630893	Pampatar	VE	64983
4106458	콘웨이	US	64980
198476	Embu	KE	64979
347751	Sumusţā al Waqf	EG	64965
1792834	Tianzhuang	CN	64957
3665913	Villa del Rosario	CO	64951
5097441	East Orange	US	64949
1136575	Khulm	AF	64933
426272	Gitega	BI	64904
11612456	Sodegaura	JP	64901
341877	Bodītī	ET	64900
234077	Busia	UG	64900
1697384	Oas	PH	64890
1239593	Kolonnawa	LK	64887
3436199	Azul	AR	64884
2643567	러프버러	GB	64884
2906121	Herford	DE	64879
1803560	Lingao	CN	64874
1862373	히타 시	JP	64874
4906500	Portage Park	US	64841
3398343	Igarapé Miri	BR	64831
948468	Tongaat	ZA	64829
4911600	스코키	US	64821
1795241	Shikang	CN	64818
3173775	Massa	IT	64783
2917540	Grevenbroich	DE	64779
833262	Čair	MK	64773
3982266	테카테	MX	64764
11549984	Valverde	ES	64757
358115	Dishnā	EG	64744
622794	Rechytsa	BY	64733
1266849	Khatauli	IN	64731
2812482	바이마르	DE	64727
3470052	Bertioga	BR	64723
1925943	Hwawŏn	KR	64718
1811378	Fenggang	CN	64715
1466021	Vīrarāghavapuram	IN	64698
325103	Ahlat	TR	64695
7259621	West Bloomfield Township	US	64690
2113077	아사히 시	JP	64690
4174738	Tamarac	US	64681
2293801	Yendi	GH	64676
1255955	Siuri	IN	64659
1185236	Rāipur	BD	64652
3460966	Itaberaba	BR	64646
1214488	Meulaboh	ID	64646
2241371	Dondo	AO	64643
2241372	Dondo	AO	64643
2392837	Malanville	BJ	64639
1162868	Usta Muhammad	PK	64632
5177568	영스타운	US	64628
2636177	톤턴	GB	64621
1850108	Tomigusuku	JP	64612
1684016	Talavera	PH	64610
3645981	차카오 시	VE	64609
3804949	Guasdualito	VE	64608
2524881	크로토네	IT	64603
5367565	로디	US	64596
2515812	La Línea de la Concepción	ES	64595
5377654	노스할리우드	US	64587
1798973	Picheng	CN	64585
4580543	그린빌	US	64579
1797158	Renzhao	CN	64569
1239047	Kotikawatta	LK	64565
730435	하스코보	BG	64564
3840092	Puerto Madryn	AR	64555
1864099	후지오카 시	JP	64539
1634718	Muncar	ID	64537
6990539	Bīna	IN	64529
230725	Koboko	UG	64500
1260707	Pālitāna	IN	64497
1734826	Taman Senawang Indah	MY	64497
1815656	Changli	CN	64476
1848573	야나가와 시	JP	64475
3183455	Afragola	IT	64470
1825978	Preaek Prasab	KH	64466
3460826	Itamaraju	BR	64455
324490	Akşehir	TR	64446
3988258	Sahuayo de Morelos	MX	64431
4679944	Celina	US	64427
1274496	Chaumu	IN	64417
1820906	반다르스리브가완	BN	64409
1804874	Kaihua	CN	64404
1785698	Yunmeng Chengguanzhen	CN	64390
483029	Tikhoretsk	RU	64387
1732755	Gelang Patah	MY	64375
1650119	Bantul	ID	64360
2634686	Waterlooville	GB	64350
1787266	Yangzhou	CN	64349
3140390	산네피오르	NO	64345
1861699	Imaichi	JP	64323
501215	Rossosh’	RU	64323
3456826	Montenegro	BR	64322
12808676	Maison Blanche	FR	64302
336496	Gimbi	ET	64300
710554	Sheptytskyi	UA	64297
1850745	다마나 시	JP	64292
1713857	Enrique B. Magalona	PH	64290
3050616	커포슈바르	HU	64280
4709013	Mansfield	US	64274
1270474	Hālol	IN	64265
1868578	태탄읍	KP	64258
1123004	Taloqan	AF	64256
1873172	Ongjin	KP	64247
3839982	푼타알타	AR	64244
1266416	Kodār	IN	64234
480716	투압세	RU	64234
686578	알바이울리아	RO	64227
2891524	Kerpen	DE	64226
2467246	Skanes	TN	64222
5393052	샌타크루즈	US	64220
5382496	피코 리비에라	US	64218
10689545	Bāngarda Chhota	IN	64213
2311127	Tshela	CD	64210
5369568	Madera	US	64208
3445630	Vacaria	BR	64197
2035325	Qinggang	CN	64182
2320920	Uga	NG	64179
2420884	Fria	GN	64169
1255265	Tādepalle	IN	64149
2454530	쿨리코로	ML	64128
1254354	Tirupattur	IN	64125
5257754	제인스빌	US	64123
11204500	Ali Mendjeli	DZ	64120
3387115	Surubim	BR	64120
711660	Boryspil	UA	64117
4881346	West Des Moines	US	64113
3436728	Villa Elisa	PY	64099
583350	알렉산드로프	RU	64088
1855580	Narutochō-mitsuishi	JP	64082
12157129	Santiago	PE	64075
1164896	Sibi	PK	64069
2513759	Molina de Segura	ES	64065
355596	Ihnāsīyah	EG	64058
2225728	Mutengene	CM	64054
7302830	Chinnachowk	IN	64053
1275462	Bishnupur	IN	64041
2512862	Paterna	ES	64023
1278697	Āmūr	IN	64023
256075	Palaió Fáliro	GR	64021
506043	Kotlovka	RU	64000
326116	Wik’ro	ET	64000
1693077	Polomolok	PH	63987
3434141	Ensenada	AR	63978
1277814	Baheri	IN	63953
1261613	나왈가르	IN	63948
3455047	Paranoá	BR	63923
5374322	몬테벨로	US	63921
11664525	Ānaiyūr	IN	63917
3403687	Camocim	BR	63907
1265579	Kunnamkulam	IN	63903
1623096	Tulangan Utara	ID	63889
2655262	Bognor Regis	GB	63885
1083724	Ambanja	MG	63884
3563843	Colón	CU	63882
1259056	Rāghogarh	IN	63873
3628550	San Antonio de Los Altos	VE	63873
1254274	Tohāna	IN	63871
1736278	캉아르	MY	63869
2971053	Valence	FR	63864
2641520	Newtownabbey	GB	63860
2524907	Cosenza	IT	63852
2984701	캥페르	FR	63849
1694403	Pateros	PH	63840
3601787	San Pedro de Copán	HN	63829
1563241	Thành Phố Uông Bí	VN	63829
7328899	Dengbu	CN	63814
1168015	Pindi Gheb	PK	63810
3391908	Piripiri	BR	63787
188492	마차코스	KE	63767
1732742	Kulai	MY	63762
2923822	풀다	DE	63760
1787646	Yangcun	CN	63756
1784553	Zhicheng	CN	63753
367308	셴디	SD	63746
1672228	마궁 시	TW	63745
905846	Mpika	ZM	63740
2422924	Boké	GN	63736
4693342	Georgetown	US	63716
2313084	Mangai	CD	63713
172503	As Safīrah	SY	63708
1802020	Lulou	CN	63704
6942644	Hull	CA	63702
344282	‘Alemaya	ET	63700
2434910	Bongor	TD	63699
1153081	깐짜나부리	TH	63699
1269154	Jatani	IN	63697
1048364	Chokwé	MZ	63695
4179574	Alpharetta	US	63693
6825495	Fujiidera	JP	63688
1278454	Arni	IN	63671
2797670	Genk	BE	63666
1852347	Shimodate	JP	63666
725578	Yambol	BG	63656
1274243	Chik Ballāpur	IN	63652
2043484	Kilju	KP	63652
5161262	Lorain	US	63647
1817701	Baihecun	CN	63629
2361477	Dédougou	BF	63617
4285268	볼링그린	US	63616
1608232	농카이	TH	63609
1809677	Guanyin	CN	63606
5117388	Flatlands	US	63601
4353765	Dundalk	US	63597
3467362	Capão da Canoa	BR	63594
374272	New Halfa	SD	63589
2935825	Dormagen	DE	63582
464625	Zarechnyy	RU	63579
3188434	우지체	RS	63577
2654394	Buckley	GB	63576
1818004	Mabai	CN	63569
3405792	Benevides	BR	63567
3093524	레슈노	PL	63565
2950438	Bergheim	DE	63558
1856068	나고 시	JP	63554
2473551	El Mgarsa	TN	63528
2277241	Ganta	LR	63523
1772808	Jelutong	MY	63507
1606588	Samut Sakhon	TH	63498
5025219	Eden Prairie	US	63496
1736302	Jitra	MY	63489
666767	슬라티나	RO	63487
5101879	North Bergen	US	63484
6949382	Pittwater	AU	63482
291580	Zayed City	AE	63482
3070291	Most	CZ	63474
8310183	Korydallós	GR	63445
2647984	그레이트야머스	GB	63434
3897774	Buin	CL	63419
3123329	El Prat de Llobregat	ES	63418
1799908	Nanlong	CN	63405
2642414	Mitcham	GB	63393
1272694	Dhubri	IN	63388
7261268	Florence-Graham	US	63387
1786145	Youxi	CN	63386
4954380	Waltham	US	63378
1275230	Borsad	IN	63377
7284840	Budapest XX. kerület	HU	63371
2649571	Feltham	GB	63368
1283621	Siddharthanagar	NP	63367
2922586	Garbsen	DE	63355
2279526	Zagné	CI	63341
827329	파블로보	RU	63338
2643044	Margate	GB	63322
197226	Githunguri	KE	63319
12718630	Githunguri	KE	63319
2314935	Kenge	CD	63317
1789693	Xiazhuang	CN	63285
3430708	Mercedes	AR	63284
4845411	West Hartford	US	63268
2473483	Kelaa Kebira	TN	63264
10963038	Ōjima	JP	63254
2487452	밀라	DZ	63251
3877794	Padre Hurtado	CL	63250
8435741	Põhja-Tallinn	EE	63240
3404020	Cajazeiras	BR	63239
2302541	Buduburam	GH	63217
1506271	고르노알타이스크	RU	63214
1815779	Changcheng	CN	63208
9123882	Shanwang	CN	63195
2659836	루가노	CH	63185
1271819	Gadwāl	IN	63177
305359	쿠샤다스	TR	63177
785082	테토보	MK	63176
294760	Hod HaSharon	IL	63175
3080004	조리	PL	63174
1643981	Godean	ID	63164
4128894	로저스	US	63159
6071618	메디신햇	CA	63138
3184862	루슈녀	AL	63135
286839	Qurayyāt	OM	63133
5957776	프레더릭턴	CA	63116
3408368	Acaraú	BR	63104
1259704	Pidugurālla	IN	63103
3880107	멜리피야	CL	63100
579514	발라흐나	RU	63083
3622247	리몬	CR	63081
3124794	Collado-Villalba	ES	63074
1816256	Botou	CN	63045
1697023	Orion	PH	63044
6573901	Uiwang	KR	63040
663118	바슬루이	RO	63035
4150066	Carol City	US	63031
1896953	Pubal	KR	63026
2293260	Agnibilékrou	CI	63015
1280703	Liuku	CN	63013
3882434	Los Andes	CL	63009
3558771	Florida	CU	63007
2467959	Kélibia	TN	62993
2038446	Baoqing	CN	62991
298316	Urla	TR	62989
618800	Horad Zhodzina	BY	62983
2328790	Nkwerre	NG	62973
1819353	Mong Kok	HK	62967
361457	Al Bājūr	EG	62961
1549819	Shizhai	CN	62956
5969721	Halton Hills	CA	62951
3391412	Portel	BR	62945
5346646	엔시니터스	US	62930
1256698	Sheikhpura	IN	62927
12324298	Jinggou	CN	62917
124838	Māhdāsht	IR	62910
2348892	Auchi	NG	62907
1000543	Graaff Reinet	ZA	62896
3103709	베우하투프	PL	62896
3467791	Campo Bom	BR	62886
1256047	Sirsi	IN	62882
1261309	Nipāni	IN	62865
300352	Sorgun	TR	62862
1549756	Fanlou	CN	62859
1698030	Nasugbu	PH	62857
5908809	Brighouse-City Centre	CA	62855
11549981	Pueblo Nuevo	ES	62840
1274987	카루르	IN	62836
5116093	이스트빌리지	US	62832
2110927	Tagajō-shi	JP	62827
203112	Butare	RW	62823
3057124	트르나바	SK	62806
2473496	Moknine	TN	62802
2615006	라네르스	DK	62802
2525448	Caltanissetta	IT	62797
2656955	애슈퍼드	GB	62787
4939085	헤이브릴	US	62765
1815678	Changle	CN	62763
1626185	Sumbawa Besar	ID	62753
557775	Gus’-Khrustal’nyy	RU	62746
3392251	Pesqueira	BR	62722
1276948	Bāri	IN	62721
4160610	Jupiter	US	62707
1261227	Nokha	IN	62699
3836194	Santa Lucía	AR	62697
692105	Dovzhansk	UA	62691
3991347	Puerto Peñasco	MX	62689
570479	부이낙스크	RU	62689
3902949	Tiquipaya	BO	62675
1733697	Semporna	MY	62641
748870	Çubuk	TR	62602
1502061	Krasnoturinsk	RU	62600
4852832	Council Bluffs	US	62597
1607708	핏사눌록	TH	62584
578120	Belebey	RU	62582
3454358	Pedro Leopoldo	BR	62580
206847	Nyunzu	CD	62565
4177703	Wellington	US	62560
1253150	Vinukonda	IN	62550
2638678	세일	GB	62550
3345283	토니팬디	GB	62545
12358566	Miaojie	CN	62540
2036338	Kaitong	CN	62537
5052361	West Coon Rapids	US	62528
3628060	Colón	VE	62513
1785212	Zhangjiachuan	CN	62497
3020839	드랑시	FR	62488
1798733	Pingnan	CN	62483
2657697	Acton	GB	62480
1168166	Phalia	PK	62453
1840179	Kosong	KR	62446
2397169	Ntoum	GA	62445
2111018	시로이 시	JP	62441
4166232	노스마이애미	US	62435
697593	Pervomaysk	UA	62426
2990189	Noisy-le-Grand	FR	62420
1004109	Fochville	ZA	62416
1258207	Renukūt	IN	62413
2487293	Mohammadia	DZ	62410
3053281	에르드	HU	62408
4513575	해밀턴	US	62407
1281368	Dêqên	CN	62400
6543862	Villeneuve-d'Ascq	FR	62400
3981791	San Francisco Tesistán	MX	62397
1813016	Songyang	CN	62375
2567529	Grao de Murviedro	ES	62368
1785980	Yucheng	CN	62365
2555519	Benslimane	MA	62352
4166274	North Port	US	62345
3395395	Marechal Deodoro	BR	62341
3006414	라센쉬르메르	FR	62330
6317029	Dom Eliseu	BR	62322
1794465	Shuikou	CN	62321
5403783	Tulare	US	62315
102891	라스 타누라	SA	62314
1217180	Kogon Shahri	UZ	62300
3466978	Carazinho	BR	62265
1262240	Nagari	IN	62253
2082727	Abepura	ID	62248
499717	르제프	RU	62246
3045190	쇼프론	HU	62246
5022025	쿤래피즈	US	62240
3186084	베라트	AL	62232
1513271	Asaka	UZ	62200
567990	Chistopol’	RU	62200
13535744	Holosiyiv	UA	62200
13580130	Shulyavka	UA	62200
2998975	르발루아페레	FR	62178
3400804	Escada	BR	62174
3939285	Huaral	PE	62174
707601	Inhulets	UA	62173
3469540	Boituva	BR	62170
3164433	Viareggio	IT	62169
2311968	Nioki	CD	62153
1274256	체다바람	IN	62153
11612482	Tanba	JP	62152
1681766	Tinongan	PH	62146
5778352	Millcreek	US	62139
831165	Zarechnyy	RU	62139
2034791	Shuangyang	CN	62137
2035593	Nianzishan	CN	62131
5363922	라 하브라	US	62131
5018651	Blaine	US	62124
1273745	Dabwāli	IN	62113
1256388	Sibsāgar	IN	62104
1865047	아사쿠사	JP	62092
1261739	Narwāna	IN	62090
203717	Yangambi	CD	62082
483019	티흐빈	RU	62075
3541440	Sagua la Grande	CU	62073
4830796	오번	US	62059
1699572	Minglanilla	PH	62058
1261066	Okha	IN	62052
2378538	키파	MR	62051
1798632	Pingyin	CN	62050
125877	Lār	IR	62045
3399506	Floriano	BR	62036
1166164	Sanghar	PK	62033
156479	Korogwe	TZ	62032
12022702	Downtown Vancouver	CA	62030
3456138	Nova Odessa	BR	62019
766027	웜자	PL	62019
2038283	Bin Xian	CN	62017
1732746	Kempas	MY	62011
3055970	Angyalföld	HU	62006
123205	Meshkīn Dasht	IR	62005
3053176	Erzsébetváros	HU	62000
330534	Mīzan Teferī	ET	62000
13665129	Nani Daman	IN	62000
1797715	Qingshuping	CN	62000
501231	Rossosh’	RU	62000
12750582	Seremban 2	MY	62000
13631665	gorod Solnetchnogorsk	RU	62000
785756	스메데레보	RS	62000
3120304	Irun	ES	61983
5364499	Lake Elsinore	US	61981
2036619	Hushitai	CN	61979
1784647	Zhaobaoshan	CN	61979
510225	Petrodvorets	RU	61973
1265828	Kuchāman	IN	61969
11612340	Miyoshi	JP	61952
1261369	Nīmbāhera	IN	61949
537281	라빈스크	RU	61945
2354675	텐코도고	BF	61936
1785222	Zhangji	CN	61929
7284895	Marseille 14	FR	61920
12547038	Picpus	FR	61920
932521	Maputsoe	LS	61916
3162657	아스케르	NO	61906
1806651	Huoqiu Chengguanzhen	CN	61904
1898359	Mudu	CN	61902
3042638	절러에게르세그	HU	61898
1811184	Fengyi	CN	61890
1800101	Nandu	CN	61881
3932145	Pisco	PE	61869
1256382	Siddhapur	IN	61867
1147242	Bāmyān	AF	61863
1802659	Longfeng	CN	61862
1793139	Taoluo	CN	61852
2367568	Bassar	TG	61845
3496331	Moca	DO	61834
1505429	Iskitim	RU	61827
3104342	Zamora	ES	61827
293842	Kiryat Gat	IL	61817
621074	Svetlogorsk	BY	61812
1272525	Diphu	IN	61797
3388269	São Miguel dos Campos	BR	61797
1278173	아투르	IN	61793
358388	Darāw	EG	61790
2555882	Beni Enzar	MA	61786
502011	Revda	RU	61785
1575703	Long Mỹ	VN	61781
11612553	Kōshi	JP	61772
534595	Lobnya	RU	61772
1786587	Yingshang Chengguanzhen	CN	61771
3519907	San Andrés Tuxtla	MX	61769
2823538	Tempelhof	DE	61769
5334336	Carmichael	US	61762
1606147	송클라	TH	61758
988356	Kokstad	ZA	61751
1831173	Kampong Cham	KH	61750
1258290	Rāyadrug	IN	61749
2638419	스카버러	GB	61749
1790434	Xiangzhou	CN	61748
1848593	Yamato-Takada	JP	61744
3394500	Morada Nova	BR	61738
1258352	Rāth	IN	61728
430569	Ngozi	BI	61716
12047416	Al Shamkhah City	AE	61710
1196292	Lakshmīpur	BD	61703
1512339	Yangiyŭl	UZ	61700
1798480	Yongning	CN	61690
2810678	Wesel	DE	61685
3454235	Penápolis	BR	61679
470444	빅사	RU	61664
4012721	Cortazar	MX	61658
252664	Tríkala	GR	61653
2491578	Kolea	DZ	61643
3027422	샹베리	FR	61640
2618528	콜링	DK	61638
3400567	Extremoz	BR	61635
1788522	Xinye	CN	61633
13353585	Cheruvannur	IN	61614
7284835	Budapest XIX. kerület	HU	61610
110312	Ad Dir‘īyah	SA	61609
565955	드미트로프	RU	61607
1849414	Ueno-ebisumachi	JP	61598
493160	시바이	RU	61590
1179377	Faqirwali	PK	61586
2036055	Lishu	CN	61584
2038665	Oroqen Zizhiqi	CN	61582
3795152	La Fría	VE	61568
5011908	Taylor	US	61568
2472774	베자	TN	61568
2522098	Alcoy	ES	61552
3382160	카옌	GF	61550
1907123	Hasuda	JP	61540
2444489	Gaya	NE	61533
1790413	Xianju	CN	61532
359900	Aş Şaff	EG	61531
1702934	말라이발라이	PH	61524
2225991	Mora	CM	61523
2184397	포리루아	NZ	61500
1253080	Vriddhāchalam	IN	61498
704901	코로스텐	UA	61496
2701680	칼스타드	SE	61492
2750325	Nieuwegein	NL	61489
5019767	Burnsville	US	61481
13132799	Tamba	JP	61471
1276977	Bārh	IN	61470
1806248	Jianguang	CN	61469
5374406	Monterey Park	US	61468
2633954	Widnes	GB	61464
2361177	Djibo	BF	61462
3463698	Euclides da Cunha	BR	61456
3049795	Kispest	HU	61453
3012649	이시레몰리노	FR	61447
2037611	Dongning	CN	61440
220448	아케티	CD	61437
8417599	Dashi	CN	61426
3385106	Viçosa do Ceará	BR	61410
692372	Stryi	UA	61404
2891621	Kempten (Allgäu)	DE	61399
2542898	Mdiq	MA	61398
362552	Abū Ḩummuş	EG	61388
5334928	캐스트로밸리	US	61388
3457736	Mariana	BR	61387
1256750	Shāhāda	IN	61376
1680704	Tunasan	PH	61374
2479609	Sig	DZ	61373
8858087	San Salvador Tizatlalli	MX	61367
2521570	Arrecife	ES	61351
3167022	Savona	IT	61345
2312249	Mushie	CD	61336
5099724	Irvington	US	61323
2831948	Sindelfingen	DE	61311
251948	Výronas	GR	61308
330491	Mojo	ET	61300
2990611	뇌이쉬르센	FR	61300
1805563	Tianchang	CN	61292
2111859	Mizusawa	JP	61281
1273751	Dabra	IN	61277
2745774	Veenendaal	NL	61271
3617697	Mateare	NI	61234
3707961	La Chorrera	PA	61232
2112077	Kuroiso	JP	61230
3406442	Barbalha	BR	61228
2835482	Schwäbisch Gmünd	DE	61216
5388319	Rocklin	US	61213
1626758	Slawi	ID	61206
59611	갈카요	SO	61200
581357	아파티티	RU	61186
1864637	지치부 시	JP	61159
2112263	게센누마 시	JP	61147
3404117	Caicó	BR	61146
2638960	Runcorn	GB	61145
3470709	Barra do Garças	BR	61135
1253944	Udumalaippettai	IN	61133
339448	Dembī Dolo	ET	61100
5142056	Utica	US	61100
1712600	Gubat	PH	61095
11496397	Dar Naim	MR	61089
2033866	Xifeng	CN	61087
1813451	Datong	CN	61085
3629606	Punta de Mata	VE	61080
2619771	호르센스	DK	61074
3436152	반필드	AR	61072
4942939	몰든	US	61068
750605	Biga	TR	61066
1863082	하시모토 시	JP	61063
5376200	내셔널시티	US	61060
1497173	노보알타이스크	RU	61050
1631851	Pecangaan	ID	61046
2654187	베리	GB	61044
2651286	Dewsbury	GB	61035
3188402	발레보	RS	61035
1800006	Nanhu	CN	61034
1786759	Yicheng	CN	61027
2015833	Svobodnyy	RU	61017
1612696	Ban Tha Kham	TH	61011
2656396	Bangor	GB	61011
1861280	Itoman	JP	61007
337853	Felege Neway	ET	61000
499161	Sal’sk	RU	61000
3937547	Villa Poeta José Gálvez Barrenechea	PE	61000
486968	Stupino	RU	60999
3185670	Fier-Çifçi	AL	60995
122397	Nekā	IR	60991
1735433	Parit	MY	60988
1764375	Kampong Sidam	MY	60983
3121145	Granollers	ES	60981
3177219	Fano	IT	60978
8436473	Financial District	US	60976
1846095	Chinch'ŏn	KR	60964
1254420	Tiptūr	IN	60957
1257800	Sahaswān	IN	60953
1252956	Wanparti	IN	60949
2743977	제이스트	NL	60949
2536074	Sidi Bennour	MA	60948
1251081	아누라다푸라	LK	60943
3083440	타르노프스키에구리	PL	60938
1789546	Xiema	CN	60933
1722818	Buluan	PH	60931
3175786	Grosseto	IT	60922
307657	Kırıkhan	TR	60916
226234	Soroti	UG	60900
1787144	Yanliang	CN	60891
2034615	Tahe	CN	60874
5754005	스프링필드	US	60870
877998	Mbinga	TZ	60868
4348599	베데스다	US	60858
13132929	San Miguel	PE	60850
149027	Uyovu	TZ	60849
6089125	Norfolk County	CA	60847
1256087	Sirhind	IN	60847
358274	Dayr Mawās	EG	60835
6822154	Jōsō	JP	60834
2037494	Erdaojiang	CN	60831
6822212	아이사이 시	JP	60829
4265737	테레호테	US	60825
1277022	Bārdoli	IN	60821
705392	Kolomyia	UA	60821
3834601	Tartagal	AR	60819
4504621	Vineland	US	60818
4177834	West Hollywood	US	60806
504935	Prokhladnyy	RU	60800
233476	포트포털	UG	60800
1792916	Tianpeng	CN	60797
2971549	트루아	FR	60785
1640185	Kertosono	ID	60782
6089692	North Delta	CA	60769
3065112	Stodůlky	CZ	60758
3456827	Monte Mor	BR	60754
3428050	Sarandí	AR	60752
1788206	Xixiang	CN	60745
2656065	Beckenham	GB	60739
1162316	Yazman	PK	60738
2786824	세랭	BE	60737
3598678	Chicacao	GT	60735
3669346	San Marcos	CO	60735
198547	El Wak	KE	60732
11962428	Republica	BR	60720
197334	Gilgil	KE	60711
197335	Upper Gilgil	KE	60711
493231	슈야	RU	60705
1617111	Ban Lam Luk Ka	TH	60700
495394	Shchëkino	RU	60700
6822207	도와다 시	JP	60697
4726491	San Marcos	US	60684
1262852	Mokameh	IN	60678
1786910	Yaowan	CN	60668
5110077	Brentwood	US	60664
2649672	Farnborough	GB	60652
572665	보르	RU	60647
294999	Givatayim	IL	60644
1278466	Arāmbāgh	IN	60639
5034059	Lakeville	US	60633
2035707	Mujiayingzi	CN	60627
5278420	West Allis	US	60620
11611476	Yame	JP	60608
1259400	Poonamalle	IN	60607
2635269	Tynemouth	GB	60605
2296564	Akim Oda	GH	60604
564719	두브나	RU	60604
3461550	Ibitinga	BR	60600
5808079	레드먼드	US	60598
2513477	Motril	ES	60592
6822171	기노카와 시	JP	60592
1267267	Keonjhargarh	IN	60590
3440034	타콰렘보	UY	60586
1812792	Dingjia	CN	60585
3632399	Mene Grande	VE	60580
2331939	Lokoja	NG	60579
5333913	Canoga Park	US	60578
5341145	쿠퍼티노	US	60572
12503616	Bhadravati	IN	60565
1680505	Ualog	PH	60548
4013712	Ciudad Hidalgo	MX	60542
1816924	Langzhong	CN	60542
5782476	테일러스빌	US	60514
1851125	Takaishi	JP	60511
1804106	Liancheng	CN	60504
1803998	Jiangbei	CN	60466
1058532	Moramanga	MG	60456
5282835	브리스틀	US	60452
4542975	무어	US	60451
5351549	가데나	US	60447
1802550	Longgang	CN	60444
6317801	Novo Repartimento	BR	60438
5382232	Petaluma	US	60438
314967	페티예	TR	60437
5179995	Bensalem	US	60427
12326384	District of Taher	DZ	60426
3587587	Zacapa	GT	60424
2647074	헤리퍼드	GB	60415
3173721	Matera	IT	60403
2542227	Midelt	MA	60390
5423573	Grand Junction	US	60358
12324508	Taitou	CN	60354
3084093	Świdnica	PL	60351
3465105	Cruz das Almas	BR	60348
3172087	Olbia	IT	60345
927246	Mangochi	MW	60338
1813851	Gushu	CN	60335
11612582	Sanyōonoda	JP	60326
1260448	Panruti	IN	60323
361360	Al Burj	EG	60320
1811140	Fenshui	CN	60308
3457095	Mirassol	BR	60303
8200824	Mirdif	AE	60288
5820705	캐스퍼	US	60285
906043	Monze	ZM	60281
13118228	Setia Tropika	MY	60279
6822175	시모쓰케 시	JP	60274
1791161	Wujing	CN	60260
3068927	오파바	CZ	60252
1269784	Ilkal	IN	60242
4724194	Rowlett	US	60236
2610613	바일레	DK	60231
774558	헤움	PL	60231
1718328	Cogan	PH	60230
1266509	Kīratpur	IN	60223
1791347	Wucheng	CN	60212
3465164	Cristalina	BR	60210
1785572	Yuxia	CN	60206
1851259	다하라 시	JP	60206
3534915	트리니다드	CU	60206
1797038	Runan	CN	60202
1513017	Parkent	UZ	60200
1253079	Vrindāvan	IN	60195
2581754	Douane	TN	60192
1266385	Kodungallūr	IN	60190
3454231	Penedo	BR	60189
128847	Bandar-e Kangān	IR	60187
1225018	Vavuniya	LK	60176
2498954	Ech Chettia	DZ	60170
1801455	Zhijiang	CN	60169
2844988	로젠하임	DE	60167
11611613	Nagakute	JP	60162
1261553	Nedumangād	IN	60161
2636616	스트라우드	GB	60155
12324486	Gucheng	CN	60149
1727663	Bambang	PH	60146
1793089	Taozhuang	CN	60137
3083426	Tczew	PL	60133
3449720	Santo Amaro	BR	60131
1529239	Sandaohezi	CN	60129
704422	Pokrovsk	UA	60127
1323815	Hpākān	MM	60123
144795	Ābyek	IR	60107
6825500	Sennan	JP	60102
400769	Laascaanood	SO	60100
1786382	Yongbei	CN	60099
2647639	Halesowen	GB	60097
5363990	La Mesa	US	60089
2960992	워터퍼드	IE	60079
4168459	Pine Hills	US	60076
3523513	Martínez de la Torre	MX	60074
285787	쿠웨이트시티	KW	60064
11523810	Melbourne City Centre	AU	60057
1847968	Zushi	JP	60055
512023	Pavlovskiy Posad	RU	60051
11611625	Hyūga	JP	60037
12450879	Dazeshan	CN	60034
11962425	Bela Vista	BR	60024
3449340	São Borja	BR	60019
1159713	Sarāvān	IR	60014
3815453	Villa Vicente Guerrero	MX	60001
12746668	Ara Damansara	MY	60000
1277322	Bangaon	IN	60000
5108815	Bensonhurst	US	60000
12750583	Bukit Indah	MY	60000
7280718	Colonia Nativitas	MX	60000
1179346	Faruka	PK	60000
3121663	Gamonal	ES	60000
3433522	Hurlingham	AR	60000
3012142	Juan-les-Pins	FR	60000
187113	Mbale	KE	60000
2236360	Nzagi	AO	60000
2377539	Néma	MR	60000
514284	Ostankinskiy	RU	60000
10792382	Putra Heights	MY	60000
5386039	Rancho Penasquitos	US	60000
6618856	Santutxu	ES	60000
485630	Sviblovo	RU	60000
11838960	Valley Glen	US	60000
13494190	Vinhomes Ocean Park	VN	60000
1790848	Wuzhen	CN	60000
1783920	Zhujiajiao	CN	60000
2653265	첼시	GB	60000
5113481	코니아일랜드	US	60000
4838524	Meriden	US	59988
1584287	Dại Mỗ	VN	59980
1261754	Narsimhapur	IN	59966
1683319	Tanay	PH	59950
1697376	Obando	PH	59929
11612554	Uki	JP	59928
4004887	Heroica Caborca	MX	59922
5006166	폰티액	US	59917
1735022	Temerluh	MY	59916
1843841	화순	KR	59914
7302844	Ponnur	IN	59913
3183541	Acerra	IT	59910
1806327	Jiangkou	CN	59902
7931312	Maqin County	CN	59900
3396266	Limoeiro do Norte	BR	59890
1285899	Yamethin	MM	59867
1267486	Kathua	IN	59866
4169156	Port Orange	US	59866
2513917	Mérida	ES	59857
1648084	Boyolali	ID	59851
4835654	Hamden	US	59847
3037423	Antony	FR	59845
3397702	Jacundá	BR	59842
1261181	North Lakhimpur	IN	59841
1799832	Pucheng	CN	59832
5800420	레이크우드	US	59829
1728584	Balagtas	PH	59826
2945358	브란덴부르크안데어하펠	DE	59826
1838508	Buyeo	KR	59823
13494073	Bang Khae Nuea	TH	59821
1263427	Masaurhi Buzurg	IN	59803
1466012	Nerkunram	IN	59790
6822194	Kosai	JP	59770
4156091	Fountainebleau	US	59764
3089125	피에카리실롱스키에	PL	59757
1710441	Itogon	PH	59736
722437	베케슈처버	HU	59732
2842884	Rüsselsheim am Main	DE	59730
878549	Zvishavane	ZW	59717
5010978	Saint Clair Shores	US	59715
264194	Agía Paraskeví	GR	59704
330764	Metu	ET	59700
1607284	Prachantakham	TH	59696
4525353	스프링필드	US	59680
1256620	Shegaon	IN	59672
3630896	Pampán	VE	59657
7279752	Mandideep	IN	59654
2287298	Katiola	CI	59641
5655240	Great Falls	US	59638
2491323	Ksar el Boukhari	DZ	59634
3388270	São Miguel do Guamá	BR	59632
2112980	Date	JP	59625
2343641	Ekpoma	NG	59618
1260959	Pāchora	IN	59609
351434	Nag Hammâdi	EG	59601
1817543	Baimajing	CN	59585
8516975	Tuanbao	CN	59580
3540680	San Cristobal	CU	59579
2757220	Den Helder	NL	59569
4460162	Chapel Hill	US	59568
2885657	Berlin Köpenick	DE	59561
3173287	Molfetta	IT	59557
3533005	Altamira	MX	59536
5333944	Canyon Country	US	59530
1270947	Gobichettipalayam	IN	59523
1626921	Sengkang	ID	59523
1271644	Gangoh	IN	59519
764849	Mielec	PL	59509
281141	Dayr al Balaḩ	PS	59504
784759	Ferizaj	XK	59504
11612472	Shirakawa	JP	59491
135298	Esfarāyen	IR	59490
1269655	Itanagar	IN	59490
3598025	Comitancillo	GT	59489
5942845	Drummondville	CA	59489
3583102	손소나테	SV	59468
1791428	Wenshang	CN	59455
3461124	Ipirá	BR	59435
5358736	Huntington Park	US	59430
2691459	Mölndal	SE	59430
2227402	Meïganga	CM	59426
3006767	라로슈쉬르용	FR	59410
3385899	Tutóia	BR	59398
6822112	지쿠마 시	JP	59381
2035758	Mingshui	CN	59369
11611610	Ogōri	JP	59360
2556464	Azrou	MA	59348
262135	Galátsi	GR	59345
5197079	랭커스터	US	59339
10265191	Jaitpur	IN	59330
12324248	Huiqu	CN	59323
433774	Aş Şāliḩīyah al Jadīdah	EG	59320
1261852	Narasapur	IN	59306
3468425	Cachoeiras de Macacu	BR	59303
4151455	Coconut Creek	US	59302
326321	Wendo	ET	59300
3872255	San Felipe	CL	59294
1272722	Dhone	IN	59272
3461017	Irati	BR	59250
2037311	Gannan	CN	59239
2857798	Offenburg	DE	59238
3345440	Craigavon	GB	59236
2293507	Aboisso	CI	59225
1638562	Lamongan	ID	59224
13609088	Pánlóngchéng Jīngjì Kāifāqū	CN	59207
4705708	Leander	US	59202
351708	Nabarūh	EG	59202
1808106	Hongjiang	CN	59199
493702	Mikhaylovsk	RU	59198
1258868	Rājgarh	IN	59193
3670419	Sahagún	CO	59188
1806167	Jian’ou	CN	59187
5596475	Idaho Falls	US	59184
543704	코틀라스	RU	59180
3682292	Fundación	CO	59175
725993	Veliko Tŭrnovo	BG	59166
5392567	San Rafael	US	59162
1549691	Tashan	CN	59162
2037370	Jixian	CN	59160
1808181	Hezuo	CN	59148
3512208	Azua	DO	59139
12157056	Wanchaq	PE	59134
260133	Chalkída	GR	59125
601417	Oltinko‘l	UZ	59122
145449	Abadeh	IR	59116
1253888	Ullal	IN	59116
48918	Ābādeh	IR	59116
1702096	Manaoag	PH	59115
3451261	Rio Bonito	BR	59113
2881085	Langenfeld	DE	59112
8469658	Al Warqaa	AE	59111
1809003	Haizhou	CN	59098
290594	Umm Al Quwain City	AE	59098
4924198	Noblesville	US	59093
6104319	Pierrefonds	CA	59093
1260454	Panna	IN	59091
376450	Dilling	SD	59089
1802640	Longgu	CN	59086
1786720	Yigou	CN	59073
3835793	Santo Tomé	AR	59072
2221030	Yagoua	CM	59069
4207783	매리에타	US	59067
3837675	San Francisco	AR	59062
3386551	Tauá	BR	59062
1487281	베르흐냐야피시마	RU	59061
3052655	Ferencváros	HU	59056
172408	수와이다	SY	59052
4834157	페어필드	US	59052
1490256	Talnakh	RU	59051
2036241	Langtoucun	CN	59046
4303436	오언즈버러	US	59042
7083355	Jose Rizal	PH	59040
8096217	이스트베일	US	59039
3140084	사릅스보르그	NO	59038
1732700	Simpang Renggam	MY	59033
3434509	El Palomar	AR	59031
293845	Qiryat Ata	IL	59030
3408386	Acará	BR	59023
5007804	로열오크	US	59008
6822149	Minami-Sōma	JP	59005
3351014	Camacupa	AO	59000
330425	Mot’a	ET	59000
621741	슬루츠크	BY	58995
1271049	Gola Gokarannāth	IN	58986
12718654	Mbera	MR	58985
111421	Zarand	IR	58983
255377	Petroúpolis	GR	58979
2826287	슈트랄준트	DE	58976
5330642	브렌트우드	US	58968
3396979	Juruti	BR	58960
243787	Goz Beida	TD	58941
1271083	고하드	IN	58939
133037	Golpāyegān	IR	58936
1159362	Torbat-e Jām	IR	58928
3595714	Fraijanes	GT	58922
2130054	기타히로시마 시	JP	58918
3465108	Cruz Alta	BR	58913
428632	Mpanda	BI	58913
1789945	Xiaoweizhai	CN	58913
1650670	Baki	ID	58909
3944797	세로데파스코	PE	58899
527012	Mikhaylovka	RU	58898
490996	Solnechnogorsk	RU	58891
2762372	필라흐	AT	58882
2035754	Antu	CN	58872
1727400	Bañga	PH	58855
2521139	베날마데나	ES	58854
1252960	Wani	IN	58840
143073	Ardakān	IR	58834
616864	Avan	AM	58800
2469264	Menzel Bourguiba	TN	58800
4854529	Dubuque	US	58799
2634873	월러시	GB	58794
1153090	Kamphaeng Phet	TH	58787
1859094	Koga	JP	58786
3613321	Comayagua	HN	58784
1254589	Thiruvarur	IN	58777
1253736	Upleta	IN	58775
1793774	Suozhen	CN	58766
2129909	이시카리 시	JP	58755
2438823	Tessaoua	NE	58750
3109402	Cerdanyola del Vallès	ES	58747
3901435	빈토	BO	58739
2259383	Kayes	CG	58737
7284893	Marseille 12	FR	58734
4931482	브루클라인	US	58732
5004062	노바이	US	58723
3460200	Jaguariúna	BR	58722
3046433	Pestlőrinc	HU	58722
2644319	리틀햄프턴	GB	58714
378459	Er Roseires	SD	58712
1850185	도코나메 시	JP	58710
2027468	Arsen’yev	RU	58700
1296645	Shwegu	MM	58696
3385022	Viseu	BR	58692
1863173	하뉴 시	JP	58686
32843	Ṣāleḥīeh	IR	58683
4889772	데스플레인스	US	58677
1250066	Beliatta	LK	58675
1769612	Kampong Dungun	MY	58674
3180423	Carrara	IT	58666
2911271	하멜른	DE	58666
6963006	Taifu	CN	58663
3675975	Los Patios	CO	58661
13132710	Mnihla	TN	58641
5501344	카슨시티	US	58639
1633375	Padangpanjang	ID	58627
4904937	Orland Park	US	58619
3589646	San Pedro Ayampuc	GT	58609
2282827	Oumé	CI	58606
229006	Mpondwe	UG	58600
1261110	Nūzvīd	IN	58590
3462916	Frutal	BR	58588
13535606	Ngã Năm	VN	58588
4604183	Bartlett	US	58579
790701	Glogovac	XK	58579
895269	Beitbridge	ZW	58574
2495524	Guerara	DZ	58572
1850207	도키 시	JP	58567
5410430	우들랜드	US	58567
1264793	Lonavla	IN	58562
2229152	Loum	CM	58554
1795029	Shiqiaozi	CN	58538
1253783	Una	IN	58528
2036519	Jidong	CN	58520
3449099	São Gabriel	BR	58487
5777224	Lehi	US	58486
2484933	Ouled Djellal	DZ	58481
1811114	Fenyi	CN	58478
3087584	라치부시	PL	58464
5144336	화이트플레인스	US	58459
2664740	Vasastaden	SE	58458
477494	우즐로바야	RU	58458
1694861	Paombong	PH	58453
1621655	Weleri	ID	58448
1814919	Chonglong	CN	58441
6825499	Sayama	JP	58435
2033739	Xinglongshan	CN	58432
2112996	조시 시	JP	58431
361213	Al Ḩāmūl	EG	58430
3836772	San Pedro de Jujuy	AR	58430
1003953	Fort Beaufort	ZA	58419
3182179	Benevento	IT	58418
5324477	아케이디아	US	58408
4781530	Reston	US	58404
2924585	프리드리히스하펜	DE	58403
3470324	Batatais	BR	58402
337712	Finote Selam	ET	58400
1816868	Barkam	CN	58390
1853066	사쿠라이 시	JP	58386
1611407	Chaiyaphum	TH	58350
1792692	Tongchuan	CN	58346
1795470	Shibuzi	CN	58333
1605215	우따라딧	TH	58313
1802811	Lixian	CN	58300
1856434	무라카미 시	JP	58300
2491050	Larbaâ	DZ	58295
1798082	Hongqiao	CN	58287
734330	세레스	GR	58287
1069579	Antsalova	MG	58280
3057140	Trenčín	SK	58278
3061412	Žižkov	CZ	58267
2038185	Changbai	CN	58266
1783802	Zhutuo	CN	58262
782756	코르처	AL	58259
3670218	San Andrés	CO	58257
3591512	Patzún	GT	58240
3103719	벵진	PL	58236
1256269	실로드	IN	58230
743166	키르클라렐리	TR	58223
3435352	Colón	AR	58219
4166673	오캘라	US	58218
863675	Kisela Voda	MK	58216
3194494	닉시치	ME	58212
5112861	Clay	US	58206
1812754	Dingtao	CN	58206
1308078	Myaungmya	MM	58205
3604229	Omoa	HN	58172
1812168	Dongxi	CN	58169
3634184	Los Dos Caminos	VE	58168
2506385	Arzew	DZ	58162
3394605	Monte Alegre	BR	58162
11979238	Central City	US	58161
899825	Petauke	ZM	58156
1320944	Kanbe	MM	58146
285726	Ar Rumaythīyah	KW	58135
2669772	Täby	SE	58123
4504225	South Vineland	US	58122
2997577	로리앙	FR	58112
4172086	샌퍼드	US	58111
1804892	Juye	CN	58107
1105726	Ekangala	ZA	58099
294117	Nahariyya	IL	58096
2367164	다파옹	TG	58071
2739693	Felgueiras	PT	58065
1744288	Serian	MY	58059
2636675	Streatham	GB	58055
1808981	Hancheng	CN	58049
2919054	Göppingen	DE	58040
3080251	즈기에시	PL	58036
3687025	Caucasia	CO	58034
4349159	Bowie	US	58025
1734576	Simpang Empat	MY	58004
1930074	Santangpu	CN	58000
472234	Volzhsk	RU	58000
2189529	인버카길	NZ	58000
6111706	포트코퀴틀럼	CA	58000
4922388	Kokomo	US	57995
707688	Chornomors’k	UA	57983
2976043	사르셀	FR	57979
1642684	Jatiwangi	ID	57973
4019827	Acámbaro	MX	57972
3164376	Vigevano	IT	57970
1319573	Kawthoung	MM	57949
2987805	페사크	FR	57944
1861677	Imarichō-kō	JP	57940
1703773	Magsaysay	PH	57936
3668454	Santa Rosa de Cabal	CO	57928
1256104	Sīra	IN	57928
1650815	Baekrajan	ID	57920
5106160	Wayne	US	57915
3445746	União da Vitória	BR	57913
3365083	Kraaifontein	ZA	57911
2754861	하르덴베르흐	NL	57909
3012621	이브리쉬르센	FR	57897
1858972	Kokubu-matsuki	JP	57896
3590219	San Francisco El Alto	GT	57894
1274237	Chikhli	IN	57889
785058	벨레스	MK	57873
360464	Al Wāsiţah	EG	57870
1685117	타바코	PH	57860
12324233	Jing'an	CN	57825
3827811	Belen	PE	57824
3170921	Pianura	IT	57821
6695754	Kogalym	RU	57800
1268990	Jhārgrām	IN	57796
3019265	에브뢰	FR	57795
2655198	Bootle	GB	57791
5393429	샌티	US	57787
1529522	Emin	CN	57782
3453078	Ponte Nova	BR	57776
3829343	Orito	CO	57774
1802408	Longtan	CN	57769
1817952	Shenliu	CN	57769
1609032	Lop Buri	TH	57761
2595352	Ksar	MR	57758
2918987	괴를리츠	DE	57751
5344157	더블린	US	57721
6155033	세인트앨버트	CA	57719
344620	Hagere Maryam	ET	57700
2826595	Stolberg	DE	57684
11549784	la Nova Esquerra de l'Eixample	ES	57676
98629	Ash Shāmīyah	IQ	57661
3129136	Ávila	ES	57657
3394453	Moreno	BR	57654
1801243	Maocun	CN	57649
3456944	Mongaguá	BR	57648
131962	Harsīn	IR	57647
6318263	Santa Luzia	BR	57635
2670781	순스발	SE	57606
2656070	Bebington	GB	57600
3643031	엘아티요 시	VE	57591
3174921	Legnano	IT	57589
3446847	Taquara	BR	57584
2970072	베니시외	FR	57584
8541672	Kagaznāgār	IN	57583
3027883	세르지	FR	57576
174448	Ālbū Kamāl	SY	57572
1562176	Trảng Bom	VN	57560
1155139	Ban Pong	TH	57559
540251	크림스크	RU	57555
1807308	Huangpi	CN	57554
2034995	Shanhecun	CN	57550
2776488	Hernals	AT	57546
776175	비아와포들라스카	PL	57541
1276084	Bhātāpāra	IN	57537
2033449	Yantongshan	CN	57515
1267573	Kāsībugga	IN	57507
13580103	Vynohradar	UA	57500
3398570	Guarabira	BR	57484
1716463	Cupang	PH	57482
1270251	Hasanpur	IN	57481
3024597	Clichy	FR	57467
1616464	Na Di	TH	57466
1809483	Guiren	CN	57446
917688	Chongwe	ZM	57443
1185166	Maulavi Bāzār	BD	57441
4167545	Palm Harbor	US	57439
1860122	Kan’onjichō	JP	57438
1687534	Santo Tomas	PH	57438
2515045	Linares	ES	57414
1264839	Lohārdagā	IN	57411
1522751	Kentau	KZ	57408
3663503	Manicoré	BR	57405
3675263	Marinilla	CO	57403
4943629	메드퍼드	US	57403
2645724	Kidderminster	GB	57400
2025527	Cheremkhovo	RU	57395
1329239	Myaydo	MM	57395
2642189	Morley	GB	57385
3446753	Taquaritinga	BR	57364
1269551	Jahāngīrābād	IN	57363
1256569	Sherkot	IN	57361
1267439	Kātrās	IN	57349
1818781	Siu Lek Yuen	HK	57349
2498305	El Menia	DZ	57344
1309289	Minbu	MM	57342
1784253	Zhongxing	CN	57338
96205	Halabja	IQ	57333
3870306	탈라간테	CL	57323
2036237	Langxiang	CN	57318
2251007	Kaffrine	SN	57307
3698658	Catacaos	PE	57304
58933	가로웨	SO	57300
13405902	Kota Sambas	ID	57295
3465329	Coruripe	BR	57294
1264647	Mācherla	IN	57290
1262092	Naksalbāri	IN	57283
1257379	Sankarankovil	IN	57277
1262562	Mulbāgal	IN	57276
2989487	Paris 09 Opéra	FR	57271
13562381	Kolaboui	GN	57251
4542765	Midwest City	US	57249
3461519	Içara	BR	57247
1268111	Kandukūr	IN	57246
9958118	Center City	US	57239
1854979	Nonoichi	JP	57238
4163407	Margate	US	57234
1254335	Tiruvalla	IN	57223
1443381	Roshanpura	IN	57217
3436725	Villa Hayes	PY	57217
1292507	Thanbyuzayat	MM	57208
3472254	Andradas	BR	57202
3472248	Andradina	BR	57202
321426	Bergama	TR	57200
1259408	Ponnūru	IN	57170
3385538	Vargem Grande	BR	57168
2503181	Boufarik	DZ	57162
1181065	치트랄	PK	57157
5397841	South Whittier	US	57156
8992399	Bageqi	CN	57153
935268	Saint-André	RE	57150
1266267	Kollegāl	IN	57149
4913723	Tinley Park	US	57143
1863310	하마다 시	JP	57142
10263165	Mukandpur	IN	57135
323828	Anamur	TR	57128
6822106	Bandō	JP	57128
2034651	Suiling	CN	57124
4718711	Pflugerville	US	57122
250582	마프라크	JO	57118
1790451	Wenxing	CN	57117
1253750	Unjha	IN	57108
2925535	Frankfurt (Oder)	DE	57107
337771	Fichē	ET	57100
463082	Zhigulëvsk	RU	57094
3407980	Alenquer	BR	57092
12324512	Yingli	CN	57091
1853190	Sakaidechō	JP	57090
3509183	Cristo Rey	DO	57084
128905	Kāmyārān	IR	57077
140046	Borūjen	IR	57071
1274315	Chhibrāmau	IN	57071
2219356	As Sawānī	LY	57069
121925	Nūrābād	IR	57058
1254481	Tilhar	IN	57043
136987	Dehdasht	IR	57036
5101717	뉴브런즈윅	US	57035
1865290	안나카 시	JP	57013
1176452	Jahangira	PK	57011
1264688	Lunglei	IN	57011
5059429	그랜드포크스	US	57011
2756136	에먼	NL	57010
1607512	Phra Phutthabat	TH	57008
3435356	Colegiales	AR	57000
491280	Sokol	RU	57000
491250	Sokol’niki	RU	57000
302355	Reyhanlı	TR	56995
2038529	Baishishan	CN	56992
5350207	파운틴밸리	US	56987
1269936	호스코테	IN	56980
1244397	Hendala	LK	56978
1177107	Haripur	PK	56977
6822217	미노카모 시	JP	56972
501283	Roslavl’	RU	56971
2636769	Stourbridge	GB	56950
12522807	Byasanagar	IN	56946
5394409	North Hills	US	56946
3446077	Três Pontas	BR	56940
1799383	Ninghai	CN	56937
3174092	Manfredonia	IT	56932
1831898	Anlong Veaeng	KH	56927
3042929	베스프렘	HU	56927
8334622	Neu-Hohenschönhausen	DE	56921
281145	Bayt Lāhyā	PS	56919
3176854	Foligno	IT	56918
1549804	Zhuzhai	CN	56908
1630366	Purbalingga	ID	56903
1652203	Xam Nua	LA	56900
5342992	Diamond Bar	US	56897
230893	Kitgum	UG	56891
2953504	바덴바덴	DE	56881
1278026	Bada Barabīl	IN	56870
2909230	Hattingen	DE	56866
1257565	Sāmalkot	IN	56864
3439320	카쿠페	PY	56864
1856456	Mukō	JP	56859
1267758	Karīmganj	IN	56854
3803651	La Dolorita	VE	56846
2644204	Livingston	GB	56840
364706	Umm Ruwaba	SD	56833
3833367	우수아이아	AR	56825
1855066	Nōgata	JP	56821
1275406	Bobbili	IN	56819
11549820	Barri de Sant Andreu	ES	56818
1805515	Jinji	CN	56816
2457763	Fana	ML	56809
7284892	Marseille 11	FR	56792
4952629	톤턴	US	56789
1907148	훗사 시	JP	56786
1251574	Ambalangoda	LK	56783
1726339	Batac City	PH	56781
4904365	Oak Lawn	US	56781
5105608	Union	US	56771
4846960	Ankeny	US	56764
284375	Battir	PS	56746
125188	Malārd	IR	56745
1816028	Weining	CN	56744
1263101	Mettur	IN	56743
4933002	Chicopee	US	56741
1257001	Sattenapalle	IN	56721
2511032	San Vicent del Raspeig	ES	56715
2653558	Castlereagh	GB	56679
2645753	케터링	GB	56676
1058381	모론다바	MG	56671
3392829	Paudalho	BR	56665
1797915	Qingfu	CN	56650
1176233	Jamrud	PK	56642
3453546	Pirapora	BR	56640
1813775	Daokou	CN	56637
1839873	Okcheon	KR	56634
1254345	Tirūrangādi	IN	56632
1786867	Yashan	CN	56629
2783476	월뤼브생랑베르	BE	56584
1706188	Lingayen	PH	56580
1700665	Masinloc	PH	56579
572154	보로비치	RU	56571
2904795	Hilden	DE	56565
2634578	Wellingborough	GB	56564
3458147	Mafra	BR	56561
10929901	Tennala	IN	56546
7284823	Budapest XII. kerület	HU	56544
6354934	Aylmer	CA	56542
1274890	Chakradharpur	IN	56531
3430340	Oberá	AR	56528
4897543	Irving Park	US	56520
316284	Dörtyol	TR	56513
3396277	Limoeiro	BR	56510
3625655	Ureña	VE	56509
3403127	Capitão Poço	BR	56506
3452775	Porto Ferreira	BR	56504
3408337	Açu	BR	56496
1256854	센드화	IN	56485
2035635	Nantai	CN	56478
3449176	São Francisco	BR	56477
3393264	Palmares	BR	56475
2411880	Sukuta	GM	56472
1650600	Balai Pungut	ID	56452
1255134	Talegaon Dābhāde	IN	56435
3170027	Potenza	IT	56433
1815667	Changleng	CN	56429
8504946	Chernaya Rechka	RU	56429
6138791	Saint-Michel	CA	56420
1270032	Hiriyūr	IN	56416
6318182	Rolim de Moura	BR	56406
1864557	지노 시	JP	56400
2503229	Boudouaou	DZ	56398
3674654	모코아	CO	56398
3451704	Registro	BR	56393
11612473	Mizuho	JP	56388
2807748	Winterhude	DE	56382
1278580	Anjangaon	IN	56380
3574116	Mon Repos	TT	56380
3467512	Canguçu	BR	56370
1806591	Hutang	CN	56370
2147357	Tarneit	AU	56370
1130490	Pul-e Khumrī	AF	56369
4884597	버윈	US	56368
12358569	Sanchuan	CN	56345
1274571	Charkhi Dādri	IN	56337
1585639	Châu Phong	VN	56322
3863379	Caleta Olivia	AR	56310
1253918	Ujhāni	IN	56309
4274994	맨해튼	US	56308
2108502	호니아라	SB	56298
3185672	피에르	AL	56297
3386177	Trairi	BR	56291
1794126	Sitou	CN	56289
2378736	카에디	MR	56283
1348747	Bankra	IN	56273
1636507	Mendaha	ID	56268
2798139	포레	BE	56254
1273766	Dabhoi	IN	56253
126082	Kūt-e ‘Abdollāh	IR	56252
1279553	Zibihu	CN	56246
2127878	무쓰 시	JP	56244
1254813	Teghra	IN	56234
8399042	Baidi	CN	56216
1626754	Sleman	ID	56215
1810553	Gaogou	CN	56214
3682573	Espinal	CO	56213
3526992	Huauchinango	MX	56206
784227	브라네	RS	56199
548442	키리시	RU	56190
746666	Gölcük	TR	56189
706466	Khartsyzk	UA	56182
2037913	Linghai	CN	56176
3666577	Turbaco	CO	56171
363417	동골라	SD	56167
3694112	Paita	PE	56151
4160705	Kendale Lakes	US	56148
4223379	Smyrna	US	56146
4990512	Dearborn Heights	US	56145
3664078	Humaitá	BR	56144
1802426	Longshi	CN	56142
3366880	Hermanus	ZA	56139
3173180	Moncalieri	IT	56134
400666	Ródos	GR	56128
1261086	Obra	IN	56110
293286	Umm el Faḥm	IL	56109
8620932	Kobo	ET	56100
1549660	Xuzhuang	CN	56099
2841648	Sankt Augustin	DE	56094
13680013	Dương Nội	VN	56091
3689381	Ayapel	CO	56082
1254331	티루발루르	IN	56074
1263898	Mandapeta	IN	56063
2313874	Kutu	CD	56061
5384471	Porterville	US	56058
1254346	Tirur	IN	56058
191919	Kimilili	KE	56050
5102713	Piscataway	US	56044
1632861	Pandak	ID	56043
2393693	칸디	BJ	56043
1257951	Ropar	IN	56038
361478	Al Badārī	EG	56033
1789897	Gongyi	CN	56033
4628735	헨더슨빌	US	56018
2787889	루셀라레	BE	56016
3441702	멜로	UY	56013
6232008	Papatoetoe	NZ	56010
1832617	Eisen	KR	56006
341742	Bonga	ET	56000
340008	Dangila	ET	56000
563379	Ezhva	RU	56000
194160	Kapenguria	KE	56000
1262039	Nāmakkal	IN	55997
2280316	Toumodi	CI	55986
3177700	Cuneo	IT	55980
1797575	Qinnan	CN	55975
1650064	Barabai	ID	55956
1278432	Arcot	IN	55955
534838	Liski	RU	55939
1810235	Gelan	CN	55938
6332422	Morningside Heights	US	55929
699553	Zvyahel	UA	55925
3621911	San Francisco	CR	55923
1265310	Lāharpur	IN	55911
1710932	Impasugong	PH	55901
9643221	Trần Văn Thời	VN	55897
1732891	Kuala Selangor	MY	55887
1858498	Kudamatsu	JP	55887
942511	Vryburg	ZA	55879
320879	Bolvadin	TR	55870
2038158	Changling	CN	55841
1921372	Dalianwan	CN	55841
1153557	춤폰	TH	55835
1037390	Mozambique	MZ	55829
2527645	Tirhanimîne	MA	55827
1253143	Viramgām	IN	55821
13680017	Hoàng Liệt	VN	55820
418418	Zarrīn Shahr	IR	55817
3627713	San Rafael	VE	55810
4488762	Rocky Mount	US	55806
11962394	Belem	BR	55785
5720727	코밸리스	US	55780
2928963	에슈바일러	DE	55778
2504099	Berrouaghia	DZ	55775
2363534	체비에	TG	55775
772621	Ełk	PL	55769
3437127	San Antonio	PY	55754
2507877	Aïn Touta	DZ	55736
5805687	올림피아	US	55733
4228147	Valdosta	US	55724
142872	Asadābād	IR	55703
1269665	Islāmpur	IN	55691
3456368	Naviraí	BR	55689
1280759	Bonan	CN	55685
737054	Zile	TR	55680
933088	세로웨	BW	55676
2316091	Dibaya-Lubwe	CD	55672
1267904	Karād	IN	55663
5355180	핸퍼드	US	55659
1770351	Kampung Bukit Baharu	MY	55656
353828	Kawm Ḩamādah	EG	55652
1705440	Lubao	PH	55645
1125444	Shibirghān	AF	55641
131691	Hashtgerd	IR	55640
13132452	'Ārdamatā	SD	55637
10375207	My Drarga	MA	55631
12358614	Zhuyi	CN	55627
1252795	Yanam	IN	55626
1609610	Klaeng	TH	55619
8542188	Dakhla	MA	55618
3083988	시비엥토흐워비체	PL	55600
423549	Rumonge	BI	55599
1279394	Ābu Road	IN	55599
1786272	Yongqing	CN	55595
5416329	Castle Rock	US	55591
1803365	Linqiong	CN	55587
693381	Snizhne	UA	55587
4258313	Greenwood	US	55586
11611224	Takizawa	JP	55579
172349	At Tall	SY	55561
3469049	Brazlândia	BR	55561
1651461	Amuntai	ID	55560
1581349	Hà Giang	VN	55559
3994616	누에보 카사스 그란데스	MX	55553
4887463	Chicago Lawn	US	55551
747538	Eminönü	TR	55548
5120478	Hempstead	US	55547
1327854	Buthidaung Town	MM	55545
3359510	Wellington	ZA	55543
3453926	Piedade	BR	55542
1258294	Raxaul	IN	55536
13353584	Moonniyur	IN	55535
5378044	Novato	US	55530
4515843	케터링	US	55525
5063805	Bellevue	US	55510
933004	Tlokweng	BW	55508
1276810	Barwāni	IN	55504
1797972	Qishan	CN	55500
470676	Vyaz’ma	RU	55500
12959044	Buriticupu	BR	55499
2656241	Barrow in Furness	GB	55489
3445126	Videira	BR	55466
1648918	Besuki	ID	55465
617486	르브니차	MD	55455
5888377	오로라	CA	55445
1549362	Lanshan	CN	55442
11905965	Mangina	CD	55439
5810301	쇼라인	US	55439
4058553	디케이터	US	55437
876177	Luau	AO	55432
2485582	Oued Rhiou	DZ	55430
2924599	Friedrichsfelde	DE	55423
1818051	Anjiang	CN	55421
3573738	San Fernando	TT	55419
1843082	Gapyeong	KR	55415
2468106	Ksar Hellal	TN	55415
2033667	Xinqing	CN	55415
5381110	Paramount	US	55412
64460	벨레드웨이네	SO	55410
3543961	Placetas	CU	55408
2977295	Saint-Quentin	FR	55407
175961	Mpulungu	ZM	55405
3134331	퇸스베르그	NO	55387
3182007	Bisceglie	IT	55385
11962423	Jaguare	BR	55382
1265911	코타얌	IN	55374
761228	Pruszków	PL	55371
320557	Bozüyük	TR	55365
1254343	Tiruttangal	IN	55362
6825490	Minamiuonuma	JP	55354
2388036	Bossangoa	CF	55353
3471395	Artur Nogueira	BR	55340
1625420	Taliwang	ID	55340
4720039	포트아서	US	55340
1259841	Petlād	IN	55330
2034600	Dorbod	CN	55316
3190966	Sesvete	HR	55313
1799352	Yutan	CN	55312
5177773	Abington	US	55310
4917592	앤더슨	US	55305
1621678	Wedi	ID	55300
1269422	Jālaun	IN	55299
1818165	Ahu	CN	55298
3993179	Pátzcuaro	MX	55298
3107775	Torrelavega	ES	55297
6822161	히다카 시	JP	55294
1852849	Satte	JP	55286
2470191	Djemmal	TN	55285
11522307	Periya Semūr	IN	55282
2959223	알렌	DE	55280
4174744	Tamiami	US	55271
2508228	Aïn Defla	DZ	55259
372773	Kas	SD	55255
1497951	Nazarovo	RU	55252
2988623	Paris 05 Panthéon	FR	55252
1735172	Hulu Langat	MY	55251
695274	Rubizhne	UA	55247
3625346	Villa Bruzual	VE	55244
1185127	Rāmganj	BD	55241
1264551	Madhupur	IN	55238
1272670	Dhūri	IN	55225
728378	파자르지크	BG	55220
547560	Klimovsk	RU	55206
6690862	South Croydon	GB	55198
4371582	Towson	US	55197
1698548	Naic	PH	55195
1274862	칼라케레	IN	55194
2038421	Bayan	CN	55186
1275582	Etāwa	IN	55185
2375558	Zouérat	MR	55183
4945588	North Chicopee	US	55179
6825501	Shijōnawate	JP	55177
2518505	Elda	ES	55168
2499055	Drean	DZ	55147
1803793	Licha	CN	55140
1274119	Chiplūn	IN	55139
1798778	Pingjin	CN	55139
1586288	Cần Giờ	VN	55137
4914557	Uptown	US	55137
1263852	Mandlā	IN	55133
3455923	Olímpia	BR	55130
144794	Ābyek	IR	55128
3448640	São José do Rio Pardo	BR	55124
2661513	빌/비엔	CH	55120
4172131	새러소타	US	55118
3191376	샤바츠	RS	55114
1185293	Narail	BD	55112
1610469	Kalasin	TH	55102
6853140	Lesnoy	RU	55100
2653877	캔터베리	GB	55087
1275930	Bhīmunipatnam	IN	55082
500019	Rybatskoye	RU	55076
114106	Eqbālīyeh	IR	55066
1647179	Cepu	ID	55055
2386012	Kaga-Bandoro	CF	55047
478724	Uritsk	RU	55037
1106880	Sharifabad	PK	55027
1655559	루앙프라방	LA	55027
3467452	Canoinhas	BR	55016
12523250	Mawlai-Mawïong	IN	55012
1510205	Berëzovskiy	RU	55000
2242001	Caxito	AO	55000
2241668	Cuango-Luzamba	AO	55000
3618929	Jinotega	NI	55000
507338	Pokrovskoye-Streshnëvo	RU	55000
6825277	Shilin	CN	55000
465057	Zamoskvorech’ye	RU	55000
2403094	워털루	SL	55000
2650732	Dunfermline	GB	54990
1645343	Dompu	ID	54987
1465873	Kavanur	IN	54986
3398706	Granja	BR	54962
2483757	Reghaïa	DZ	54962
12277994	Liguo	CN	54960
2036734	Huangnihe	CN	54959
943960	Viljoenskroon	ZA	54955
1833332	Tallang-dong	KR	54954
6138501	Saint-Jérôme	CA	54948
5114418	Cypress Hills	US	54944
4845419	West Haven	US	54927
5388867	Rosemead	US	54908
6822158	미야코지마 시	JP	54908
3988333	Sabinas	MX	54905
2953358	Bad Salzuflen	DE	54899
3124132	쿠엥카	ES	54898
384945	Derbendîxan	IQ	54896
2928396	Euskirchen	DE	54889
1713736	Estancia	PH	54882
4890701	Edgewater	US	54873
1832798	예천	KR	54873
1259508	Pithāpuram	IN	54859
109380	Al Khafjī	SA	54857
4502434	Jackson	US	54856
5356868	하일랜드	US	54854
1268135	Kāndi	IN	54848
3539560	San José de las Lajas	CU	54847
7303786	Jonquière	CA	54842
459279	Jelgava	LV	54834
921815	마무주	YT	54831
2872504	Meerbusch	DE	54826
2416085	Sangarédi	GN	54824
1269819	Idappadi	IN	54823
3439317	Caaguazú	PY	54808
2035836	만저우리	CN	54808
1806900	Huguo	CN	54795
1549696	Liuji	CN	54785
733618	Asenovgrad	BG	54778
10263162	Sāhibābād Daulotpur	IN	54773
11288641	Pozzo Strada	IT	54766
7302815	Bandar Labuan	MY	54752
4903024	Mount Prospect	US	54747
1259228	Punganūru	IN	54746
1803940	Liangzhai	CN	54742
2806914	Wolfenbüttel	DE	54740
2646329	Huyton	GB	54738
1328218	바모	MM	54721
6692921	레이턴스톤	GB	54696
2263827	Rio de Mouro	PT	54695
2036106	Liaozhong	CN	54691
2897216	Hürth	DE	54678
210399	Luputa	CD	54676
2656235	Barry	GB	54673
3460242	Jaguaquara	BR	54673
2283016	Odienné	CI	54669
3758764	San Josecito	VE	54669
2503755	Boghni	DZ	54666
2990355	니오르	FR	54660
1271346	Ghātāl	IN	54658
1722481	Burauen	PH	54635
2265467	Odivelas	PT	54624
11611629	Hamura	JP	54622
5338783	콜턴	US	54621
3583480	San Marcos	SV	54615
11979227	Encanto	US	54614
1686777	Sibonga	PH	54610
11612571	Konan	JP	54607
10265094	Jāfarābād	IN	54601
1792052	Wangji	CN	54578
3405616	Boa Viagem	BR	54577
3033791	벨포르	FR	54562
677106	Giurgiu	RO	54551
1257851	Sāgar	IN	54550
1256343	Sihor	IN	54547
3940002	우아초	PE	54545
10263053	Mūndka	IN	54541
173480	Al Mayādīn	SY	54534
577893	Belorechensk	RU	54526
3684917	El Banco	CO	54522
3515358	San Bernardino Tlaxcalancingo	MX	54517
1862612	Himimachi	JP	54510
421251	Dumyāţ al Jadīdah	EG	54508
2235196	Bafang	CM	54505
2501541	Chelghoum el Aïd	DZ	54495
1272606	데글로어	IN	54493
3408343	Acopiara	BR	54481
2647570	Hamilton	GB	54480
2642814	Meikle Earnock	GB	54480
1264570	Madhepura	IN	54472
2524119	Modica	IT	54456
1799552	Nanzhou	CN	54449
5604045	포커텔로	US	54441
4148708	브레이든턴	US	54437
1884385	Pasir Ris New Town	SG	54420
1185138	Pirojpur	BD	54418
2294962	아고나스웨드루	GH	54417
1778252	Bukit Tengah	MY	54416
1277091	Bārāmati	IN	54415
1264414	Mahāsamund	IN	54413
12214070	Margareten	AT	54412
590031	나르바	EE	54409
4908033	Rogers Park	US	54402
333750	Jinka	ET	54400
2186280	넬슨	NZ	54400
2560939	Ain El Aouda	MA	54397
1561907	Xóm Cái Nước	VN	54397
4955336	웨이머스	US	54395
4169130	Port Charlotte	US	54392
2637802	Sittingbourne	GB	54392
1292313	Tharyarwady	MM	54386
1785711	Yunjin	CN	54385
3469516	Bom Despacho	BR	54377
4903780	Normal	US	54373
3038334	아작시오	FR	54364
3556437	Jagüey Grande	CU	54363
25883	Javānrūd	IR	54354
2780180	Eisenzicken	AT	54353
2643266	메이클즈필드	GB	54345
289847	Az̧ Z̧a‘āyin	QA	54339
288899	Bahlā’	OM	54338
3165803	Teramo	IT	54338
1256369	Sidhi	IN	54331
1801895	Luojing	CN	54329
2805059	Zehlendorf	DE	54328
2021618	Krasnokamensk	RU	54316
3461949	Guapimirim	BR	54300
4733624	스프링	US	54298
3437444	Presidente Franco	PY	54292
4145805	Allapattah	US	54289
3368254	Durbanville	ZA	54286
1854384	Okaya	JP	54286
1179496	Dullewala	PK	54277
2393561	Kérou	BJ	54276
1161991	Pir Jo Goth	PK	54266
2776421	Hietzing	AT	54265
2648187	그레이브젠드	GB	54263
6295533	Zürich (Kreis 11)	CH	54260
1631637	Pemangkat	ID	54259
5808276	리치랜드	US	54248
2650396	Eastleigh	GB	54225
3518221	Zinacantepec	MX	54220
4689550	Euless	US	54219
1818972	Sau Mau Ping	HK	54218
7683974	Dhanmondi	BD	54210
539061	Kupchino	RU	54198
3434674	Eldorado	AR	54189
3467796	Campo Belo	BR	54186
1267616	Kāsaragod	IN	54172
1271558	Garhchiroli	IN	54152
4377664	Blue Springs	US	54148
2153953	Pakenham	AU	54118
3688006	Cajicá	CO	54111
2429605	Koumra	TD	54109
4154047	East Pensacola Heights	US	54104
261604	Kalamata	GR	54100
359892	As Sāḩil	EG	54094
1259123	Puttūr	IN	54092
2445704	디파	NE	54082
1269392	Jalor	IN	54081
3631507	Nirgua	VE	54080
1257559	Samāna	IN	54072
240498	Bangassou	CF	54059
3179075	Cerignola	IT	54056
3129857	아란후에스	ES	54055
1258922	Rāzampeta	IN	54050
10469921	Wāri	IN	54048
7932530	Chilanga Township	ZM	54046
985885	Kwaggafontein	ZA	54040
8430980	Shella	IN	54039
5354819	아시엔다하이츠	US	54038
1811583	Fangcun	CN	54035
1260674	Palmaner	IN	54035
1675281	Xihu	TW	54033
1273232	Deolāli	IN	54027
735861	Kavála	GR	54027
702760	Lozova	UA	54026
3545841	Nuevitas	CU	54022
1851357	Suzaka	JP	54022
2970777	반	FR	54020
1268189	카나카푸라	IN	54014
2834498	Schweinfurt	DE	54012
1252840	Wokha	IN	54010
472072	Altuf’yevskiy	RU	54000
5130334	Ozone Park	US	53985
2864054	Neustadt an der Weinstraße	DE	53984
3165322	Trani	IT	53981
2975921	사르트루빌	FR	53980
616743	Druzhkivka	UA	53977
6672633	Şabbāshahr	IR	53971
1253807	움레이드	IN	53971
141653	Bandar-e Torkaman	IR	53970
12358567	Yongjian	CN	53970
1861244	Iwade	JP	53967
1268341	Kālna	IN	53964
2996568	메종알포르	FR	53964
3451383	Ribeira do Pombal	BR	53956
3120514	우에스카	ES	53956
1789699	Xiazhuang	CN	53954
3405924	Beberibe	BR	53949
3689205	Barbosa	CO	53943
482965	Timashyovsk	RU	53940
935223	Saint-Louis	RE	53935
3459251	Lagoa da Prata	BR	53927
1800524	Mingcun	CN	53926
496278	세베로모르스크	RU	53921
13118146	Pandamaran	MY	53916
1570819	Phong Thạnh	VN	53912
3470821	Barra	BR	53910
260114	Chaniá	GR	53910
3166548	Siena	IT	53901
974670	Mondlo	ZA	53892
565381	도모데도보	RU	53887
138742	Chenārān	IR	53879
6640032	Briarwood	US	53877
721239	에게르	HU	53876
13353583	Pallichal	IN	53861
4004198	Jacona de Plancarte	MX	53860
120972	Pīshvā	IR	53856
11657313	Tāndoni	IN	53854
1260222	Pārvatipuram	IN	53844
1803549	Lingcheng	CN	53841
5335006	Cathedral City	US	53826
2994798	모	FR	53811
5100280	Lakewood	US	53805
192900	Kericho	KE	53804
3170116	Portici	IT	53801
470252	Vyshniy Volochëk	RU	53800
1265989	Kotharia	IN	53794
1261008	오타팔람	IN	53792
361103	Al Ibrāhīmīyah	EG	53791
1858286	Kurihama	JP	53782
5153207	Elyria	US	53775
2427637	Mongo	TD	53768
2851746	Pulheim	DE	53762
1587919	Bỉm Sơn	VN	53754
1272640	Dīdwāna	IN	53749
8858088	Jardines de la Silla	MX	53742
762909	오스트로웽카	PL	53740
758390	Starachowice	PL	53739
2453662	Markala	ML	53738
4168228	펜서콜라	US	53724
4916288	휘턴	US	53715
2299625	Kintampo	GH	53711
1699833	Mercedes	PH	53702
2494065	Assi Bou Nif	DZ	53700
5417737	커머스시티	US	53696
3827596	Santiago Teyahualco	MX	53684
10263049	Begampur	IN	53682
1145352	Charikar	AF	53676
11274040	Arao	JP	53675
1280948	Jinding	CN	53667
3032213	블루아	FR	53660
2637607	Smethwick	GB	53653
360748	Al Marāghah	EG	53643
358620	사파가	EG	53639
5099133	호보컨	US	53635
5407529	Watsonville	US	53628
2359142	Kongoussi	BF	53627
7302810	Gaddi Annaram	IN	53622
3530531	Coatepec	MX	53621
1272225	Dumraon	IN	53618
1856698	미요시 시	JP	53616
582182	아나파	RU	53600
2473634	El Kef	TN	53596
2268406	Évora	PT	53591
3076127	프리데크미스테크	CZ	53590
2511440	San Bartolomé de Tirajana	ES	53588
3673045	Pamplona	CO	53587
11520202	Nerupperichchal	IN	53579
3177363	Ercolano	IT	53576
2131612	고쇼가와라 시	JP	53576
2111656	Nihommatsu	JP	53557
5301388	레이크해버수시티	US	53553
8406649	Qingxichang	CN	53552
3521922	Papantla de Olarte	MX	53546
13156777	Jaggaiahpet	IN	53530
2619528	Hvidovre	DK	53527
1280945	Jinhua	CN	53523
3578959	Les Abymes	GP	53514
571159	부구루슬란	RU	53511
3619267	El Viejo	NI	53504
2112624	Inada	JP	53502
3457772	Marechal Cândido Rondon	BR	53495
3404766	Buíque	BR	53489
304612	Menemen	TR	53489
6183590	Woburn	CA	53485
3463668	Extrema	BR	53482
2654938	Braintree	GB	53477
3938415	Ilo	PE	53476
12324261	Buzhuang	CN	53474
1258581	Rampur Hat	IN	53468
3029974	브리브라가야르드	FR	53466
691374	Chystyakove	UA	53462
2624427	Avedøre	DK	53443
2618741	Klinteby Frihed	DK	53443
13494731	Khanapuram Haveli	IN	53442
3036938	아를	FR	53431
1271151	Goālpāra	IN	53430
6332582	Little Havana	US	53430
1254054	Tuni	IN	53425
1795026	Shiquan	CN	53422
4832294	리비어	US	53422
1787297	Yangtun	CN	53417
2634202	웨이머스	GB	53416
3452779	Porto Feliz	BR	53402
1514258	Chortoq	UZ	53400
1606033	Suphan Buri	TH	53399
3034006	보베	FR	53393
1265354	Laxmangarh	IN	53392
3838793	Río Tercero	AR	53389
693065	Sotsmisto	UA	53370
1279485	Zhangfeng	CN	53370
1256722	Shāhpur	IN	53366
5106292	웨스트뉴욕	US	53366
3460954	Itabirito	BR	53365
3397851	Itupiranga	BR	53355
3431057	Los Polvorines	AR	53354
178522	Voi	KE	53353
1275848	Bhongīr	IN	53339
1679047	Chaozhou	TW	53338
1850217	Tōkamachi	JP	53333
3050393	Kelenföld	HU	53332
1259124	Puttūr	IN	53331
1879487	재령읍	KP	53330
5411046	유카이파	US	53328
1465826	Ullagaram	IN	53322
3452711	Porto Nacional	BR	53316
3026204	샤토루	FR	53301
2410763	상투메	ST	53300
1255654	Sri Dūngargarh	IN	53294
735914	Kateríni	GR	53293
1278094	아요디아	IN	53293
2392601	Natitingou	BJ	53284
3172729	Montesilvano	IT	53275
1628899	Sampang	ID	53269
1262678	Mubarakpur	IN	53263
7026842	Pathum Wan	TH	53263
7521912	Consolação	BR	53249
2111568	Ōami	JP	53239
12358568	Yousuo	CN	53233
1278935	Amalāpuram	IN	53231
5352214	Gilroy	US	53231
1076105	Hell-Ville	MG	53219
3869657	토메	CL	53219
1278354	아르시케르	IN	53216
562321	Fryazevo	RU	53212
3106601	Vallecas	ES	53208
1259811	Phaltan	IN	53202
233070	Kabale	UG	53200
4168930	Poinciana	US	53193
1549810	Zhaozhuang	CN	53193
1278294	Ashta	IN	53184
1257459	Sandīla	IN	53182
3691348	Tingo María	PE	53177
3450188	Santa Isabel	BR	53174
739634	Silivri	TR	53167
7281987	Novena	SG	53160
3025053	숄레	FR	53160
3080526	Zawiercie	PL	53159
172946	Ar Rastan	SY	53152
6395804	Sinan	KR	53150
2525628	Bagheria	IT	53149
1253182	Vikārābād	IN	53143
2111749	Naka	JP	53137
2913761	Gummersbach	DE	53131
3179337	Cava Dè Tirreni	IT	53130
1276832	Baruipur	IN	53128
3520235	Rioverde	MX	53128
1624987	Tanjungagung	ID	53117
13494089	Wat Tha Phra	TH	53111
1283368	Gulariyā	NP	53107
2749450	Oosterhout	NL	53107
3567869	Banes	CU	53104
1841149	밀양시	KR	53103
3017253	프레쥐스	FR	53098
1679397	Zaragoza	PH	53090
1014489	Butterworth	ZA	53086
4738604	University of Texas	US	53082
13118438	Al Sajaah	AE	53079
13118439	Lahbab	AE	53079
361119	‘Izbat ‘Alī as Sayyid	EG	53079
8226485	Nāyf	AE	53075
1566346	Thái Bình	VN	53071
3397941	Itapagé	BR	53067
2808747	Wilhelmsburg	DE	53064
1863023	Hatogaya-honchō	JP	53062
3527023	Ciudad de Huajuapan de León	MX	53043
13607655	Khanzhonkivskyi	UA	53040
673634	Mediaş	RO	53040
2555567	Ben Jerrar	MA	53026
3567669	Bartolomé Masó	CU	53024
321025	비틀리스	TR	53023
4634662	Kingsport	US	53014
3352844	스바코프문트	NA	53009
13535747	Svyatoshyn	UA	53000
10281812	Choudwar	IN	52999
1549622	Tangzhang	CN	52985
5197796	Levittown	US	52983
736928	Alexandroupoli	GR	52979
3182640	Aversa	IT	52974
1256759	Shāhābād	IN	52952
2815330	Waiblingen	DE	52945
3617459	Nueva Guinea	NI	52929
4167519	Palm Beach Gardens	US	52923
2988621	팡탱	FR	52922
3164630	Velletri	IT	52911
1150275	Tha Maka	TH	52907
8439888	Sultānganj	IN	52892
3465671	Congonhas	BR	52890
709276	Enerhodar	UA	52887
1694290	Patuto	PH	52883
1263859	Mandi Dabwāli	IN	52873
7910088	Tân Uyên	VN	52873
160833	Buseresere	TZ	52870
12324550	Lingwu	CN	52863
6543972	Lyon 06	FR	52862
1793102	Taoyuan	CN	52861
144038	'Alī Ābād-e Katūl	IR	52838
8477754	Imara Daima Estate	KE	52837
2784821	베르비에	BE	52824
2503669	Bordj el Bahri	DZ	52816
3828545	San José del Guaviare	CO	52815
3401109	Delmiro Gouveia	BR	52809
3645469	Cocorote	VE	52803
2861934	Nordhorn	DE	52803
6318184	Rondon do Pará	BR	52803
344661	Āgaro	ET	52800
964406	Port Shepstone	ZA	52793
325336	Adilcevaz	TR	52781
948130	Trichardt	ZA	52776
2981280	생브리외	FR	52774
1266217	Konch	IN	52773
1848375	Yokkaichi	JP	52771
4838652	밀퍼드	US	52759
1816560	Beisu	CN	52752
134217	Bandar-e Genāveh	IR	52750
10182229	Cửa Nam	VN	52750
10263061	Bāprola	IN	52744
1732738	Kota Tinggi	MY	52743
166833	Muadamiyat al-Sham	SY	52738
2873606	Mariendorf	DE	52734
5342485	Delano	US	52733
3919902	콜카피르후아	BO	52732
2917788	그라이프스발트	DE	52731
5408211	West Sacramento	US	52721
1785805	Wulingyuan	CN	52712
1549428	Malingshan	CN	52711
468866	Yartsevo	RU	52706
4472370	Huntersville	US	52704
1168680	Pabbi	PK	52701
542327	Krasnokamsk	RU	52689
1253251	Venkatagiri	IN	52688
315468	Ergani	TR	52684
5102578	퍼스앰보이	US	52682
3838854	리오그란데	AR	52681
5395244	셔먼오크스	US	52677
2939658	쿡스하펜	DE	52677
3449112	São Francisco do Sul	BR	52674
1521370	Ridder	KZ	52664
2111049	Shiogama	JP	52662
12324487	Hualong	CN	52660
2809889	베츨라어	DE	52656
1734539	Bau	MY	52643
933182	Palapye	BW	52636
3446232	Tramandaí	BR	52632
3127958	Boadilla del Monte	ES	52626
3163392	올레순	NO	52626
6961608	Kahnūj	IR	52624
2510073	Utrera	ES	52617
1912383	Dianbu	CN	52613
347236	Ţūkh	EG	52593
69500	Zabīd	YE	52590
4446675	Southaven	US	52589
11962411	Vila Guilherme	BR	52587
2654782	브렌트우드	GB	52586
2452655	Niono	ML	52584
3461370	Imbituba	BR	52579
1273770	Dabhel	IN	52578
2271680	Amora	PT	52577
4407237	Saint Peters	US	52575
1813299	Daxing	CN	52568
1624058	Terbanggi Besar	ID	52566
3633341	Maiquetía	VE	52564
1798462	Puji	CN	52563
13526890	Downtown DC	US	52560
3646169	Caucagüito	VE	52556
696108	Pryluky	UA	52553
1172295	Lalian	PK	52542
4763231	Harrisonburg	US	52538
2269041	Corroios	PT	52520
1275435	Biswān	IN	52516
4946863	Peabody	US	52504
2204506	라우토카	FJ	52500
1291193	Thongwa	MM	52496
1167669	Qabula	PK	52495
5383527	플라센티아	US	52495
3696150	Jaén	PE	52493
1266073	Kosi	IN	52492
1256029	Siruguppa	IN	52492
4274356	Lenexa	US	52490
2794914	제트	BE	52490
4685524	DeSoto	US	52486
3116553	Mollet del Vallès	ES	52484
3645531	Ciudad Bolivia	VE	52476
1167873	Pir Mahal	PK	52476
1822768	Pursat	KH	52476
4458228	벌링턴	US	52472
1256064	Sironj	IN	52460
1033827	Nametil	MZ	52457
2871983	Menden	DE	52452
2993002	몽토방	FR	52434
2110744	Tomiya	JP	52433
5811456	South Hill	US	52431
1317397	Kyaiklat	MM	52425
2210221	Tarhuna	LY	52420
3026613	샤를르빌메지에르	FR	52415
3038261	알비	FR	52409
3467684	Campos do Jordão	BR	52405
2220139	Al ‘Azīzīyah	LY	52404
7735165	Xingqiao	CN	52400
1269256	Jangaon	IN	52394
2649911	Esher	GB	52392
1063858	Ivato	MG	52376
1170219	Mithi	PK	52376
1273390	Daudnagar	IN	52364
3479329	Paraíso do Tocantins	BR	52360
662334	잘러우	RO	52359
6072539	Metrotown	CA	52355
6825497	Hannan	JP	52350
4919987	Elkhart	US	52348
2950344	Bergkamen	DE	52329
1907125	Kamifukuoka	JP	52323
2925259	Frechen	DE	52309
5258957	La Crosse	US	52306
3393768	Óbidos	BR	52306
11048860	Chagni	ET	52300
295277	에일라트	IL	52299
1273574	Dandeli	IN	52295
13494722	Ramapuram	IN	52295
6177869	웰랜드	CA	52293
3840885	Plottier	AR	52291
4904381	Oak Park	US	52287
2490183	Mansoûra	DZ	52285
3170206	Ponticelli	IT	52284
2128867	노시로 시	JP	52283
2047837	Songlingcun	CN	52277
3449467	Santo Estêvão	BR	52276
2280589	Tengréla	CI	52271
4386802	Florissant	US	52268
13607656	Hruzkyi	UA	52265
1709717	Kalamansig	PH	52257
562319	Fryazino	RU	52255
5809402	Sammamish	US	52253
1912420	Yunshan	CN	52249
1702442	Maluñgun	PH	52248
2276086	Kakata	LR	52247
627145	Kobryn	BY	52235
3996426	Matamoros	MX	52233
6354957	Hervey Bay	AU	52230
2242584	Cangandala	AO	52220
3192224	풀라	HR	52220
12277245	Dapeng	CN	52219
1680019	Victoria	PH	52215
1796506	Sanzhuang	CN	52214
1851883	Shiraoka	JP	52214
1485439	Zarinsk	RU	52209
3461194	Inhumas	BR	52204
5143056	Wakefield	US	52201
1880463	Matilda Estate	SG	52200
13527317	Sé	MO	52200
3833859	Tres Arroyos	AR	52199
1262663	무돌	IN	52199
1117652	Ban Talat Yai	TH	52192
747489	Erbaa	TR	52185
299545	Tavşanlı	TR	52182
5710756	Albany	US	52175
4018348	Arandas	MX	52175
12450873	Zhawa	CN	52165
1185120	Sandwīp	BD	52152
713259	Antratsyt	UA	52150
7503760	Ban Lak Song	TH	52144
12324507	Jitai	CN	52144
4896075	Hoffman Estates	US	52138
1496476	Nyagan	RU	52137
1127110	Sar-e Pul	AF	52121
2878044	Lichtenrade	DE	52110
2552292	Ad Darwa	MA	52108
2973385	타르브	FR	52106
1645413	Dobo	ID	52104
616758	Davtashen	AM	52100
4883012	Albany Park	US	52079
3461763	Guaxupé	BR	52078
3017910	퐁트네수부아	FR	52075
548652	킴리	RU	52070
2790595	무스크롱	BE	52069
285728	Ar Riqqah	KW	52068
1821935	Ta Khmau	KH	52066
1549693	Zizhuang	CN	52063
3454954	Parobé	BR	52058
1549360	Liangji	CN	52048
160677	Chake Chake	TZ	52047
9072827	Thodupuzha	IN	52045
4943828	머슈언	US	52044
212760	Kirumba	CD	52041
11550020	Pinar del Rey	ES	52031
3716667	Thomazeau	HT	52017
1865412	Kariya	JP	52015
3468317	Caetité	BR	52012
5352439	Glendora	US	52009
258620	Lamía	GR	52006
1336133	Sātkania	BD	52005
459201	Jūrmala	LV	52001
583589	Levoberezhnyy	RU	52000
5409802	Wilmington	US	52000
2226275	Mokolo	CM	51999
3815324	Huamantla	MX	51996
1861108	Izumi	JP	51994
1817958	Ānwén	CN	51994
6543975	Lyon 09	FR	51983
2542013	Al Aaroui	MA	51976
2650657	Dunstable	GB	51973
3645525	Ciudad Piar	VE	51967
2152659	Port Macquarie	AU	51965
13589209	University Heights	CA	51957
2452651	Nioro	ML	51933
1640296	Kepanjen	ID	51919
5133271	Queens Village	US	51919
3167731	San Severo	IT	51919
12279163	Dashahe	CN	51916
2614481	로스킬레	DK	51916
790674	Gjilan	XK	51912
4184530	Brookhaven	US	51910
3582883	우술루탄	SV	51910
3019256	Évry	FR	51900
1576757	Thị Trấn Phước Bửu	VN	51895
1811758	Duzhou	CN	51888
3563317	Corralillo	CU	51881
5124276	Levittown	US	51881
124193	Meybod	IR	51874
3166830	Secondigliano	IT	51874
71334	Sa'dah	YE	51870
5380626	팜데저트	US	51869
1784272	Zhongxin	CN	51866
1273128	데바코타이	IN	51865
2953436	바트홈부르크포어데어회에	DE	51859
660561	포르보	FI	51853
1278334	Arwal	IN	51849
3458406	Louveira	BR	51847
2808559	Willich	DE	51843
2512177	Puertollano	ES	51842
3591997	Ostuncalco	GT	51828
1791638	Weimiao	CN	51820
4392768	조플린	US	51818
1648568	Blora	ID	51811
2290836	Boundiali	CI	51803
2473572	마디아	TN	51803
3662342	São Gabriel da Cachoeira	BR	51795
741045	Orhangazi	TR	51792
107692	Baljurashi	SA	51787
4535961	이니드	US	51776
2520493	Calvià	ES	51774
3455459	파우마스	BR	51755
1818550	Tiu Keng Leng	HK	51751
1797505	Qishan	CN	51750
10287505	Lower Sackville	CA	51749
1268383	Kāliyāganj	IN	51748
1261727	Nasīrābād	IN	51747
2298264	Mampong	GH	51745
2358382	Léo	BF	51743
358683	Būlāq Abū al ‘Ilā	EG	51741
3576022	세인트존스	AG	51737
2338401	Ijebu-Jesa	NG	51730
178323	Wanguru	KE	51722
473778	Vidnoye	RU	51721
52867	Qoryooley	SO	51720
11962404	Morumbi	BR	51715
4148533	Bonita Springs	US	51704
13527318	São Lourenço	CN	51700
2544720	Kasba Tadla	MA	51697
5122331	Irondequoit	US	51692
1279501	Zepu	CN	51691
1832501	영광	KR	51688
5587698	콜드웰	US	51686
3109256	세고비아	ES	51683
5037784	미네통카	US	51669
2497269	En Nedjma	DZ	51665
3181995	Bitonto	IT	51661
646005	Mikkeli	FI	51661
1802949	Liuquan	CN	51657
1863713	훗쓰 시	JP	51650
2642214	Morecambe	GB	51644
3703227	Pedregal	PA	51641
6690794	Sagrada Família	ES	51623
115781	Shahr-e Bābak	IR	51620
4168630	Pinellas Park	US	51617
1851273	다가와 시	JP	51608
3444848	Xanxerê	BR	51607
3461588	Ibiporã	BR	51603
3446500	Tijucas	BR	51592
4985153	배틀크리크	US	51589
1608900	Maha Sarakham	TH	51584
1267187	Khagaul	IN	51577
11762608	영암	KR	51573
2639545	Redhill	GB	51559
3648540	Barinitas	VE	51556
1295301	Tachilek	MM	51553
113508	Takāb	IR	51541
2524205	Mazara del Vallo	IT	51534
6119451	Renfrew-Collingwood	CA	51530
2930596	엠덴	DE	51526
2634552	웰린가든시티	GB	51505
6318194	Rurópolis	BR	51500
1718426	Cardona	PH	51493
6825492	Sado	JP	51492
3129636	Arganda	ES	51489
1907309	미우라 시	JP	51483
3792383	Agustín Codazzi	CO	51478
1279471	Zhefang	CN	51477
2646557	Horsham	GB	51472
5288636	캐사그랜디	US	51460
2491335	Ksar Chellala	DZ	51451
4912013	South Shore	US	51451
5127670	Mott Haven	US	51450
4175179	The Villages	US	51442
3385122	Viana	BR	51442
5069297	그랜드아일랜드	US	51440
137268	Sūsangerd	IR	51431
1274664	Changanācheri	IN	51430
8435738	Haabersti	EE	51423
295721	아코	IL	51420
1582367	Đố Sơn	VN	51417
1796797	Sanhui	CN	51413
2470088	Jendouba	TN	51408
4694568	그레이프바인	US	51404
12196319	Währing	AT	51402
1512524	Tŭytepa	UZ	51400
3024783	클라마르	FR	51400
1256431	Shorāpur	IN	51398
2434979	Bol	TD	51389
2863941	노이울름	DE	51389
4843811	스트랫퍼드	US	51384
3980777	Uriangato	MX	51382
3629419	Quíbor	VE	51377
1263824	Māndvi	IN	51376
1713917	엘니도	PH	51367
8741053	Rajgangpur	IN	51362
1185148	Patiya	BD	51360
4998018	켄트우드	US	51357
128831	Kangāvar	IR	51352
3456735	Morrinhos	BR	51351
970341	Nkowakowa	ZA	51350
3927758	Tarma	PE	51350
1283539	Chautārā	NP	51347
1202120	Gopālganj	BD	51346
2014927	Tulun	RU	51330
2877088	Lingen	DE	51310
899274	Samfya	ZM	51309
3404862	Brejo da Madre de Deus	BR	51308
3388046	Sapé	BR	51306
7284890	Marseille 10	FR	51299
3164603	베니스	IT	51298
1261068	Ozar	IN	51297
3438819	코로넬오비에도	PY	51286
359304	Balţīm	EG	51280
2271071	Barreiro	PT	51280
7160204	City of Milford (balance)	US	51271
1259892	Peranāmpattu	IN	51271
11549985	Las Águilas	ES	51268
12450880	Dianzi	CN	51267
1270722	Gumlā	IN	51264
3027487	샬롱앙샹파뉴	FR	51257
3515942	Teoloyucan	MX	51255
5756758	타이거드	US	51253
4833403	East Hartford	US	51252
1258637	Rāmnagar	IN	51244
13353582	Vazhakkala	IN	51242
1855476	니치난 시	JP	51241
2651500	다트퍼드	GB	51240
1686123	Siocon	PH	51239
13589208	Lakewood	CA	51237
10128831	Phra Nakhon	TH	51231
166285	Kabbasin	SY	51230
1256418	Shujālpur	IN	51225
5016494	애플밸리	US	51221
5102720	플레인필드	US	51217
609123	Qulsary	KZ	51216
6822195	스소노 시	JP	51216
4769125	Leesburg	US	51209
2507979	Aïn Oulmene	DZ	51207
2929671	Erftstadt	DE	51207
12718663	Bejaâd	MA	51206
232235	Kapchorwa	UG	51200
1254372	Tirumangalam	IN	51194
3185082	Krujë	AL	51191
2254153	Bargny Guèdj	SN	51188
2595382	Bargny Ngoude	SN	51188
1799037	Panlong	CN	51177
1256363	시들라하타	IN	51159
13132765	Fuchū	JP	51155
3684945	El Bagre	CO	51150
2111884	미야코 시	JP	51150
3458632	Leopoldina	BR	51145
5102427	Parsippany	US	51144
3058780	마르틴	SK	51139
8030223	Musina	ZA	51132
4151871	코럴게이블즈	US	51117
1549538	Gangshang	CN	51114
2866110	Neubrück	DE	51109
1266620	Khurai	IN	51108
213576	Kayna	CD	51103
2151716	Reservoir	AU	51096
1645976	Comal	ID	51092
301010	Seydişehir	TR	51089
1898013	Guanshan	CN	51086
555111	Ivanteyevka	RU	51085
3671540	Puerto Berrío	CO	51079
13561794	The Trails of Frisco	US	51059
1270102	Hilsa	IN	51052
10797349	Sidi Taibi	MA	51050
2637126	Staines	GB	51040
1896348	히카리 시	JP	51040
8549394	Datong	CN	51025
128008	Khalkhāl	IR	51024
11184474	Rampura Phul	IN	51023
1172964	Kot Mumin	PK	51021
163808	Tadmur	SY	51015
1607327	Pom Prap Sattru Phai	TH	51006
4175117	The Hammocks	US	51003
3556268	Jesús Menéndez	CU	51002
290680	Ţarīf Kalbā	AE	51000
1722731	Bunawan	PH	50999
1163021	Ubauro	PK	50981
790295	고스티바르	MK	50974
1271892	Fatwa	IN	50961
1643920	Gombong	ID	50950
1254069	Tūndla	IN	50939
3533426	Acayucan	MX	50934
753142	Żoliborz	PL	50934
10861986	Az̧ Z̧ulayl	JO	50931
11549783	la Vila de Gràcia	ES	50928
358769	Birkat as Sab‘	EG	50924
2644737	Royal Leamington Spa	GB	50923
1263661	Mannārakkāt	IN	50921
1794478	Shuijiang	CN	50918
3064288	테플리체	CZ	50912
3446400	Tobias Barreto	BR	50905
7302835	Metpalle	IN	50902
1513962	Gurlan	UZ	50900
1513714	Kosonsoy	UZ	50900
6230919	황아레이	NZ	50900
3686255	Cimitarra	CO	50892
171998	Babīlā	SY	50880
1581364	Hà Đông	VN	50877
5287262	벅아이	US	50876
13494597	Naya Gaon	IN	50869
1258201	Repalle	IN	50866
1269873	Hunsūr	IN	50865
11612557	Kyōtango	JP	50860
2522713	Vittoria	IT	50852
565348	도네츠크	RU	50850
3700563	Tocumen	PA	50844
4155529	Flagami	US	50834
3385088	Vigia	BR	50832
1607532	Phra Nakhon Si Ayutthaya	TH	50830
1809646	Guanzhuang	CN	50826
3436124	Barranqueras	AR	50823
5288786	Catalina Foothills	US	50796
218680	Boende	CD	50794
637948	살로	FI	50794
766555	Legionowo	PL	50786
3832260	Yerba Buena	AR	50783
2990919	나르본	FR	50776
2881885	Lahr	DE	50775
3456873	Monte Alto	BR	50772
1734418	Padang Serai	MY	50757
1864155	Fuchūchō	JP	50746
3686540	Chinú	CO	50743
5897884	벨빌	CA	50716
561667	겔렌지크	RU	50715
2646867	힝클리	GB	50712
11611475	Yasu	JP	50695
2782315	Aspern	AT	50687
1167380	Rajanpur	PK	50682
2428394	Mao	TD	50681
1311909	Manaung	MM	50680
2978640	생말로	FR	50676
3463865	Estância Velha	BR	50672
1213840	Sidikalang	ID	50671
121795	Oshnavīyeh	IR	50661
741609	Merzifon	TR	50658
1607737	Phetchabun	TH	50656
5160315	레이크우드	US	50656
7648641	Adenta	GH	50652
361125	Al Ḩusaynīyah	EG	50651
1848096	유키 시	JP	50645
532657	Lytkarino	RU	50619
1795993	Shanji	CN	50617
1628767	Sangkapura	ID	50612
2295065	Suhum	GH	50610
4796512	Saint Croix	VI	50601
1261910	Nanjangūd	IN	50598
13527051	Lhünzhub	CN	50596
3139075	시엔	NO	50595
1854530	Ōi	JP	50593
3925040	Jaru	BR	50591
2896817	Ibbenbueren	DE	50577
2509509	Vila-real	ES	50577
2475612	Tolga	DZ	50575
548602	킹기세프	RU	50566
2620425	Herning	DK	50565
547840	키즐랴르	RU	50564
2855328	파사우	DE	50560
617026	Abovyan	AM	50556
2457410	Pèlèngana	ML	50552
3611150	El Negrito	HN	50550
2652974	Clacton-on-Sea	GB	50548
2917138	Gronau	DE	50547
1640902	Kawalu	ID	50541
1162105	Zhob	PK	50537
2651715	Cumbernauld	GB	50530
41210	Khorramdarreh	IR	50528
3666570	Turbo	CO	50508
743818	Kavaklı	TR	50502
791580	Deçan	XK	50500
13645618	Pivdenna Borshchahivka	UA	50500
7284838	Budapest XXII. kerület	HU	50499
3005866	Laval	FR	50489
3012937	예르	FR	50487
1316703	Kyaukse	MM	50480
1651591	Amahai	ID	50478
1271874	Forbesganj	IN	50475
1586295	Cần Đước	VN	50473
5264870	North La Crosse	US	50470
5788516	벼리언	US	50467
13157008	Nithari	IN	50464
1082639	Ambatondrazaka	MG	50463
749704	Çarşamba	TR	50459
757033	타르노브제크	PL	50459
2294938	Tafo	GH	50457
112422	Tūyserkān	IR	50455
1799362	Hanyuan	CN	50440
3176391	Gallarate	IT	50439
2881062	Langenhagen	DE	50439
12156878	Willowdale East	CA	50434
4558523	Havertown	US	50430
6318864	Vargem Grande Paulista	BR	50415
3689570	Arjona	CO	50405
3627968	San Mateo	VE	50401
895061	Bindura	ZW	50400
2834265	Schwerte	DE	50399
3516225	Taxco de Alarcón	MX	50399
1170667	Matli	PK	50398
6089426	North Bay	CA	50396
1681149	Tubod	PH	50395
8741024	Sunabeda	IN	50394
1271780	Gajraula	IN	50380
5777544	Logan	US	50371
12450881	Yanghe	CN	50371
2645298	커콜디	GB	50370
1185252	Khagrachhari	BD	50364
11288655	Barriera di Milano	IT	50354
294074	Ness Ziona	IL	50351
248382	Ma'an	JO	50350
2830582	슈파이어	DE	50343
6138374	Saint-Hyacinthe	CA	50326
933340	모추디	BW	50321
1176445	Jahanian	PK	50318
968665	Modimolle	ZA	50306
298935	Torbalı	TR	50303
11520375	Vīrapāndi	IN	50301
328962	Sek’ot’a	ET	50300
1855670	나나오 시	JP	50300
2176031	Berwick	AU	50298
4951473	South Peabody	US	50293
1273708	Dāhānu	IN	50287
3168843	Rovigo	IT	50279
11612701	Asakura	JP	50273
6822155	미도리 시	JP	50266
1258386	Rasipuram	IN	50244
289199	Al Khābūrah	OM	50223
3886405	라칼레라	CL	50221
2787413	생질	BE	50221
11550013	Ventas	ES	50218
1257587	Sālūr	IN	50206
567434	Chusovoy	RU	50205
1879613	안주	KP	50196
5323163	Aliso Viejo	US	50195
2655351	Bletchley	GB	50193
3491941	Villa Francisca	DO	50185
5192726	해리스버그	US	50183
4692883	갤버스턴	US	50180
1276371	Bhabhua	IN	50179
2633373	요빌	GB	50176
2645889	Keighley	GB	50171
7304197	Mui Ne	VN	50166
370181	Mellit	SD	50165
3458237	Macaúbas	BR	50161
1859990	Kasaoka	JP	50160
650946	콧카	FI	50157
5384690	파웨이	US	50157
1270000	Hodal	IN	50143
5025264	Edina	US	50138
1037180	Monapo	MZ	50134
513883	Otradnyy	RU	50127
5037790	Minnetonka Mills	US	50117
1728336	Balayan	PH	50115
2434011	Déressia	TD	50113
9888360	Katanawa	JP	50112
3979846	Zacapu	MX	50112
3074199	Jihlava	CZ	50108
923186	Fungurume	CD	50100
1276328	Bhadrāchalam	IN	50087
1536289	Snezhinsk	RU	50086
3053438	두너우이바로시	HU	50084
1799986	Nanjian	CN	50083
2039623	Uiju	KP	50081
667303	Sfântu Gheorghe	RO	50080
3521476	Pijijiapan	MX	50079
3694564	모요밤바	PE	50073
8334624	Alt-Hohenschönhausen	DE	50070
3467197	Capivari	BR	50068
2907851	Heidenheim an der Brenz	DE	50067
1850523	다테야마 시	JP	50064
1642692	Jatiroto	ID	50059
13132456	Kibaigwa	TZ	50054
3077700	Chodov	CZ	50043
2445553	Dogondoutchi	NE	50037
2144095	Werribee	AU	50027
1818086	Naxi	CN	50020
1784595	Zhenxi	CN	50017
140521	Bījār	IR	50014
1278498	Aonla	IN	50011
225284	Ali Sabih	DJ	50006
1254356	Tirupparangunram	IN	50004
273675	Aarsâl	LB	50000
92430	Al-Hamdaniya	IQ	50000
3351884	Andulo	AO	50000
7303471	Arashiyama	JP	50000
12022992	Barriera di Lanzo	IT	50000
13561148	Bosse	UA	50000
1182122	Buni	PK	50000
3828262	Ciudad Sandino	NI	50000
280155	Ghazieh	LB	50000
6354985	Güngören Merter	TR	50000
1302849	Hpa-An	MM	50000
3618908	Juigalpa	NI	50000
1154689	Ko Samui	TH	50000
543344	Kozeyevo	RU	50000
543254	Kozhukhovo	RU	50000
12750614	Kuchai Lama	MY	50000
12719433	LOHAS Park	HK	50000
535270	Likhobory	RU	50000
154654	Masumbwe	TZ	50000
6640202	Merelani	TZ	50000
6354984	Merter Keresteciler	TR	50000
6418787	Metrogorodok	RU	50000
2266249	Monsanto	PT	50000
521500	Nikol’skoye	RU	50000
518740	Novokhovrino	RU	50000
518657	Novokuz’minki	RU	50000
473127	Novovladykino	RU	50000
3521305	Polanco	MX	50000
6697380	Putrajaya	MY	50000
1161983	Rawalakot	PK	50000
6913519	Samara	ET	50000
497271	Semënovskoye	RU	50000
13680586	Shelādiz	IQ	50000
7779082	Sri Petaling	MY	50000
11748973	Stonecrest	US	50000
12680194	Taman Melati	MY	50000
3616035	Tipitapa	NI	50000
7290255	Treptow	DE	50000
149437	Tukuyu	TZ	50000
8504947	Untolovo	RU	50000
149072	Utengule	TZ	50000
477377	Vagonoremont	RU	50000
476368	Vatutino	RU	50000
13494193	Vinhomes Smart City	VN	50000
13494194	Vinhomes Times City	VN	50000
172256	‘Ayn al ‘Arab	SY	50000
1512086	아카뎀고로도크	RU	50000
113659	Tabas	IR	49993
1274536	Chatrā	IN	49985
1267189	Khagaria	IN	49982
1721636	Cabiao	PH	49980
5335663	세리토스	US	49975
1273002	Dhāmpur	IN	49973
2735083	Rio Tinto	PT	49966
2855047	Peine	DE	49953
1786249	Yongxin	CN	49951
139706	Chahār Dangeh	IR	49950
1492893	Sayanogorsk	RU	49939
2294768	Tarkwa	GH	49937
5006917	Redford	US	49936
3174021	Marano di Napoli	IT	49920
7315245	East Honolulu	US	49914
3985621	San Luis de la Paz	MX	49914
1259813	팔로디	IN	49914
2756767	Doetinchem	NL	49906
5141502	트로이	US	49906
1271688	Gangākher	IN	49891
553216	카나시	RU	49886
3170147	포르데노네	IT	49878
3172287	네투노	IT	49873
6822100	쓰쿠바미라이 시	JP	49872
2335843	Kabba	NG	49869
525404	몬체고르스크	RU	49868
741304	Niksar	TR	49865
6180176	Whitchurch-Stouffville	CA	49864
1257196	사르다나	IN	49857
6559559	콤소몰시크	UA	49854
1120985	Zaranj	AF	49851
418851	Falāvarjān	IR	49843
2864435	Neunkirchen	DE	49843
3404833	Brejo Santo	BR	49842
1860626	Kameyama	JP	49835
1261234	노하르	IN	49835
5140221	Sunnyside	US	49833
1252738	예올라	IN	49826
2685750	외스테르순드	SE	49806
154321	Mbuguni	TZ	49801
784024	자예차르	RS	49800
2752923	Kerkrade	NL	49777
1815758	Changdian	CN	49772
699035	Novovolynsk	UA	49772
1276249	Bhaisa	IN	49764
760924	Puławy	PL	49759
5366375	Lincoln	US	49757
2614030	실케보르	DK	49747
1611439	Chachoengsao	TH	49741
1185247	Chilmāri	BD	49736
2111268	Ryōgoku	JP	49735
4890119	Downers Grove	US	49732
4562193	Wharton	US	49732
4562237	Whitman	US	49732
2516479	Ibiza	ES	49727
1259881	Perintalmanna	IN	49723
12718846	Letlhabile	ZA	49718
3174702	Lingotto	IT	49705
13132719	Rwamwanja Refugee Camp	UG	49700
5325423	아주사	US	49690
2657402	Altrincham	GB	49680
308024	Keskin	TR	49679
1214800	Labuhan Deli	ID	49668
3145375	모스	NO	49668
6543971	Lyon 05	FR	49664
1177397	Hadali	PK	49663
1268799	Jugsālai	IN	49660
1549747	Xinglou	CN	49653
1259896	Perambalur	IN	49648
8572984	Takashimadaira	JP	49646
4499389	Wilson	US	49643
13680012	Yên Nghĩa	VN	49643
3687318	Carmen de Viboral	CO	49642
261743	Irákleio	GR	49642
3401992	Coelho Neto	BR	49621
2213695	Qaşr al Qarabūllī	LY	49610
981158	Lydenburg	ZA	49605
331416	Maych’ew	ET	49600
3028641	카르카손	FR	49600
196936	Habaswein	KE	49599
4333669	먼로	US	49598
2654755	브리젠드	GB	49597
1854667	Ogawa	JP	49596
2644100	흘라네흘리	GB	49591
1699205	Morong	PH	49589
2633912	Willenhall	GB	49587
3939470	우앙카벨리카	PE	49570
725712	브라차	BG	49569
5434006	Parker	US	49550
1277950	Badūria	IN	49547
12324439	Mihe	CN	49545
1270819	Gudalur	IN	49535
1266452	Kizhake Chālakudi	IN	49525
3081677	Wodzisław Śląski	PL	49521
5364007	라미라다	US	49520
2953386	바트외인하우젠	DE	49513
1280797	Maizhokunggar	CN	49511
309415	Karapınar	TR	49509
1261784	Narkatiāganj	IN	49507
3532792	Apizaco	MX	49506
340787	Ch’iko	ET	49500
229024	Mpigi	UG	49500
616629	흐라즈단	AM	49500
32723	Īstgāh-e Rāh Āhan-e Garmsār	IR	49491
2878695	Leonberg	DE	49480
11204446	Mankweng	ZA	49480
2525790	Acireale	IT	49477
1259954	Peddāpuram	IN	49477
3037598	앙굴렘	FR	49468
904422	Mumbwa	ZM	49461
1859492	기쿠치 시	JP	49455
1263684	Majalgaon	IN	49453
1273374	Daund	IN	49450
5690532	마이놋	US	49450
3388955	São Bento do Una	BR	49449
2291087	Bonoua	CI	49434
5711099	Aloha	US	49425
1185160	Nageswari	BD	49425
2234663	Batouri	CM	49422
1004303	Ficksburg	ZA	49420
1794700	Shuanghe	CN	49411
759141	Skarżysko-Kamienna	PL	49410
1527513	Uzgen	KG	49410
3556078	Jobabo	CU	49403
304013	Mut	TR	49397
3452216	Prudentópolis	BR	49393
1809877	Guangshun	CN	49388
3679065	La Estrella	CO	49386
498418	Satka	RU	49384
2496232	Frenda	DZ	49376
210379	Lusambo	CD	49376
1153807	Cha-am	TH	49375
173193	An Nabk	SY	49372
2358738	Koupéla	BF	49372
2372532	Gabú	GW	49371
938457	Wolmaransstad	ZA	49366
8403613	Gaoliang	CN	49357
704403	Sorokyne	UA	49352
5007989	새기노	US	49347
4673094	Bedford	US	49337
5386082	Rancho Santa Margarita	US	49324
500299	Ruzayevka	RU	49311
1164825	Sillanwali	PK	49311
1267939	Kapadvanj	IN	49308
13645515	Leidsche Rijn	NL	49307
1006834	Edenvale	ZA	49292
5341256	사이프러스	US	49290
3724337	Grangwav	HT	49288
2780741	도른비른	AT	49278
3846915	Libertador General San Martín	AR	49267
1005029	eSikhaleni	ZA	49265
1914952	Dongcheng	CN	49252
5778755	Murray	US	49250
2282907	Ouangolodougou	CI	49248
1805501	Jinjiang	CN	49245
2902768	호프	DE	49239
5991085	Kensington-Cedar Cottage	CA	49235
2392108	Pobé	BJ	49232
3037543	안시	FR	49232
3180991	Campobasso	IT	49230
11428216	Lashibi	GH	49223
1810625	Gao’an	CN	49218
1493197	살레하르트	RU	49214
1779790	Bentong Town	MY	49213
1265961	Kotputli	IN	49202
1514883	Qayroqqum	TJ	49200
2179670	왕거누이	NZ	49200
1706393	Liloan	PH	49198
601084	알리투스	LT	49195
3527879	Emiliano Zapata	MX	49193
10688519	Dyāne	IN	49192
3868158	비야리카	CL	49184
1277765	Bail-Hongal	IN	49182
3685949	Copacabana	CO	49169
1131316	Paghmān	AF	49157
1734768	Teluk Panglima Garang	MY	49155
11549995	Buenavista	ES	49151
5151613	카이어호가폴스	US	49146
418521	Rehnān	IR	49143
5589173	Coeur d'Alene	US	49122
5095779	Bloomfield	US	49120
1644522	Gampengrejo	ID	49118
3888214	Hacienda La Calera	CL	49106
229746	Luwero	UG	49100
1275762	Biaora	IN	49093
723846	Poprad	SK	49091
3670293	Samaniego	CO	49085
1848705	야마가 시	JP	49082
2887835	클레베	DE	49072
1261696	Naugachhia	IN	49069
3456110	Nova Venécia	BR	49065
1572696	Thị Trấn Ngải Giao	VN	49065
784873	Trstenik	RS	49043
759123	스키에르니에비체	PL	49042
3573890	포트 오브 스페인	TT	49031
3588694	Soloma	GT	49030
1053143	Alto Molocue	MZ	49019
3736808	Iranduba	BR	49011
10778953	Kānūru	IN	49006
12277995	Jiawang Zhen	CN	49005
13645623	Nova Zabudova	UA	49000
375495	Pajok	SS	49000
1735265	Sungai Siput	MY	49000
1608057	Pak Chong	TH	48999
5389126	Rowland Heights	US	48993
1487277	Verkhnyaya Salda	RU	48992
5340175	코비나	US	48984
2753106	캄펀	NL	48980
168325	Khān Shaykhūn	SY	48975
3514876	바야돌리드	MX	48973
1851368	스와 시	JP	48972
4552215	스틸워터	US	48967
13132453	Sh'īarīah	SD	48966
2650042	Eltham	GB	48964
787157	Pejë	XK	48962
1835515	T’aebaek	KR	48962
13353690	Dehu Road	IN	48961
2011457	Gatak	ID	48959
2041702	부령읍	KP	48958
1624974	Tanjung Balai	ID	48953
3832899	비에드마	AR	48940
2259655	Impfondo	CG	48939
3449741	Santiago	BR	48938
5940956	Dollard-Des Ormeaux	CA	48930
1809023	Haiyang	CN	48928
1495974	Osinniki	RU	48919
3514868	Valle Hermoso	MX	48918
5128723	나이아가라폴스	US	48916
1513092	Novyy Turtkul’	UZ	48908
2297141	Nsawam	GH	48885
1626936	Singaparna	ID	48882
1737247	Niah	MY	48875
6822101	Omitama	JP	48870
3388714	São Gonçalo do Amarante	BR	48869
4614748	Collierville	US	48863
5907896	Brandon	CA	48859
5204783	Oxford Circle	US	48856
4597919	Summerville	US	48848
41672	Chahārbāgh	IR	48828
4369928	South Bel Air	US	48828
11611638	Chikugo	JP	48827
1259602	Pipariā	IN	48826
2849802	라벤스부르크	DE	48825
2637476	South Benfleet	GB	48824
1276867	바르페타	IN	48824
5928065	콘월	CA	48821
3072931	Královské Vinohrady	CZ	48805
2508102	Aïn Fakroun	DZ	48804
5272893	Sheboygan	US	48797
10629856	Fujiyoshida	JP	48782
6822220	에나 시	JP	48777
3460186	Jales	BR	48776
2454955	Kolokani	ML	48774
8428480	El‘ad	IL	48763
4518264	미들타운	US	48760
4347553	Aspen Hill	US	48759
3650273	El Empalme	EC	48754
1809250	Gupi	CN	48748
3985035	San Pedro	MX	48746
13118421	Al Muteena	AE	48739
1851155	Takahama	JP	48736
3445983	Tucano	BR	48736
4192375	던우디	US	48733
3716044	Verrettes	HT	48724
11549994	Numancia	ES	48720
12277244	Xinhe	CN	48712
1081790	Amboasary	MG	48705
2930821	Elmshorn	DE	48703
3167010	Scafati	IT	48702
174186	‘Afrīn	SY	48693
1499053	메기온	RU	48691
12640502	Talinding	GM	48687
3985865	San Juan de los Lagos	MX	48684
133964	Garmsār	IR	48672
2744911	Weert	NL	48662
6822139	Tonami	JP	48659
1270974	Gooty	IN	48658
1317375	Kyaikto	MM	48658
2310763	Zongo	CD	48658
2656406	Banbury	GB	48651
1255046	Tamlūk	IN	48646
1716924	Consolacion	PH	48638
4809537	헌팅턴	US	48638
3073789	Karviná	CZ	48637
1310460	Martaban	MM	48629
3169231	Rivoli	IT	48629
3792392	Plato	CO	48606
6822107	Hitachi-ota	JP	48602
5303752	Maricopa	US	48602
13353581	Vengara	IN	48600
12324552	Ningdong	CN	48587
1790615	Xianfeng	CN	48586
6198535	Ido-dong	KR	48579
6822191	Izunokuni	JP	48579
2667303	트롤헤탄	SE	48573
1168749	Nushki	PK	48572
6317707	Nova Andradina	BR	48563
3471896	Aquidauana	BR	48561
161931	Gyzylarbat	TM	48558
3448825	São Joaquim da Barra	BR	48558
1858301	구라요시 시	JP	48558
12535033	Bandar Sri Damansara	MY	48556
2113115	Ami	JP	48553
481985	토르조크	RU	48546
1679980	비간	PH	48545
5488441	로즈웰	US	48544
2651654	쿰브란	GB	48535
1710908	Inabanga	PH	48534
1185141	Panchagarh	BD	48531
1303351	냐웅우	MM	48528
2946111	Bornheim	DE	48523
6822143	Nomimachi	JP	48523
1269502	Jaisingpur	IN	48510
4679803	Cedar Hill	US	48507
226110	토로로	UG	48500
1697577	Norala	PH	48499
1261922	Nangal	IN	48497
5097402	East Brunswick	US	48495
1810473	Gaoliu	CN	48485
6822193	Kikugawa	JP	48484
1269179	Jasdan	IN	48483
1271113	고다	IN	48480
397833	Al Badā’i‘ al Wusţá	SA	48474
4991640	이스트랜싱	US	48471
1802901	Liutuan	CN	48469
1319898	Kawkareik	MM	48468
1275655	Bikramganj	IN	48465
1262783	Morār	IN	48464
3406844	Baião	BR	48459
3834813	Tafí Viejo	AR	48459
1863540	Gosen	JP	48458
3190342	솜보르	RS	48454
6822168	산무 시	JP	48444
2744248	Woerden	NL	48431
933471	마할라피에	BW	48431
1269042	자쟈르	IN	48424
6317834	Pacajá	BR	48414
2495601	Guemar	DZ	48413
3586977	Cojutepeque	SV	48411
1258639	Rāmnagar	IN	48411
621754	슬로님	BY	48402
1148311	Asadābād	AF	48400
2747203	시타르트	NL	48400
3626047	Tovar	VE	48395
1261415	Nihtaur	IN	48389
4146166	Apopka	US	48382
13118433	Al Qusais 1	AE	48378
1650095	Banyumas	ID	48378
1814646	Da’an	CN	48371
1860785	가이난 시	JP	48369
3567834	Baracoa	CU	48362
651943	코콜라	FI	48361
186315	Molo	KE	48356
1907242	Nihammatsu	JP	48348
2798578	에테르베이크	BE	48344
217637	Businga	CD	48339
1727214	Bangued	PH	48331
1549500	Chenlou	CN	48327
5126180	Maspeth	US	48325
3094170	Kutno	PL	48323
1501141	쿠이비셰프	RU	48308
1205481	Uttar Char Fasson	BD	48305
336931	Genet	ET	48300
3599639	Asunción Mita	GT	48297
3496831	Mao	DO	48297
3471854	Araci	BR	48294
1632974	Pameungpeuk	ID	48294
10400295	Mahnar Bazar	IN	48293
1253091	Vite	IN	48289
2301639	Dome	GH	48285
4373349	Wheaton	US	48284
785482	Shtip	MK	48279
1528182	Kara-Balta	KG	48278
1611088	Chong Nonsi	TH	48277
490377	Sosnovaya Polyana	RU	48271
3031815	봉디	FR	48268
4923670	미셔와카	US	48261
1215395	Berastagi	ID	48244
2354349	Titao	BF	48241
1734781	Banting	MY	48240
1549365	Qing’an	CN	48234
2642233	Morden	GB	48233
350797	Qillīn	EG	48233
3436003	Boedo	AR	48231
10176275	Bangkok Riverside	TH	48227
2289724	Doropo	CI	48225
471101	브세볼로시스크	RU	48224
733840	Xánthi	GR	48221
7828758	사이판	MP	48220
77408	Bājil	YE	48218
1640576	Kefamenanu	ID	48202
2013923	Ust’-Kut	RU	48202
1725729	Bayombong	PH	48199
3842190	Palpalá	AR	48199
8416624	Shiyan	CN	48193
10267209	Wakasugi	JP	48190
5006250	Portage	US	48177
352124	Mīt Salsīl	EG	48166
262426	Fylí	GR	48157
1647936	Buduran	ID	48152
3466641	Catu	BR	48148
324172	Alaşehir	TR	48147
1814001	Dalu	CN	48145
3652743	Puerto Francisco de Orellana	EC	48144
3676623	레티시아	CO	48144
1270723	Gumia	IN	48141
731549	가브로보	BG	48133
5106298	West Orange	US	48131
11612455	Ōamishirasato	JP	48129
3438834	Concepción	PY	48123
4772354	매클레인	US	48115
3182650	Avellino	IT	48104
3862144	Centenario	AR	48101
1317402	Kyaikkami	MM	48100
11009418	Tevragh Zeina	MR	48093
1798290	Qianliu	CN	48090
3630982	Palmira	VE	48087
3601211	Sonaguera	HN	48087
12070070	San Lorenzo	IT	48078
3005269	Le Blanc-Mesnil	FR	48077
1791663	Weiji	CN	48069
1792105	Wangfen	CN	48052
142358	Bābolsar	IR	48051
9972722	Anakaputhur	IN	48050
2968705	빌쥐프	FR	48048
2831708	Soest	DE	48037
750938	바이부르트	TR	48036
3469601	Bocaiúva	BR	48032
11121204	Colonia del Sol	MX	48032
3517742	Santa Ana Chiautempan	MX	48030
933685	카니에	BW	48028
202065	Kibuye	RW	48024
3457859	Maracaju	BR	48022
1185149	Parbatipur	BD	48020
1805873	Jielong	CN	48018
2988760	Paris 07 Palais-Bourbon	FR	48015
286402	Shināş	OM	48009
1861207	Iwakura	JP	48007
1150452	Takua Pa	TH	48004
2906376	Hennef (Sieg)	DE	48002
335324	Hadero	ET	48000
877378	Tunduru	TZ	48000
3602952	Quimistán	HN	47993
3401845	Conceição do Araguaia	BR	47991
616062	에치미아진	AM	47989
5164466	Newark	US	47986
1283329	Īṭahari̇̄	NP	47984
6694821	Nanto-shi	JP	47976
10930101	Tānālūr	IN	47976
6822123	난토 시	JP	47976
243590	Iriba	TD	47972
12640506	Nkawkaw	GH	47968
1570549	Phú Khương	VN	47966
2247381	Nguékhokh	SN	47964
5335650	Ceres	US	47963
8421327	Shuangfu	CN	47962
3684666	El Carmen de Bolívar	CO	47957
3406263	Barras	BR	47938
2234794	Banyo	CM	47936
1275920	Bhīnmāl	IN	47932
1257890	Sadasivpet	IN	47920
730496	Kazanlak	BG	47918
1850834	다케오 시	JP	47914
1850091	도미오카 시	JP	47911
2850257	라슈타트	DE	47906
1281426	Damxung	CN	47900
2643697	Long Eaton	GB	47898
7626561	Bakhtiarpur	IN	47897
4314550	알렉산드리아	US	47889
1817193	Baizi	CN	47879
4381072	Chesterfield	US	47864
186180	모얄레	KE	47850
8541484	Jalandhar Cantonment	IN	47845
1278208	Athani	IN	47842
3465508	Cornélio Procópio	BR	47842
1228730	라트나푸라	LK	47832
6316748	Campo Verde	BR	47831
3801276	Tierra Blanca	MX	47824
1127768	Aībak	AF	47823
4929771	반스터블	US	47821
1252919	워어드	IN	47817
2929600	Erkrath	DE	47815
1252958	Wānkāner	IN	47814
4278890	설라이나	US	47813
4260210	Lawrence	US	47809
1785891	Yuexi	CN	47802
6317400	Juína	BR	47800
326206	Werota	ET	47800
7931933	Ol Kalou	KE	47795
2646088	인버네스	GB	47790
2650628	더럼	GB	47785
2943560	Bruchsal	DE	47784
767470	크로스노	PL	47784
3456820	Monte Santo	BR	47780
3642497	Lecherías	VE	47778
1637001	Luwuk	ID	47778
1273909	Churāchāndpur	IN	47774
1852481	Shima	JP	47774
1608409	Narathiwat	TH	47771
3172269	Nichelino	IT	47760
2595640	Diamniadio	SN	47759
1666596	Donggang	TW	47746
1625908	Sungai Raya	ID	47735
2355886	Saonré	BF	47728
712160	빌호로드드니스트로우스키	UA	47727
286293	Sufālat Samā’il	OM	47718
3446194	Tremembé	BR	47714
7257992	Bel Air South	US	47709
1272201	Dūngarpur	IN	47706
2383523	Paoua	CF	47703
3464728	Diamantina	BR	47702
13157140	Chhaya	IN	47699
5852275	Pearl City	US	47698
2813187	Weißensee	DE	47693
3456848	Monte Carmelo	BR	47692
2112758	히가시네 시	JP	47682
538836	Kurganinsk	RU	47681
2619856	Hørsholm	DK	47680
1540356	라두즈니	RU	47679
5153420	유클리드	US	47676
2621215	Greve	DK	47671
1215350	Bireun	ID	47670
1272237	둠카	IN	47663
3391040	Queimadas	BR	47658
1814693	Cuijiaji	CN	47651
2487882	Merouana	DZ	47646
3389023	São Benedito	BR	47640
5007655	로즈빌	US	47637
1861416	이시가키 시	JP	47637
12450884	Jieshi	CN	47636
1650460	Balung	ID	47631
3428759	San Lorenzo	AR	47626
2831924	Singen	DE	47621
4736134	Texas City	US	47618
2392308	Ouidah	BJ	47616
5278159	Wauwatosa	US	47614
524640	므첸스크	RU	47609
1854026	오노 시	JP	47609
1271847	Gādarwāra	IN	47604
333103	Kibre Mengist	ET	47600
225835	Yumbe	UG	47600
2465840	시디부지드	TN	47595
13645932	Waiau-Pacific Palisades	US	47591
110831	Āzādshahr	IR	47590
1250615	바둘라	LK	47587
1734439	Bedong	MY	47585
293222	야브네	IL	47585
12157064	Centenario	PE	47581
3014856	그라스	FR	47581
2754659	Heerhugowaard	NL	47580
2367990	아네호	TG	47579
739251	Suluova	TR	47572
1259503	Pithorāgarh	IN	47571
8668394	Damoujia	CN	47569
13157324	Vermont Square	US	47555
1277552	Ballia	IN	47550
1275712	Bihtā	IN	47549
3598073	Colomba	GT	47544
3178587	Civitavecchia	IT	47543
578155	벨라야칼리트바	RU	47521
5349613	Florin	US	47513
1278190	Atraulī	IN	47512
2545017	Jerada	MA	47507
118191	Rūdsar	IR	47502
334152	Injibara	ET	47500
328716	Shakiso	ET	47500
6930414	Stuttgart-Ost	DE	47500
1252997	Walajapet	IN	47498
2934662	Dülmen	DE	47495
3624955	알라후엘라	CR	47494
1700712	Masbate	PH	47490
142497	Aznā	IR	47489
3166576	Settimo Torinese	IT	47485
142496	Aznā	IR	47482
1630723	Poso	ID	47477
1266128	Koraput	IN	47468
5610810	Twin Falls	US	47468
2055638	여침동	KP	47460
2016764	Shelekhov	RU	47459
1253861	Umarkhed	IN	47458
3407797	Altos	BR	47453
3428576	San Pedro	AR	47452
4893886	Glenview	US	47446
729114	몬타나	BG	47445
3458132	Mairinque	BR	47441
2925550	Frankenthal	DE	47438
11549977	Vista Alegre	ES	47427
2641224	Northwich	GB	47421
3345669	Ucu Seles	AO	47421
1270820	Gudalur	IN	47419
2507943	Aïn Sefra	DZ	47415
558312	Gryazi	RU	47413
379427	Al Hasaheisa	SD	47408
5221931	이스트 프로비던스	US	47408
6244895	어퍼헛	NZ	47400
3389384	Santana do Ipanema	BR	47397
1725426	Upper Bicutan	PH	47397
1265580	Kunnamangalam	IN	47396
3455769	Osório	BR	47396
2905455	Herzogenrath	DE	47381
3859552	Cutral-Có	AR	47380
9972726	Valasaravakkam	IN	47378
5380668	팜스프링스	US	47371
6318423	São Francisco de Itabapoana	BR	47368
773380	Dębica	PL	47366
3406996	Atalaia	BR	47365
739914	Şebin Karahisar	TR	47360
2640358	퍼스	GB	47350
3047679	너지커니저	HU	47349
12157065	Cono Norte	PE	47347
3881276	로타	CL	47339
5392323	샌루이스오비스포	US	47339
2974681	세브랑	FR	47334
259824	Kifisiá	GR	47332
1794348	Shunhe	CN	47330
11184118	Alangad	IN	47329
11463700	Alengād	IN	47329
1268866	Jodhpur	IN	47329
1719329	Candaba	PH	47326
1735799	Sri Aman	MY	47313
2485540	Ouenza	DZ	47312
977975	Matsulu	ZA	47306
2748076	Rijswijk	NL	47299
1151063	Pran Buri	TH	47293
1519244	Shchuchinsk	KZ	47290
1161724	Chabahar	IR	47287
3388443	São José de Mipibu	BR	47286
756320	Ursus	PL	47285
10378130	Gongqingcheng	CN	47284
3090436	니사	PL	47283
1549771	Hekou	CN	47281
204283	Watsa	CD	47278
3028263	카스트르	FR	47275
3084826	Starogard Gdański	PL	47272
524699	Mozhga	RU	47270
1259243	Punalūr	IN	47263
3027484	샬롱쉬르손	FR	47251
98685	Ar Rumaythah	IQ	47248
2392897	Lokossa	BJ	47246
293783	라마트하샤론	IL	47245
1253180	Vikramasingapuram	IN	47241
5373628	Mission District	US	47234
239899	Bria	CF	47226
299137	Tire	TR	47220
713749	Okhtyrka	UA	47216
8417606	Diaoyucheng	CN	47205
1549635	Hanwang	CN	47205
201463	Rwamagana	RW	47203
339594	Degeh Bur	ET	47200
6178582	웨스트 엔드	CA	47200
2111173	Sawara	JP	47199
354699	Kafr al Baţţīkh	EG	47198
7284885	Marseille 04	FR	47193
380757	Abu Jibeha	SD	47188
11487540	Vattiyūrkāvu	IN	47187
1260909	파드라나	IN	47181
1882778	Marine Parade	SG	47180
1641333	Karanganom	ID	47179
1278868	Ambāh	IN	47177
1572614	Nga Sơn	VN	47176
3682393	Florida	CO	47173
8400146	Changsha	CN	47170
3555907	Jovellanos	CU	47164
8521440	Dzerzhinsky	RU	47163
2644972	랭커스터	GB	47162
1688398	Santa Ana	PH	47158
1849306	Umeki	JP	47153
1176035	Jatoi Shimali	PK	47144
3164039	Viterbo	IT	47134
13353580	Komalapuram	IN	47126
3457528	Mata de São João	BR	47126
1804730	Kongtan	CN	47125
3447597	Sidrolândia	BR	47118
3489577	Mandeville	JM	47115
2288118	Affery	CI	47109
4152093	Country Club	US	47105
3182272	Battipaglia	IT	47104
2620583	Hedensted	DK	47099
3599582	Barberena	GT	47093
4357116	Gwynn Oak	US	47092
1054463	Tsiroanomandidy	MG	47087
56335	Jawhar	SO	47086
3169447	Rho	IT	47086
113860	Şowme‘eh Sarā	IR	47083
1299237	Pyapon	MM	47082
1263331	Mattanur	IN	47078
166365	Nawá	SY	47066
3589805	산마르코스	GT	47063
1584023	Thị Trấn Đầm Hà	VN	47060
3036784	아라스	FR	47052
3167777	Sanremo	IT	47043
11549789	Sant Gervasi - Galvany	ES	47043
1270287	Harpanahalli	IN	47039
305742	Kulu	TR	47037
2316748	Bolobo	CD	47032
361702	Aga	EG	47013
3031133	불로뉴쉬르메르	FR	47013
3468592	Cabreúva	BR	47011
1267283	Kendrāparha	IN	47006
1852561	Shido	JP	47003
2875881	Lörrach	DE	47002
1510203	Beryozovsky	RU	47000
2473747	El Hamma	TN	47000
156111	Kyela	TZ	47000
3904221	Sipe Sipe	BO	47000
2635785	Tipton	GB	47000
5410095	Winnetka	US	47000
2337759	Ilaro	NG	46999
6822108	이나시키 시	JP	46994
346201	Zaafarana	EG	46993
2027749	아무르스크	RU	46993
3109481	Santurtzi	ES	46978
6822116	다카시마 시	JP	46976
3515384	Tlapa de Comonfort	MX	46975
10263233	Tighri	IN	46974
3515504	Tizimín	MX	46971
2645605	킬마녹	GB	46970
2491913	Khemis el Khechna	DZ	46965
359710	At Tall al Kabīr	EG	46962
4074267	Madison	US	46962
13353579	Pallikal	IN	46962
4259671	Jeffersonville	US	46960
784372	Vitina	XK	46959
3178784	Chioggia	IT	46951
5392090	샌재신토	US	46951
2958595	Albstadt	DE	46950
3025622	Chelles	FR	46947
2175411	Blacktown	AU	46942
655958	야르벤파	FI	46942
1549795	Sunlou	CN	46941
3029227	카뉴쉬르메르	FR	46923
1257762	Selu	IN	46915
1854905	누마타 시	JP	46908
1173055	Kotli	PK	46907
1798403	Qabqa	CN	46907
5162645	Mentor	US	46901
265560	Agrínio	GR	46899
2979590	생테르블랭	FR	46898
3403566	Campo Maior	BR	46893
11524139	Hokuto	JP	46888
3663684	Lábrea	BR	46882
1263230	메다크	IN	46880
3453337	Poções	BR	46879
11962422	Vila Leopoldina	BR	46875
729730	Kyustendil	BG	46856
1061605	마나카라	MG	46850
4801859	찰스턴	US	46838
250637	Al Jubayhah	JO	46834
5161723	맨스필드	US	46830
1260168	Patancheru	IN	46821
3082473	Wejherowo	PL	46820
6317755	Nova Mutum	BR	46813
4429295	해티즈버그	US	46805
3459785	João Pinheiro	BR	46801
339823	Debark’	ET	46800
1213713	Singkil	ID	46800
11288649	Parella	IT	46795
1914252	Nanpeng	CN	46786
534701	리브니	RU	46779
1274336	Chhatarpur	IN	46776
5774001	드레이퍼	US	46774
3077685	호무토프	CZ	46771
1272411	Dondaicha	IN	46767
1269315	Jāmner	IN	46762
1538377	Yuqunweng	CN	46759
4838633	미들타운	US	46756
1855907	나카마 시	JP	46745
2858738	Oberursel	DE	46736
1537939	Stepnogorsk	KZ	46736
2553455	Chefchaouen	MA	46721
2263352	São Domingos de Rana	PT	46718
3461914	Guaramirim	BR	46711
4743275	Wylie	US	46708
1275050	Burla	IN	46698
1796385	Shaji	CN	46696
4256038	Columbus	US	46690
1465622	Porur	IN	46690
3364937	Kuils River	ZA	46685
8549414	Nantong	CN	46684
1261532	Nellikkuppam	IN	46678
1606030	Surin	TH	46673
11612330	Nankoku	JP	46664
2545069	Mrirt	MA	46660
1260911	Padra	IN	46660
1267369	Kawardha	IN	46657
1634788	Muara Teweh	ID	46652
1270759	Gulāothi	IN	46647
9063948	Joda	IN	46631
5364271	Laguna	US	46621
2231319	Garoua Boulaï	CM	46615
2918752	고타	DE	46615
4658590	Smyrna	US	46607
2399888	랑바레네	GA	46605
1149698	Phetchaburi	TH	46601
538908	Kurchatov	RU	46600
2739590	피게이라다포스	PT	46600
4752031	샬러츠빌	US	46597
7963596	Panauti	NP	46595
932438	Mohale's Hoek	LS	46593
6049388	Langford	CA	46584
125205	Maku	IR	46581
125206	Makū	IR	46581
3174945	Lecco	IT	46580
3457359	Medianeira	BR	46574
3345790	Tômbua	AO	46573
315515	Erdemli	TR	46570
2395261	Bassila	BJ	46569
3925075	구아자라미링	BR	46556
1256832	Seohāra	IN	46546
210674	Lukula	CD	46534
1252925	와로라	IN	46532
3021000	두에	FR	46531
3571971	Lucaya	BS	46525
3178388	Collegno	IT	46524
1290374	Twante	MM	46516
2361082	Dori	BF	46512
3662155	Sena Madureira	BR	46511
3178131	Corato	IT	46505
1508350	Chebarkul’	RU	46502
2650798	덤프리스	GB	46500
1159716	Sarakhs	IR	46499
6128081	Rouge	CA	46496
5903510	Blainville	CA	46493
2750896	미델뷔르흐	NL	46485
3406961	Augusto Corrêa	BR	46471
8616216	Tây Mỗ	VN	46469
1263594	Mānvi	IN	46465
1904094	Sanjiao	CN	46458
3450272	Santa Cruz do Rio Pardo	BR	46442
3861953	Chacabuco	AR	46440
774208	치에하누프	PL	46438
2872079	Melle	DE	46436
212795	Kipamba	CD	46430
1267675	Kurseong	IN	46427
11549821	Barri de les Corts	ES	46412
117111	Sardasht	IR	46412
2756139	Emmeloord	NL	46409
5800112	Lacey	US	46409
12358475	Sankeshu	CN	46402
1526979	Quva	UZ	46400
1263761	Manglaur	IN	46395
2128894	노보리베쓰 시	JP	46391
13100439	Makakilo / Kapolei / Honokai Hale	US	46389
3122453	Figueres	ES	46381
11809770	Shime	JP	46377
3077244	데친	CZ	46376
2829962	Staaken	DE	46369
5429032	리틀턴	US	46368
1261398	Nilambūr	IN	46366
2941694	Bünde	DE	46365
3122826	Esplugues de Llobregat	ES	46355
1280623	Mangshi	CN	46353
2958141	Alsdorf	DE	46340
1498087	Nadym	RU	46339
3467371	Capão Bonito	BR	46337
1611026	Chum Phae	TH	46335
2266940	Lumiar	PT	46334
874045	Staryy Malgobek	RU	46334
1272207	Ganj Dundwāra	IN	46314
13512358	Victoria-Downtown	CA	46309
3511336	Boca Chica	DO	46300
3946820	Barranca	PE	46290
2947444	Böblingen	DE	46282
2656379	Banstead	GB	46280
1261901	Nānpāra	IN	46280
4506008	Beavercreek	US	46277
2832561	Langenhorn	DE	46272
1858858	고모로 시	JP	46272
1859319	기타카타 시	JP	46269
2499193	Douéra	DZ	46266
2656708	Ayr	GB	46260
1816412	Biantang	CN	46260
294577	Karmi’el	IL	46252
1645875	Curup	ID	46245
202068	Kibungo	RW	46240
1606939	Sadao	TH	46236
3171737	Paderno Dugnano	IT	46235
3671315	Puerto Tejada	CO	46215
3074603	야블로네츠나트니소우	CZ	46209
1266616	코다	IN	46205
11549934	Embajadores	ES	46204
3405380	Bom Conselho	BR	46202
3448616	São Lourenço	BR	46202
1735268	Batu Gajah	MY	46183
1697486	Noveleta	PH	46172
1278228	Atarra	IN	46168
2610802	Valby	DK	46161
1817330	Baitao	CN	46160
3669808	San Gil	CO	46152
3386396	Timbaúba	BR	46147
3020020	Épinay-sur-Seine	FR	46145
4474040	Kannapolis	US	46144
2513811	Mislata	ES	46131
2641843	Neath	GB	46126
2847690	Rheda-Wiedenbrück	DE	46123
3883214	리마체	CL	46121
3385745	União	BR	46119
511794	페초라	RU	46113
3466763	Casimiro de Abreu	BR	46110
334717	Himora	ER	46100
3446465	Timbó	BR	46099
710035	Myrnohrad	UA	46098
1795299	Shijiao	CN	46097
2645456	King's Lynn	GB	46093
3949231	Jacobo Hunter	PE	46092
3876664	펭코	CL	46091
2305537	Agogo	GH	46089
2801471	Borgerhout	BE	46087
6862586	호쿠토 시	JP	46083
3057478	Staré Mesto	SK	46080
9036524	Barbigha	IN	46075
2633858	윈체스터	GB	46074
1263120	Merta	IN	46070
781988	포그라데츠	AL	46070
1269323	Jammalamadugu	IN	46069
2304220	Asamankese	GH	46061
359169	Banī ‘Ubayd	EG	46060
1271493	Garhwa	IN	46059
3599699	Antigua Guatemala	GT	46054
88562	At Tāj	LY	46050
4936008	에버렛	US	46050
5109177	빙엄턴	US	46032
2523866	Paternò	IT	46030
1261598	Nawanshahr	IN	46024
1258534	Rānāvāv	IN	46018
6295532	Zürich (Kreis 3)	CH	46018
1021396	Balfour	ZA	46008
734150	Stavroúpoli	GR	46008
136702	Dehlorān	IR	46002
13580096	Berezniaky	UA	46000
341397	Burē	ET	46000
2345521	Damaturu	NG	46000
499453	사포노보	RU	46000
3121519	Gavà	ES	45994
12640681	Mei Foo	HK	45990
3359741	Vredenburg	ZA	45986
4931353	Brighton	US	45977
1277289	Bānka	IN	45977
2418623	Koumbia	GN	45970
4891010	Elmhurst	US	45957
502793	Rasskazovo	RU	45957
3607511	La Lima	HN	45955
2112688	호코타 시	JP	45953
1254570	Thoubāl	IN	45947
2497509	El Milia	DZ	45945
12546009	Ranyah	SA	45942
2893438	Kamen	DE	45927
906221	Mkushi	ZM	45927
2919502	Gohlis	DE	45924
2968054	뱅센	FR	45923
1264363	Mahmudābād	IN	45921
546521	Kol’chugino	RU	45912
7926419	Paotana Hat	BD	45911
2527915	Tinghir	MA	45911
2251084	Joal	SN	45903
333516	Kebri Dahar	ET	45900
2514287	Mairena del Aljarafe	ES	45890
5120442	Hell's Kitchen	US	45884
707292	Izyum	UA	45884
2736680	Paranhos	PT	45883
2294086	Wankyi	GH	45877
102585	Şafwá	SA	45876
3164565	Vercelli	IT	45875
3168550	San Benedetto del Tronto	IT	45873
434129	Burj al ‘Arab al Jadīdah	EG	45865
13494721	Milavittan	IN	45863
1849237	우오즈 시	JP	45848
3464426	Dracena	BR	45847
3461498	Igarapé	BR	45847
1815345	Chefushan	CN	45844
8436084	Auburn Gresham	US	45842
12808660	Roquette	FR	45842
1260824	Pakur	IN	45840
10792588	체르탈라	IN	45827
3113082	Portugalete	ES	45826
2363174	Aribinda	BF	45818
359849	As Sanţah	EG	45813
3627561	Santa Bárbara	VE	45808
3180172	Casalnuovo di Napoli	IT	45796
1169620	Mustafabad	PK	45795
361495	Al ‘Ayyāţ	EG	45793
1723257	Bugo	PH	45787
3894426	Coyhaique	CL	45787
3178283	Cologno Monzese	IT	45786
1083968	Ambalavao	MG	45784
7174365	City of Sammamish	US	45780
1040397	Marromeu	MZ	45777
2313011	Masi-Manimba	CD	45775
3453060	Pontes e Lacerda	BR	45774
5324105	Antelope	US	45770
1261567	Nāyudupet	IN	45769
3567612	Bauta	CU	45768
4702828	Keller	US	45758
2413525	Faji Kunda	GM	45757
2995387	마르티그	FR	45749
3922037	Caranavi	BO	45747
1340665	Kamra	PK	45738
2218840	바니왈리드	LY	45734
1229724	Pottuvil	LK	45727
2470656	라굴레트	TN	45711
699871	Nova Darnytsya	UA	45700
1794725	Shuanggou	CN	45697
2743493	Zwijndrecht	NL	45696
1220855	Vahdat	TJ	45693
647751	로흐야	FI	45686
2550806	El Aïoun	MA	45679
1271940	Farrukhnagar	IN	45675
2799645	덴데르몬더	BE	45673
472722	볼호프	RU	45673
3123673	el Raval	ES	45671
1210565	Burhānuddin	BD	45670
1177064	Chak Thirty-one -Eleven Left	PK	45665
873901	Obukhovo	RU	45664
1229293	푸탈람	LK	45661
317844	Çumra	TR	45657
3166601	Sesto Fiorentino	IT	45656
168661	Kafranbel	SY	45652
260183	Chaïdári	GR	45642
1258584	Rāmpura	IN	45639
4418478	빌럭시	US	45637
2829901	Hansestadt Stade	DE	45634
1185199	Kālīganj	BD	45631
735640	코모티니	GR	45631
11549974	Pilar	ES	45610
2745123	Waalwijk	NL	45610
2476301	틴두프	DZ	45610
3172244	Nocera Inferiore	IT	45608
3389006	São Bento	BR	45604
10910176	Chirakkal	IN	45601
234578	Bugembe	UG	45600
13580126	Syrets	UA	45600
2642593	Middleton	GB	45589
4452808	Apex	US	45585
2349431	Argungu	NG	45584
2647317	Havant	GB	45574
2645313	Kirkby	GB	45564
3395058	Mauriti	BR	45561
354440	Aş Şalāḩāt	EG	45557
7521348	Ain Sukhna	EG	45552
359541	Al ‘Ayn as Sukhnah	EG	45552
4928096	웨스트라피엣	US	45550
1185100	Dohār	BD	45543
2524123	Misterbianco	IT	45542
11288669	Filadelfia	IT	45531
2253277	Dara	SN	45530
1281157	Gudong	CN	45528
110250	Afif	SA	45525
2653646	Carshalton	GB	45525
220223	Aru	CD	45516
695379	Rovenky	UA	45514
11184827	Chirkunda	IN	45508
122289	Neyrīz	IR	45506
3073803	카를로비바리	CZ	45500
468390	예프레모프	RU	45497
1273833	Coonoor	IN	45494
1798763	Pingli	CN	45493
11612479	Minamiawaji	JP	45489
3467530	Canela	BR	45488
8533869	웨스트밴쿠버	CA	45487
185702	Mumias	KE	45485
2373235	Contumo	GW	45482
120931	Sarpol-e Z̄ahāb	IR	45481
1260543	Pāndhurnā	IN	45479
307677	Kireçocağı	TR	45476
3536640	Santo Domingo	CU	45476
1256558	Shertallai	IN	45474
3168309	San Giorgio a Cremano	IT	45463
1549554	Zouzhuang	CN	45461
11452749	Kodur	IN	45459
142255	Bāfq	IR	45453
210939	Luebo	CD	45443
2244177	Vélingara	SN	45431
6332309	Cutler Bay	US	45425
7284884	Marseille 03	FR	45414
7886881	Centar Župa	MK	45412
1813868	Dangjiang	CN	45408
3183005	Anzio	IT	45403
912072	Katete	ZM	45402
2315057	Kasangulu	CD	45400
1819101	Ping Shan	HK	45400
4175437	Titusville	US	45393
1793463	Tangba	CN	45385
154313	Mbulu	TZ	45384
4017957	Autlán de Navarro	MX	45382
3623076	리베리아	CR	45380
3588698	Sololá	GT	45373
1271212	Giddarbāha	IN	45370
3470597	Barra Velha	BR	45369
1465870	Meddappakkam	IN	45356
644171	누르미얘르비	FI	45356
3701117	산티아고데베라과스	PA	45355
5178195	앨투나	US	45344
1261957	Nandikotkūr	IN	45343
3031009	부르캉브레스	FR	45340
2655138	보스턴	GB	45339
5376803	뉴어크	US	45336
553152	Kanevskaya	RU	45334
3592642	Masagua	GT	45323
1267115	Khalīlābād	IN	45321
2223293	Obala	CM	45321
208725	Mangbwalu	CD	45318
3166465	Soccavo	IT	45314
1024699	Mocímboa da Praia	MZ	45313
3649810	Achaguas	VE	45311
1274043	Chittaranjan	IN	45305
113343	Hashtpar	IR	45305
5307540	오로밸리	US	45303
2482090	Sedrata	DZ	45300
3493283	Salcedo	DO	45299
2872347	Meiderich	DE	45297
3462376	Goianira	BR	45296
3686513	Chiquinquirá	CO	45294
1854807	Obita	JP	45293
932614	Mafeteng	LS	45287
2360620	가와	BF	45284
3460071	Jardinópolis	BR	45282
1260134	Pāthardih	IN	45276
2745392	플리싱언	NL	45273
12358514	Nongzhang	CN	45270
2016187	Spassk-Dal’niy	RU	45265
1274837	Chāmpa	IN	45256
2807465	Wismar	DE	45255
5045021	Saint Louis Park	US	45250
1263195	메카르	IN	45248
3460107	Jaraguá	BR	45223
3457991	Mangaratiba	BR	45220
1024685	Moatize	MZ	45213
4834040	Enfield	US	45212
495112	Shebekino	RU	45194
3428992	San Isidro	AR	45190
2748172	Ridderkerk	NL	45189
568595	체르냐홉스크	RU	45187
2756644	Drachten	NL	45186
2165478	Gladstone	AU	45185
2802031	베베런	BE	45179
1679811	Vinzons	PH	45173
2521710	Antequera	ES	45168
11962399	Cambuci	BR	45163
13353618	Dhanpuri	IN	45156
3391220	Presidente Dutra	BR	45155
909299	Lundazi	ZM	45149
12640239	Sidi Amar	DZ	45148
3395717	Mamanguape	BR	45136
2127896	Takikawa	JP	45131
2471055	Fouchana	TN	45107
2653584	Castleford	GB	45106
752627	Akçaabat	TR	45105
11550006	San Diego	ES	45104
5152333	더블린	US	45098
6318968	Xinguara	BR	45086
3531013	Chiapa de Corzo	MX	45077
2464953	Soliman	TN	45053
1734797	Bangi	MY	45042
1060283	Maroantsetra	MG	45041
1591538	Bắc Kạn	VN	45036
1255437	순더가르	IN	45036
117368	Sarāb	IR	45031
2747034	Soest	NL	45021
3190586	슬라본스키브로드	HR	45005
3458826	Lapa	BR	45003
1857594	마스다 시	JP	45003
1248158	Devinuwara	LK	45000
13132454	Diobahika	TZ	45000
12622018	Elmina	MY	45000
159386	Igunga	TZ	45000
159242	Ikwiriri	TZ	45000
2473639	Jedeïda	TN	45000
1174984	Kanganpur	PK	45000
12188754	Monte Rosello	IT	45000
13132460	Mwandege	TZ	45000
1308052	Myawaddy	MM	45000
6945426	Paşcani	RO	45000
6723024	Pivnichna Saltivka	UA	45000
7619709	Taman Permas Jaya	MY	45000
1272639	Dīg	IN	44999
1808588	Hekou	CN	44998
4790207	Tuckahoe	US	44990
94220	Koysinceq	IQ	44987
701855	Marhanets	UA	44980
1687164	Sariaya	PH	44977
2748000	Roermond	NL	44975
6822173	Inabe	JP	44973
4366001	Potomac	US	44965
7566098	Kampung Perak	MY	44964
4833320	Cleveland Heights	US	44962
3032179	보비니	FR	44962
2992292	몽뤼송	FR	44960
734301	Sykiés	GR	44955
1787292	Yanguan	CN	44954
3166988	Scandicci	IT	44951
196742	Homa Bay	KE	44949
2483936	Râs el Oued	DZ	44947
4043909	Dededo Village	GU	44943
142679	Āstāneh-ye Ashrafīyeh	IR	44941
1694775	Parang	PH	44930
295740	아풀라	IL	44930
1516438	Altay	KZ	44929
1630681	Candi Prambanan	ID	44925
5104404	Sayreville	US	44920
1280023	Shangyun	CN	44918
2653516	Catford	GB	44905
3401283	Currais Novos	BR	44905
354605	Kafr al Kurdī	EG	44905
2404433	Port Loko	SL	44900
3868633	Vallenar	CL	44895
1842939	Kimje	KR	44894
6686970	Āz̄arshahr	IR	44887
324106	Aliağa	TR	44883
6295534	Zürich (Kreis 9)	CH	44878
1697046	Orani	PH	44877
3464579	Dois Vizinhos	BR	44869
1254080	툼사르	IN	44869
3653403	Pasaje	EC	44860
3457817	Marau	BR	44858
3899629	Angol	CL	44856
1258698	Rameswaram	IN	44856
350207	Ras Gharib	EG	44852
1719053	Canlaon	PH	44851
1277320	Bangarapet	IN	44849
3036433	오바뉴	FR	44844
8570265	Shinden	JP	44841
293943	Pardés H̱anna Karkur	IL	44840
2032054	Choibalsan	MN	44835
5098706	해컨색	US	44834
3680387	Jamundí	CO	44833
3454620	Pederneiras	BR	44827
736364	Dráma	GR	44823
1255023	Tānda	IN	44822
2971041	발랑시엔	FR	44821
2761353	비너노이슈타트	AT	44820
1524298	Aksu	KZ	44808
3449933	Santana do Paraíso	BR	44800
1834946	담양	KR	44800
3457850	Maragogipe	BR	44793
3086706	Rumia	PL	44791
3163948	Vomero	IT	44791
1253098	Vishāram	IN	44786
1490796	Strezhevoy	RU	44784
1254342	Thiruthani	IN	44781
2082460	Sentani	ID	44779
293322	티베리아스	IL	44779
3389822	Salinópolis	BR	44772
4126226	파인블러프	US	44772
1814272	Dahuangshan	CN	44771
1272596	Digras	IN	44767
8858089	San Buenaventura	MX	44761
711369	Bryanka	UA	44760
1282666	Ṭikāpur	NP	44758
3444823	Xique-Xique	BR	44757
3489523	May Pen	JM	44755
99548	Al ‘Azīzīyah	IQ	44751
3659139	Chone	EC	44751
1606239	Si Sa Ket	TH	44751
2638664	솔즈베리	GB	44748
1549510	Hegou	CN	44747
2956656	Amberg	DE	44737
1020641	Beaufort West	ZA	44737
3460963	Itaberaí	BR	44734
2633551	Worksop	GB	44733
2370317	Reino de Bandim	GW	44718
1650434	Bambanglipuro	ID	44713
11612337	Sakura	JP	44712
5143992	West Seneca	US	44711
2640132	폰트프랙트	GB	44710
348112	Sīdī Sālim	EG	44709
11185833	Maradu	IN	44704
3087497	라돔스코	PL	44700
2973675	쉬렌	FR	44697
3466429	Cerquilho	BR	44695
3377408	Linden	GY	44690
2556657	Azemmour	MA	44683
2864058	Neustadt am Rübenberge	DE	44668
5173237	Strongsville	US	44668
580222	Avtovo	RU	44667
2736041	Ponte de Lima	PT	44667
1277362	Bāndīkūi	IN	44664
2994144	뫼동	FR	44652
2929622	Erkelenz	DE	44650
743439	Keşan	TR	44644
8550302	Thị Trấn Sao Vàng	VN	44643
13156776	Dowleswaram	IN	44637
5338166	코첼라	US	44635
1283190	Ki̇̄rtipur	NP	44632
6545078	Lavapiés	ES	44630
3671772	Pradera	CO	44630
1863418	하기 시	JP	44626
5205377	Penn Hills	US	44610
2899449	Homburg	DE	44607
374739	Gogrial	SS	44600
702723	Lubny	UA	44595
1277636	Bālāpur	IN	44594
11453263	Tondalam	IN	44590
7284886	Marseille 05	FR	44583
5346649	엔시노	US	44581
2648208	Grantham	GB	44580
2826099	Straubing	DE	44580
2503641	Bordj Menaïel	DZ	44572
1504871	Kamen’-na-Obi	RU	44564
1152188	Mae Sot	TH	44563
13494730	Jawaharnagar	IN	44562
1797514	Qisha	CN	44561
583798	Akhtubinsk	RU	44551
1794395	Shuitu	CN	44551
1171757	Mach	PK	44542
1310120	Mawlaik	MM	44540
1809178	Guxian	CN	44533
354105	Kafr Şaqr	EG	44529
2485618	Oued Fodda	DZ	44523
3196079	Lukavac	BA	44520
3566603	Cabaiguán	CU	44515
7289614	Halle-Neustadt	DE	44515
3080414	Zduńska Wola	PL	44515
1219392	Magdanly	TM	44508
3176515	Frosinone	IT	44505
4101260	벤턴빌	US	44499
4156018	Fort Pierce	US	44484
1269979	Homnābād	IN	44483
360150	Ar Raḩmānīyah	EG	44482
2494029	하시메사우드	DZ	44478
1711655	Hinatuan	PH	44475
3455141	Paraíba do Sul	BR	44467
8299576	Bridgewater	US	44464
733905	Véroia	GR	44464
1842800	Koesan	KR	44461
321191	Beyşehir	TR	44460
289738	Madīnat Khalīfah	QA	44459
9253107	Dêrelûk Devera Nihêliya	IQ	44448
1263148	Memāri	IN	44448
3178796	Chieti	IT	44444
2223198	Oku	CM	44443
3460620	Itararé	BR	44438
1023309	Aliwal North	ZA	44436
3085978	Sieradz	PL	44436
2791301	Merksem	BE	44435
2525755	Alcamo	IT	44431
3542502	Regla	CU	44431
3448219	São Sebastião do Passé	BR	44430
699839	노바카호우카	UA	44427
1142170	Fayzabad	AF	44421
1805117	Jiushan	CN	44420
1261932	Nāndūra	IN	44419
1734407	Bandar Baharu	MY	44412
3436177	Balcarce	AR	44409
12277243	Xindian	CN	44409
3396601	Lago da Pedra	BR	44403
11502085	Kottangara	IN	44402
1851504	Sugito	JP	44402
5341531	댄빌	US	44400
3034475	바욘	FR	44396
1822827	Phumĭ Yoŭl Toŭng	KH	44395
2522129	Alzira	ES	44393
1278593	Angul	IN	44386
1175010	Kandiaro	PK	44382
1265932	Kōttakkal	IN	44382
3095795	코워브제크	PL	44377
10261507	Libāspur	IN	44375
3620680	블루필즈	NI	44373
3012647	이스트르	FR	44373
3586833	Cuscatancingo	SV	44369
3449529	Santo Antônio da Platina	BR	44369
1333526	Dalli Rājhara	IN	44363
1786150	Youting	CN	44363
1852046	신시로 시	JP	44355
12432229	Sudoeste/Octagonal	BR	44354
2472833	Zouila	TN	44349
2110460	유자와 시	JP	44346
1201753	Hājīganj	BD	44343
135355	Eqlīd	IR	44341
3113943	Peña Grande	ES	44341
1268325	Kālpi	IN	44339
2616038	네스트베드	DK	44331
3448454	São Miguel d'Oeste	BR	44330
542000	Krasnoye Selo	RU	44323
4166638	Oakland Park	US	44319
3453014	Porangatu	BR	44317
1797766	Qingshanquan	CN	44314
2972811	티옹빌	FR	44311
1163582	Thatta	PK	44302
1854018	Onoda	JP	44295
2633907	Willesden	GB	44295
3407378	Aracati	BR	44293
1268896	Jintūr	IN	44291
1640138	Ketanggungan	ID	44288
4929399	Attleboro	US	44284
321062	Birecik	TR	44284
1273618	다만	IN	44282
1258642	Rāmnagar	IN	44277
1869577	송화	KP	44274
3832778	Villa Constitución	AR	44271
1822906	Phumĭ Véal Srê	KH	44270
2996148	망트라졸리	FR	44263
1278609	Anekal	IN	44260
3637623	Lagunillas	VE	44257
744537	Karacabey	TR	44256
114049	Sonqor	IR	44256
3024066	콩피에뉴	FR	44243
12489669	Caojie	CN	44237
2128558	Otofuke	JP	44235
3447928	Seabra	BR	44234
4369190	Severn	US	44231
2473481	Kalaa Srira	TN	44220
7302805	Akkarampalle	IN	44219
350350	Rafaḩ	EG	44215
4747845	블랙스버그	US	44215
2470588	Hammam-Lif	TN	44207
4695912	Haltom City	US	44206
4885597	Brighton Park	US	44202
330158	Nefas Mewch’a	ET	44200
1512342	Yangiyer	UZ	44200
1064980	Fenoarivo Atsinanana	MG	44199
2871992	Memmingen	DE	44192
1731212	Amadeo	PH	44190
955313	Siyabuswa	ZA	44189
670938	Petroşani	RO	44187
1261446	Nidadavole	IN	44173
3451134	Rio Grande da Serra	BR	44170
281577	툴카름	PS	44169
5367788	롬포크	US	44164
1258952	Raisen	IN	44162
2228005	Mbanga	CM	44155
1859175	Kobayashi	JP	44154
214297	Kanyobagonga	CD	44146
2503468	Boû Arfa	DZ	44143
3173914	Marino	IT	44142
2943320	Brühl	DE	44137
2964661	드로이다	IE	44135
541404	Krasnyy Sulin	RU	44133
3455281	Panambi	BR	44128
1816535	Beiwangli	CN	44112
301116	Şereflikoçhisar	TR	44101
1270787	Gūduvāncheri	IN	44098
2279172	Zuénoula	CI	44097
215558	Kabeya-Kamwanga	CD	44093
4177727	Wesley Chapel	US	44092
12047644	Rejon placu Świętego Macieja	PL	44090
478044	Ust’-Labinsk	RU	44088
12718626	Kenol	KE	44086
191797	Kinoi	KE	44086
1179305	Fatehpur	PK	44084
1677099	Zhushan	TW	44083
1498129	Myski	RU	44082
863061	Usinsk	RU	44078
729794	커르잘리	BG	44071
3116789	Mieres	ES	44070
2112527	Iwanuma	JP	44068
1253403	Varangaon	IN	44067
4879890	Urbandale	US	44062
2532394	Souq Larb’a al Gharb	MA	44059
5960533	조지타운	CA	44058
6921777	Shuanglong	CN	44055
1256340	Sihorā	IN	44048
3871276	San Vicente de Tagua Tagua	CL	44046
6822223	Nanjō	JP	44043
1735837	사리케이	MY	44039
1629749	Rembangan	ID	44030
922597	Malemba	CD	44027
1724956	Binmaley	PH	44026
709248	Fastiv	UA	44014
500886	Rtishchevo	RU	44013
2432678	Faya-Largeau	TD	44011
719965	호드메죄바샤르헤이	HU	44009
1511954	Alapayevsk	RU	44000
12188755	Arcella	IT	44000
3351064	Calulo	AO	44000
11139621	Molodizhne	UA	44000
151920	Nansio	TZ	44000
8456972	Osu	GH	44000
8633918	Piendamo	CO	44000
1513578	Xonobod	UZ	44000
2785141	튀른하우트	BE	44000
11611221	Himi	JP	43995
12156843	L'Amoreaux	CA	43993
4562407	요크	US	43992
2990474	느베르	FR	43988
2479161	Sour el Ghozlane	DZ	43985
554599	Kachkanar	RU	43983
122491	Naţanz	IR	43977
5084868	콩코드	US	43976
4166233	North Miami Beach	US	43971
932698	Hlotse	LS	43967
12156826	Islington-City Centre West	CA	43965
295130	Eṭ Ṭaiyiba	IL	43957
5345609	엘센트로	US	43956
293844	Qiryat Bialik	IL	43955
1274102	Chidawa	IN	43953
11611611	Ogi	JP	43952
2652696	Coatbridge	GB	43950
2055166	Sayansk	RU	43949
1810509	Gaojia	CN	43944
1279227	Ahmadpur	IN	43936
1012600	Cradock	ZA	43936
2927268	Fellbach	DE	43935
1134720	Lashkar Gāh	AF	43934
5133640	Rego Park	US	43925
1816162	Caijia	CN	43922
131831	Ḩasanābād	IR	43922
2879367	Lehrte	DE	43920
2861982	노르트하우젠	DE	43912
3447720	Serrana	BR	43909
6946944	North Brunswick	US	43905
10341207	Livramento de Nossa Senhora	BR	43903
1856545	Morowa	JP	43903
351748	Muţūbas	EG	43899
4614088	Cleveland	US	43898
3443758	아르티가스	UY	43897
13353577	Olavanna	IN	43895
3534749	San Germán	CU	43892
282239	라말라	PS	43880
2147497	Tamworth	AU	43874
202326	Cyangugu	RW	43866
2391377	Tchaourou	BJ	43862
3652100	살리나스	EC	43862
1840211	논산시	KR	43845
3026467	샤르트르	FR	43838
10104154	Echo Park	US	43832
2044091	Hoeryŏng	KP	43831
3407703	Amontada	BR	43829
4363843	North Bethesda	US	43828
1463107	Nyaung	MM	43828
480122	Tutayev	RU	43828
6943537	Llefià	ES	43827
3408166	Águas Belas	BR	43822
2642705	머서티드빌 주	GB	43820
5327098	보몬트	US	43811
1271142	Gobārdānga	IN	43808
5847832	Kalihi-Palama	US	43805
3430104	Paso de los Libres	AR	43805
333356	Kemisē	ET	43800
4900373	Lombard	US	43797
11664489	Melmadai	IN	43797
1257749	Saint Thomas Mount	IN	43795
6064969	Malvern	CA	43794
2648026	Great Sankey	GB	43793
1252745	Yellandu	IN	43787
5771826	Bountiful	US	43784
1829516	Bavet	KH	43783
3456102	Nova Viçosa	BR	43783
1175082	Kamra	PK	43779
1854255	Ōkubo-naka	JP	43763
1797126	Rizhuang	CN	43758
1644360	Gebog	ID	43756
1270543	Hāflong	IN	43756
2655777	Bexhill-on-Sea	GB	43754
2526452	Zagora	MA	43752
8992614	Han’airike	CN	43751
2225726	Muyuka	CM	43749
3450563	Salto de Pirapora	BR	43748
3630089	Píritu	VE	43746
202345	Shyorongi	RW	43744
11612564	Akaiwa	JP	43742
3668132	Sevilla	CO	43738
1294761	Tamu	MM	43737
294068	Netivot	IL	43732
2658377	툰	CH	43723
1251459	Ampara	LK	43720
3465813	Vera Cruz	BR	43716
6690786	Dreta de l'Eixample	ES	43715
3389361	Santa Quitéria	BR	43711
3695754	Lambayeque	PE	43710
1259444	Polavaram	IN	43710
4166222	North Lauderdale	US	43703
3124765	Colmenar Viejo	ES	43700
448001	Ishaka	UG	43700
7302825	Kanuru	IN	43696
411760	An Najmah	QA	43695
3542744	Ranchuelo	CU	43695
2234865	Bangangté	CM	43694
56166	Jilib	SO	43694
1699805	Mexico	PH	43694
11038551	Bodupāl	IN	43692
1607978	Pattani	TH	43690
3449519	Santo Antônio de Pádua	BR	43686
3467877	Campina Grande do Sul	BR	43685
3070544	Mladá Boleslav	CZ	43684
2653232	Cheshunt	GB	43680
12489815	Shihao	CN	43680
1832566	Yeongdong	KR	43680
2656915	Ashton-under-Lyne	GB	43675
1805661	Jingguan	CN	43674
2925192	프라이베르크	DE	43670
1258756	Rāmachandrapuram	IN	43657
3455170	Paracambi	BR	43656
3471683	Arcos	BR	43653
1676914	Erlin	TW	43652
3058000	프리에비드자	SK	43645
187532	Masalani	KE	43642
750317	Bulancak	TR	43635
512382	Pashkovskiy	RU	43634
2644660	Leigh	GB	43626
4677551	Burleson	US	43625
496519	Sertolovo	RU	43622
1889792	처산리	KP	43614
3693645	Picsi	PE	43610
4166776	Ocoee	US	43608
13353576	Panachikkad	IN	43595
1141540	Gereshk	AF	43588
2299349	Konongo	GH	43585
2853574	피르마젠스	DE	43582
6115355	Quinte West	CA	43577
1142264	파라	AF	43561
2918840	Goslar	DE	43560
2880498	Lankwitz	DE	43558
6318838	Uruará	BR	43558
2949012	Bietigheim-Bissingen	DE	43556
294097	Naẕerat ‘Illit	IL	43556
2394814	Cové	BJ	43554
1587406	Hoàn Lão	VN	43554
5920457	Chatham	CA	43550
3336891	Filderstadt	DE	43550
75337	Ḩajjah	YE	43549
2644726	Leatherhead	GB	43544
2111248	사가에 시	JP	43544
3441684	메르세데스	UY	43543
2392009	Sakété	BJ	43541
1850818	Taketoyo	JP	43535
1256432	Shōranūr	IN	43533
1804976	Juexi	CN	43527
1214026	사방	ID	43527
1690666	Samal	PH	43526
1607779	Phatthalung	TH	43522
1693618	Pinamalayan	PH	43521
3165475	Torre Annunziata	IT	43521
2168305	더보	AU	43516
656913	Hyvinge	FI	43515
3991226	Purísima de Bustos	MX	43512
2802249	Berchem	BE	43511
3832811	Villa Ángela	AR	43511
4744870	애슈번	US	43511
2231482	Fundong	CM	43509
2824948	줄	DE	43509
1079088	Ambositra	MG	43504
8659953	Maruobara	JP	43502
3113415	Pinto	ES	43501
4843378	Southington	US	43501
230584	Kumi	UG	43500
1168312	파스니	PK	43494
9972729	Pallikaranai	IN	43493
3600841	Teupasenti	HN	43477
132961	Gonābād	IR	43465
4180531	오거스타	US	43459
2290099	Diégonéfla	CI	43456
3646534	Caripito	VE	43448
3635325	Las Tejerías	VE	43445
3128832	Barajas de Madrid	ES	43423
1810279	Gaozuo	CN	43419
3067421	프로스테요프	CZ	43408
5641727	Bozeman	US	43405
3427453	Villa de Mayo	AR	43405
356945	Fāraskūr	EG	43400
1513983	G’ijduvon Shahri	UZ	43400
531129	말고벡	RU	43400
762788	Otwock	PL	43388
1268138	Kāndhla	IN	43387
1276815	Barwāla	IN	43384
943032	Volksrust	ZA	43378
10263055	Nilithi	IN	43371
2487444	Miliana	DZ	43366
2641731	Newark on Trent	GB	43363
7284887	Marseille 06	FR	43360
5314328	Sierra Vista	US	43355
3004871	Le Cannet	FR	43353
1269350	Jambusar	IN	43344
2398073	Mouila	GA	43342
1852479	시마바라 시	JP	43338
11172649	Okino	JP	43337
10642464	Nakatogari	JP	43336
5117949	프리포트	US	43334
2473835	El Ain	TN	43333
3674702	Miranda	CO	43333
5983433	Innisfil	CA	43326
2812174	Weinheim	DE	43325
664460	Turda	RO	43319
1784388	Zhonghe	CN	43318
3336893	Rodgau	DE	43315
673636	메드지디아	RO	43315
185579	Murang’a	KE	43314
525138	Morshansk	RU	43311
3354021	Oshakati	NA	43309
3392629	Pedra Branca	BR	43309
490068	소베츠크	RU	43309
293831	Qiryat Motsqin	IL	43303
4947459	피츠필드	US	43303
11549940	Puerta del Angel	ES	43292
3433787	General Pacheco	AR	43287
1253392	Varkala	IN	43276
11612633	Unnan	JP	43269
1267461	Kātol	IN	43267
5855927	힐로	US	43263
1160500	Konārak	IR	43258
13353440	Kopali	IN	43256
3515505	Tizayuca	MX	43250
125438	Maḩallāt	IR	43245
674531	루고지	RO	43243
109878	Al Bukayrīyah	SA	43229
1257751	Sainthia	IN	43221
2661567	Bellinzona	CH	43220
2953416	Bad Kreuznach	DE	43213
5143630	West Babylon	US	43213
12450864	Kuiya	CN	43212
282457	Qalqīlyah	PS	43212
4889553	디캘브	US	43211
1840862	Munsan	KR	43208
13353575	Choornikkara	IN	43207
2522437	Adeje	ES	43204
8740356	Bhanga	BD	43202
338726	Dodola	ET	43200
3995343	Moroleón	MX	43200
345353	Ādēt	ET	43200
1152468	Lamphun	TH	43196
3430415	Nogoyá	AR	43195
304355	Milas	TR	43193
5391749	San Bruno	US	43185
1024683	Vilankulo	MZ	43183
1856878	Mitsuke	JP	43180
1853354	Ryūō	JP	43180
11550009	Palomeras Sureste	ES	43162
4145941	Altamonte Springs	US	43159
1863978	Nishifukuma	JP	43154
1784527	Zhigou	CN	43152
3661980	Tarauacá	BR	43151
6913329	Bowangshan	CN	43135
203104	Byumba	RW	43134
692087	Svitlovodsk	UA	43130
1499350	마린스크	RU	43122
542199	Krasnoufimsk	RU	43121
3454407	Pedreira	BR	43112
2964540	던도크	IE	43112
1465828	Perungudi	IN	43111
2112444	가마이시 시	JP	43107
5327319	Bell Gardens	US	43106
1516601	Zhitikara	KZ	43104
1605069	Warin Chamrap	TH	43102
2413920	바카우	GM	43098
2754669	Heerenveen	NL	43094
4727326	Schertz	US	43091
13157007	Kamal Pur Majra Burari	IN	43086
4935304	East Boston	US	43066
4004024	Jerez de García Salinas	MX	43064
2857659	Ohligs	DE	43063
10265066	Jīwanpur	IN	43054
1640354	Kencong	ID	43046
1276954	Barhiya	IN	43045
5993123	키칠라노	CA	43045
1807452	Huangji	CN	43038
2869791	Monheim am Rhein	DE	43038
3182043	Biella	IT	43030
11611940	Yatomi	JP	43025
1255860	소자트	IN	43023
1784697	Zhengji	CN	43021
4003995	Jesús María	MX	43012
3364346	Malmesbury	ZA	43009
13494082	Wong Sawang	TH	43005
540771	크론시타트	RU	43005
362615	Abū Ḩammād	EG	43001
2920478	Gifhorn	DE	43000
1268403	Kālimpong	IN	43000
1847826	Möng La	MM	43000
3390188	Rosário	BR	42994
1806282	Jiangping	CN	42985
689487	Vyshneve	UA	42983
301911	Sandıklı	TR	42981
1259879	Periyakulam	IN	42976
8456741	Lai Châu	VN	42973
11204552	Mkhuhlu	ZA	42969
2265428	Olival	PT	42961
5374764	Morgan Hill	US	42948
3522164	Palenque	MX	42947
3449614	Santo Antônio da Patrulha	BR	42947
1256246	Simdega	IN	42944
5787829	보셀	US	42939
3526657	Izúcar de Matamoros	MX	42936
5253352	Fond du Lac	US	42933
1275446	Bishrāmpur	IN	42925
11463108	Kottuvalli	IN	42922
3110642	Sant Feliu de Llobregat	ES	42919
1817762	Baichihe	CN	42913
1172682	Kundian	PK	42903
372527	Khashm al Qirbah	SD	42900
464101	Zavolzh’ye	RU	42900
343413	Āsasa	ET	42900
518909	노보드빈스크	RU	42900
1277748	Bairāgnia	IN	42895
4504118	Sicklerville	US	42891
5104405	Sayreville Junction	US	42890
2491134	Lakhdaria	DZ	42886
1272607	Diglipur	IN	42877
13157158	Panipat Taraf Ansar	IN	42877
13353689	Ranjangaon S	IN	42877
1527004	발릭치	KG	42875
5467328	Farmington	US	42871
4950065	세일럼	US	42869
13353574	Kakkodi	IN	42866
1792301	Tushan	CN	42853
1264409	Mahbūbābād	IN	42851
2944027	브리츠	DE	42846
4929180	Arlington	US	42844
13353573	Perumbaikad	IN	42839
2245709	Sébikhotane	SN	42839
2967421	와트렐로	FR	42826
1278335	Ārvi	IN	42822
1316870	Kyaukpadaung	MM	42817
5363943	라호이아	US	42808
2129211	미사와 시	JP	42805
1694498	Passi	PH	42794
1632566	Panji	ID	42789
1691804	Recodo	PH	42788
6139289	Salaberry-de-Valleyfield	CA	42787
5920433	Châteauguay	CA	42786
1260368	Parāsia	IN	42786
3459094	Laguna	BR	42785
1255953	Sivaganga	IN	42785
3389462	Santa Maria da Boa Vista	BR	42782
1316539	Kyauktan	MM	42778
5323525	Altadena	US	42777
1606050	Su-ngai Kolok	TH	42776
1492401	Sharypovo	RU	42773
1264912	Limbdi	IN	42769
4511283	Fairfield	US	42767
1809962	Guandu	CN	42766
9534593	Ấp Một	VN	42766
3029096	칼리르에키르	FR	42763
3166711	Seregno	IT	42760
4883679	Ashburn	US	42752
2340091	Gumel	NG	42742
2634864	Wallsend	GB	42739
2301400	Dunkwa	GH	42737
5386035	Rancho Palos Verdes	US	42732
2644652	Leighton Buzzard	GB	42727
11612565	Maniwa	JP	42725
3540885	San Antonio de los Baños	CU	42724
2843729	Rottenburg	DE	42721
3016702	가프	FR	42715
2559217	Ait Ourir	MA	42705
1289828	Wakema	MM	42705
11612478	Kasai	JP	42700
6693470	Lytham St Annes	GB	42695
5377640	North Highlands	US	42694
3524903	Las Choapas	MX	42693
2470579	Hammam Sousse	TN	42691
2639524	레드루스	GB	42690
2231564	Fontem	CM	42689
4902476	Moline	US	42681
11549407	Canning Town	GB	42667
1855863	Nakano	JP	42664
6697039	Basauri	ES	42657
1274466	Chavara	IN	42655
1185260	Bhātpāra Abhaynagar	BD	42653
2463029	Boujdour	EH	42651
2165171	Glen Waverley	AU	42642
178202	Webuye	KE	42642
775984	Bieńczyce	PL	42633
3625944	Tucupido	VE	42633
1273704	Dahegām	IN	42632
2514216	Manacor	ES	42631
2843350	Rudow	DE	42631
544370	Koryazhma	RU	42627
1164419	Sukheke Mandi	PK	42626
633591	투술라	FI	42624
3566429	Cacocum	CU	42623
12640508	Taifa	GH	42623
1256752	Shāhābād	IN	42607
3345517	Virei	AO	42607
5085688	East Concord	US	42605
1605467	Tha Yang	TH	42602
11612338	Awaji	JP	42597
4392388	제퍼슨시티	US	42595
97417	Jamjamāl	IQ	42593
2394824	Comé	BJ	42586
5120521	Henrietta	US	42581
2973495	탈랑스	FR	42579
3447562	Simão Dias	BR	42578
1798537	Pu’an	CN	42577
3881102	마찰리	CL	42572
517269	노보집코프	RU	42571
2925034	프라이징	DE	42570
6194195	서동	KR	42569
4723406	Rockwall	US	42566
1717053	Compostela	PH	42563
12640684	Kai Tak	HK	42552
1519725	Saran	KZ	42552
940424	Wesselsbron	ZA	42552
1280425	Luobuqiongzi	CN	42551
2813040	Weiden	DE	42550
4906125	플레인필드	US	42527
146617	파마구스타	CY	42526
1269168	Jaspur	IN	42524
1852163	Shimo-tsuma	JP	42521
4006806	Empalme	MX	42516
1254675	Thān	IN	42508
2892080	Kaufbeuren	DE	42505
534341	로모노소프	RU	42505
586427	Göyçay	AZ	42500
3470730	Barra de São Francisco	BR	42498
1643089	Indralaya	ID	42498
1861223	Iwai	JP	42497
2018116	파르티잔스크	RU	42489
933099	셀레비피퀘	BW	42488
3389622	Santa Helena	BR	42483
90150	Tikrīt	IQ	42477
169372	‘Irbīn	SY	42474
3530617	Cintalapa de Figueroa	MX	42467
2696334	Lidingö	SE	42466
1840536	나주시	KR	42459
1277196	Bāola	IN	42458
2221053	Wum	CM	42457
367544	수아킨	SD	42456
5234372	벌링턴	US	42452
13132741	Kōta	JP	42449
3471487	Armação dos Búzios	BR	42442
1310362	Maubin	MM	42439
2036266	E’erguna	CN	42435
176146	Mbala	ZM	42424
2866333	Nettetal	DE	42417
1549741	Daizhuang	CN	42410
1056151	Soavinandriana	MG	42410
3038224	알레스	FR	42410
1266794	Khekra	IN	42408
3408274	Afogados da Ingazeira	BR	42407
5388564	Rohnert Park	US	42407
3449427	Santos Dumont	BR	42406
13607662	Kamyanobridskyi	UA	42396
1649595	Baturaden	ID	42394
12522576	Bhupalpally	IN	42387
12495684	Zhuhai	CN	42383
1272532	Dīnhāta	IN	42381
1280186	Qushi	CN	42380
373198	Kabkābīyah	SD	42376
2459657	Bourem	ML	42371
1279068	알란드	IN	42371
7731699	Kumbalangy	IN	42367
1639524	Kotabumi	ID	42366
3448502	São Mateus do Sul	BR	42366
1291451	Thin Gan Kyun Gyi	MM	42350
11612560	Minamishimabara	JP	42330
3175532	Imperia	IT	42328
12718651	Sangarébougou	ML	42314
1865375	Amagi	JP	42312
4914570	어배너	US	42311
1262117	Naini Tāl	IN	42309
1809876	Guangtong	CN	42306
1269818	Idar	IN	42306
1274151	Chinnamanūr	IN	42305
232107	Kasanje	UG	42300
226823	Pallisa	UG	42300
3016321	젠빌리에	FR	42294
2202064	나디	FJ	42284
1276027	Bhawāni Mandi	IN	42283
711350	Bucha	UA	42279
3455065	Paranaíba	BR	42276
2657324	앤도버	GB	42276
7302832	Kyathampalle	IN	42275
56399	Jamaame	SO	42270
5439752	Southglenn	US	42268
4003662	Juventino Rosas	MX	42264
7517321	Mali	CN	42260
1308204	Myanaung	MM	42252
3170102	Civitanova Marche	IT	42251
3456593	Mucuri	BR	42251
3861445	Chilecito	AR	42248
2514392	Lucena	ES	42248
65170	Baardheere	SO	42240
6354895	Rimouski	CA	42240
545673	코나코보	RU	42239
1256322	Sikandra Rao	IN	42229
1260697	Palladam	IN	42225
1185251	Lālmohan	BD	42220
3533826	Yaguajay	CU	42218
3397883	Itarema	BR	42215
3651438	산타엘레나	EC	42214
2649692	Fareham	GB	42210
3175860	Gravina in Puglia	IT	42210
1727741	Balulang	PH	42205
1463105	Oke Kan	MM	42201
330945	Mer’āwī	ET	42200
5001929	Midland	US	42200
1801355	Malianzhuang	CN	42197
5309858	Prescott Valley	US	42197
1258270	Rāzām	IN	42197
587078	Bilajari	AZ	42194
1518518	Talghar	KZ	42194
1734748	Durian Tunggal	MY	42185
10173805	Joint Base Pearl Harbor Hickam	US	42184
105586	‘Irqah	SA	42179
3723440	Kenscoff	HT	42175
491281	소콜	RU	42174
183334	Njoro	KE	42173
1735018	초안:멘타갑	MY	42171
120954	Poldasht	IR	42170
3505855	Esperanza	DO	42169
1519948	Konayev	KZ	42167
5213681	State College	US	42161
1269477	Jājpur	IN	42157
583437	Alatyr’	RU	42156
1268823	Jora	IN	42153
3893865	콩콘	CL	42152
3815392	Zacatelco	MX	42150
1838069	Santyoku	KR	42145
3599069	Cantel	GT	42142
2471637	Dar Chabanne	TN	42140
5099967	Kearny	US	42137
293539	Shefar‘am	IL	42137
1274984	Canning	IN	42132
1846371	장성	KR	42129
1267175	Khairābād	IN	42125
1184569	Amangarh	PK	42123
554894	Izberbash	RU	42121
3652257	Rosa Zarate	EC	42121
7284828	Budapest VI. kerület	HU	42120
2894375	Kaarst	DE	42112
3462580	Garça	BR	42110
2037393	Luobei	CN	42109
5345679	El Dorado Hills	US	42108
213851	Katanda	CD	42105
3842881	Nueve de Julio	AR	42098
1851426	Sumoto	JP	42094
1860523	Kamikoizumi	JP	42089
98112	Balad	IQ	42088
1792760	Tieqiao	CN	42085
3406160	Barreiros	BR	42083
4755280	댄빌	US	42082
1259338	Pratāpgarh	IN	42079
88962	알자우프	LY	42079
1273043	Dhāka	IN	42063
2556570	Azilal	MA	42062
3461857	Guaratuba	BR	42062
6138175	Saint-Eustache	CA	42062
1268020	Kannad	IN	42056
2461874	스마라	MA	42056
3398569	Guaraciaba do Norte	BR	42053
687196	Zhovti Vody	UA	42052
465543	자인스크	RU	42044
12718813	Lebowakgomo	ZA	42040
3385922	Tuntum	BR	42040
4233813	벨빌	US	42034
787487	오흐리드	MK	42033
2639660	램스게이트	GB	42027
12324553	Wangyuan	CN	42022
5100506	Linden	US	42021
1261711	Nāthdwāra	IN	42016
150453	Rujewa	TZ	42013
7118093	Gallus	DE	42012
5038108	Moorhead	US	42005
1798636	Gutao	CN	42000
196185	Iten	KE	42000
2239732	Maquela do Zombo	AO	42000
8341919	Varash	UA	42000
1526193	아르칼리크	KZ	42000
194038	Kapsabet	KE	41997
3674463	Montenegro	CO	41996
13353572	Abdu Rahiman Nagar	IN	41993
3698390	Chepén	PE	41992
1271050	Golāghāt	IN	41989
3448596	São Lourenço do Sul	BR	41989
5145067	Woodside	US	41981
2933882	에베르스발데	DE	41980
1701149	Maragondon	PH	41977
2951881	Bautzen	DE	41972
11549958	Guindalera	ES	41964
1040950	Manica	MZ	41961
3177608	Desio	IT	41960
3396496	Lajedo	BR	41960
1185204	Jhingergācha	BD	41957
2720383	볼렝에	SE	41955
2636663	Stretford	GB	41953
5330582	브레아	US	41944
2878943	Lemgo	DE	41943
789518	키킨다	RS	41935
614455	고리	GE	41933
1734883	Rompin	MY	41931
3457819	Marataizes	BR	41929
2154219	오렌지	AU	41920
3133895	트롬쇠	NO	41915
1614465	Ban Phaeo	TH	41904
6317055	Eldorado do Sul	BR	41902
2939951	코부르크	DE	41901
5780557	Riverton	US	41900
328492	Shonē	ET	41900
5309842	Prescott	US	41899
7577022	Tres Cantos	ES	41896
321337	Besni	TR	41892
1064275	Ihosy	MG	41892
1267336	케크리	IN	41890
2241623	Cuímba	AO	41878
3522484	Ocosingo	MX	41878
1277053	Barauli	IN	41877
3689759	Aracataca	CO	41872
11549773	l'Antiga Esquerra de l'Eixample	ES	41872
2435124	Bitkine	TD	41871
3345300	카를로바츠	HR	41869
4503136	Mount Laurel	US	41864
12157070	Carmen De La Legua Reynoso	PE	41863
6822219	구조 시	JP	41858
3168429	San Donà di Piave	IT	41856
3457741	Marialva	BR	41851
1279681	Quxu	CN	41851
2041137	Sijung	KP	41842
3681702	Guaduas	CO	41838
2882087	Laatzen	DE	41838
1786620	Yinggen	CN	41835
2515692	La Orotava	ES	41833
2478876	Tadjenanet	DZ	41833
3690654	Yurimaguas	PE	41827
2291451	Bloléquin	CI	41821
649630	키르코눔미	FI	41821
1264403	Mahē	IN	41816
3651356	Santa Rosa	EC	41816
2595222	Sali	SN	41811
365641	Tullus	SD	41807
1897997	Wuduan	CN	41803
1272657	Diamond Harbour	IN	41802
3435713	Cañuelas	AR	41801
3391387	Porto de Moz	BR	41801
2112232	기타이바라키 시	JP	41801
13580099	Stare Misto	UA	41800
6166739	티민스	CA	41788
2660119	Köniz	CH	41784
11522317	Sūrampatti	IN	41782
4736388	The Colony	US	41779
12432908	Lago Norte	BR	41778
2020812	레소자보츠크	RU	41778
3455553	Paiçandu	BR	41773
1277882	Bāghpat	IN	41766
4771401	Manassas	US	41764
202572	Ndera	RW	41764
4608408	Brentwood	US	41763
8403610	Tiancheng	CN	41762
1277038	Bar Bigha	IN	41758
1261823	Nārāyanpet	IN	41752
3446295	Torres	BR	41751
3405051	Borba	BR	41748
3182749	Ascoli Piceno	IT	41741
2228499	Manjo	CM	41740
3629790	Pueblo Nuevo El Chivo	VE	41740
786827	포자레바츠	RS	41736
1267091	Khambhāliya	IN	41734
2518878	Denia	ES	41733
116102	Shādegān	IR	41733
1648844	Biak	ID	41731
709334	Dzhankoy	UA	41731
2464861	Teboulba	TN	41731
2635062	Urmston	GB	41731
1803353	Linshi	CN	41730
3407755	Amarante do Maranhão	BR	41729
211069	Lubero	CD	41722
261614	Álimos	GR	41720
1645428	Diwek	ID	41719
3177300	Faenza	IT	41714
8593865	Mülheim	DE	41711
1275647	Bilāra	IN	41710
2651048	도버	GB	41709
12648574	Taman Greenwood	MY	41699
2935220	Dreieich	DE	41692
4955190	웨스트필드	US	41690
1294250	Tatkon	MM	41683
3896218	Castro	CL	41667
2798554	에베러	BE	41667
544896	Korenovsk	RU	41665
2392746	Missérété	BJ	41657
2236587	Úcua	AO	41654
1795320	Shiji	CN	41652
1505526	Irbit	RU	41647
2836320	Schorndorf	DE	41647
12214080	Alsergrund	AT	41645
478544	Uryupinsk	RU	41644
1862389	Hisai-motomachi	JP	41642
3509207	Cotuí	DO	41641
2977356	Saint-Priest	FR	41641
6318278	Santa Maria de Jetibá	BR	41636
2477528	Tazoult-Lambese	DZ	41636
6151350	Sorel-Tracy	CA	41629
2982757	로니수부아	FR	41627
1500997	Kyshtym	RU	41625
561731	Gay	RU	41619
2881646	Landau in der Pfalz	DE	41612
1059507	Marovoay	MG	41611
11502168	Trikonavattam	IN	41609
1519327	Shakhtinsk	KZ	41602
587057	Barda	AZ	41600
3369129	Ceres	ZA	41596
3646581	Cariaco	VE	41589
1258864	Rājgīr	IN	41587
13353571	Kudappanakkunnu	IN	41583
1800217	Naliang	CN	41577
1179450	Dunyapur	PK	41575
1817676	Baihua	CN	41574
13117829	Jaxaay Parcelle Niakoul Rap	SN	41570
2247298	Niakoul Rab	SN	41570
4273299	Hutchinson	US	41569
4941873	Leominster	US	41569
1619602	Bang Bua Thong	TH	41567
4350635	Catonsville	US	41567
6822126	Kurobe-shi	JP	41564
681862	Câmpina	RO	41554
8581467	Slobozia	RO	41550
5120656	Hicksville	US	41547
4884141	Bartlett	US	41545
1858866	Komono	JP	41542
2298205	Mankesim	GH	41541
8224045	Jordan	HK	41537
1260833	파이탄	IN	41536
1629380	Ruteng	ID	41533
3547976	Manicaragua	CU	41532
882599	Redcliff	ZW	41526
12640495	Akanda	GA	41524
3569024	Amancio	CU	41523
6075292	미션	CA	41519
3035843	오세르	FR	41516
3470674	Barra dos Coqueiros	BR	41511
2907201	Heinsberg	DE	41505
3583178	San Vicente	SV	41504
13608551	Hladkivka	UA	41500
2751073	Medemblik	NL	41500
6696686	Pyt-Yakh	RU	41500
4885955	Buffalo Grove	US	41496
1266397	Kodīnar	IN	41492
924055	Salima	MW	41492
1259689	Pīleru	IN	41489
1809159	Guye	CN	41484
478581	우루스마르탄	RU	41480
5225809	운소켓	US	41475
2532822	Sidi Yahia El Gharb	MA	41472
1862034	이바라 시	JP	41460
3530385	Comalcalco	MX	41458
117793	Shāhīn Dezh	IR	41442
2792196	Lokeren	BE	41438
2287884	Hiré	CI	41430
8030162	West Hills	US	41426
281292	Yaţţā	PS	41425
10374981	Tine Biougra	MA	41421
1142330	Istālif	AF	41413
1788984	Xinglong	CN	41411
217100	Djugu	CD	41409
3164672	Vasto	IT	41409
1851813	Shirone	JP	41406
2783615	Wilrijk	BE	41403
338670	Dolo	ET	41400
227904	Nebbi	UG	41400
2976341	살롱드프로방스	FR	41397
532459	Lyudinovo	RU	41392
7303145	Amami	JP	41390
3427687	Tortuguitas	AR	41390
3203099	Bugojno	BA	41378
504250	Pugachëv	RU	41375
5793427	에드먼즈	US	41375
2341294	Geidam	NG	41367
1855540	Naze	JP	41365
3639526	Higuerote	VE	41364
1804593	Laisu	CN	41361
3597804	Cuilapa	GT	41359
2878102	Lichtenberg	DE	41359
11477647	Pirāyiri	IN	41359
2652622	Coity	GB	41352
3447437	Socorro	BR	41352
2641690	Newburn	GB	41347
2394545	Dogbo	BJ	41341
11288668	Mirafiori Nord	IT	41337
8315400	Holloway	GB	41329
1258692	Rāmganj Mandi	IN	41328
2810538	Westend	DE	41328
1815193	Chengxi	CN	41321
12718650	Massiogo	ML	41317
5303705	Marana	US	41315
3401963	Colinas	BR	41312
1223648	Welisara	LK	41306
463824	Zelenokumsk	RU	41306
585152	Shamkhir	AZ	41300
4842898	Shelton	US	41296
1253545	Vaijāpur	IN	41296
2647948	그리녹	GB	41280
2654186	베리세인트에드먼즈	GB	41280
1700753	Masantol	PH	41278
2654730	브리지워터	GB	41276
2753468	Huizen	NL	41273
2833564	Seevetal	DE	41266
2647349	하트필드	GB	41265
2499104	Draa el Mizan	DZ	41263
3401188	Curuçá	BR	41262
13353532	Kannamangalam	IN	41260
5336054	Chatsworth	US	41255
4850699	시더폴스	US	41255
8225407	Mankhūl	AE	41244
2610319	비보르	DK	41239
13494091	Lat Yao	TH	41238
349058	Shubrākhīt	EG	41233
1256983	Saundatti	IN	41215
1814882	Chongxing	CN	41212
3456240	Nossa Senhora da Glória	BR	41212
2805761	Wunstorf	DE	41211
1015504	Bronkhorstspruit	ZA	41209
3893726	콘스티투시온	CL	41207
10860988	Yomitan	JP	41206
4893365	Gage Park	US	41202
587384	Aghjabadi	AZ	41200
1329548	Ahlone	MM	41200
337152	Gebre Guracha	ET	41200
3449195	São Fidélis	BR	41197
102985	Raḩīmah	SA	41188
434170	Madīnat Wādī an Naţrūn	EG	41186
4930505	베벌리	US	41186
2879185	Leinfelden-Echterdingen	DE	41185
1269570	Jaggayyapeta	IN	41180
752967	Żyrardów	PL	41179
1527592	Naryn	KG	41178
612366	Poti	GE	41175
1259961	Peddapalli	IN	41171
1272674	Dhupgāri	IN	41168
10930089	Triprangod	IN	41167
3985129	San Pedro	MX	41165
2885734	Königswinter	DE	41164
7260219	University	US	41163
4683217	Coppell	US	41159
2476396	Timizart	DZ	41158
1684491	Tagbina	PH	41157
3436714	비야리카	PY	41157
3427474	Valentín Alsina	AR	41155
665355	Tecuci	RO	41154
2734585	Santo António dos Olivais	PT	41150
1165789	Sehwan	PK	41150
5153924	핀들레이	US	41149
1856881	Mitsukaidō	JP	41147
563705	Dzerzhinskiy	RU	41146
2633708	오킹엄	GB	41143
2979783	생제르맹앙레	FR	41142
2317285	바산쿠수	CD	41141
2111065	Shinjō	JP	41140
1185165	Mirzāpur	BD	41137
3386264	Toritama	BR	41137
2262957	Sesimbra	PT	41134
2950978	Bensheim	DE	41124
3455152	Paraguaçu Paulista	BR	41120
1787879	Xunsi	CN	41120
5333689	캠벨	US	41117
3180733	Capannori	IT	41116
8416240	Baisheng	CN	41114
1274914	Chākan	IN	41113
1162500	Washuk	PK	41107
3556168	Jiguaní	CU	41106
11612562	Unzen	JP	41096
2477462	Tebesbest	DZ	41091
2522152	Alcantarilla	ES	41084
6317207	Goianésia do Pará	BR	41081
3398112	Ipu	BR	41081
927834	리원데	MW	41077
2315961	Dungu	CD	41076
2530155	Taounate	MA	41075
1608239	Nong Khae	TH	41067
1702763	Malilipot	PH	41066
173322	Al Quşayr	SY	41062
4768351	Lake Ridge	US	41058
4749950	Burke	US	41055
1276103	바르타나	IN	41055
3173577	Merano	IT	41051
5036420	Mankato	US	41044
2044489	Chunggang	KP	41022
620391	Vaukavysk	BY	41020
13132724	Chisankane	ZM	41014
576317	비르스크	RU	41014
3676928	La Unión	CO	41013
1528717	Bazar-Korgon	KG	41011
1792289	Tuxiang	CN	41011
4744468	Annandale	US	41008
3034640	바스티아	FR	41001
13680114	Centre City	CA	41000
791149	Gjorče Petro	MK	41000
7046010	Karachi University Employees Co-operative Housing Society	PK	41000
6158070	Strawberry Hill	CA	41000
2634579	Welling	GB	41000
385024	As Saţwah	AE	40997
4903466	New City	US	40997
4288809	커빙턴	US	40997
2502939	Bou Ismaïl	DZ	40984
5127536	Morris Heights	US	40982
4215114	Peachtree Corners	US	40978
1260045	Patti	IN	40976
3451071	Rio Real	BR	40976
5492450	South Valley	US	40976
6173004	Val-des-Arbres	CA	40974
1820575	Sengkurong	BN	40972
3400740	Esperantina	BR	40970
4167178	Ormond Beach	US	40970
3840860	Pocito	AR	40969
1268834	Jalārpet	IN	40959
2243458	Buco Zau	AO	40953
2646274	Ilkeston	GB	40953
2816630	Völklingen	DE	40952
2635427	트로브리지	GB	40952
931865	Balaka	MW	40950
4150118	Carrollwood Village	US	40949
387958	Salwá	KW	40945
8400147	Nanmen	CN	40941
4699540	헌츠빌	US	40938
8400057	Baihe	CN	40937
4013723	Ciudad Constitución	MX	40935
3824996	Loma Bonita	MX	40934
2802170	Beringen	BE	40930
7284882	Marseille 01	FR	40919
3083955	시비노우이시치에	PL	40919
2921039	Germering	DE	40916
2655562	Bishops Stortford	GB	40915
1713004	Gerona	PH	40914
3449053	São Gotardo	BR	40910
11863735	하동	KR	40909
3394326	Muaná	BR	40906
2862606	Niendorf	DE	40906
6545103	Poble Sec	ES	40906
3067580	프르제로프	CZ	40906
3385469	Várzea Alegre	BR	40903
188657	Lugulu	KE	40894
12450862	Ka'ersai	CN	40892
2639928	Prescot	GB	40889
6156855	Stittsville	CA	40889
2621951	프레데리시아	DK	40886
5405841	베니스	US	40885
10214681	Vadgaon	IN	40884
562389	Frolovo	RU	40882
2488722	Meftah	DZ	40878
2946228	Borken	DE	40876
1189056	Sakhipur	BD	40869
2473470	Gremda	TN	40862
1169145	Naushahra Virkan	PK	40853
3387604	Sirinhaém	BR	40852
2942323	Buchholz in der Nordheide	DE	40849
1690664	Samal	PH	40843
1255143	Tālcher	IN	40841
6822114	미나미아시가라 시	JP	40841
3445713	Uruaçu	BR	40840
2667094	툼바	SE	40832
3109493	Sants	ES	40831
1817932	Anyuan	CN	40828
524736	모즈도크	RU	40823
6232064	Manurewa	NZ	40820
101312	Turaif	SA	40819
3899695	앙쿠드	CL	40819
7660032	Thottada	IN	40818
13353570	Kalliyoor	IN	40816
4597948	Sumter	US	40816
1278448	Arantāngi	IN	40814
1054329	Vangaindrano	MG	40813
4347242	아나폴리스	US	40812
2248515	Mboro	SN	40811
694216	Shepetivka	UA	40802
6318970	Zé Doca	BR	40801
1216787	Kitob	UZ	40800
1626895	Sinjai	ID	40797
2857129	오라니엔부르크	DE	40793
1862230	Hondomachi-hondo	JP	40787
5219488	윌크스바	US	40780
4247703	퀸시	US	40780
315985	Edremit	TR	40777
2961297	스워즈	IE	40776
3174638	Lodi	IT	40767
1860176	Kannabechō-yahiro	JP	40766
1861285	이토이가와 시	JP	40765
746574	Gönen	TR	40763
4899966	Lincoln Square	US	40761
3521941	Pánuco	MX	40754
3630687	Pariaguán	VE	40751
2931574	아이제나흐	DE	40747
5364066	La Puente	US	40745
2479183	Souma	DZ	40745
1718436	Carcar	PH	40739
2974733	세트	FR	40736
2645418	Kingswood	GB	40734
12070058	Chiaia	IT	40730
127014	Khūrmūj	IR	40722
13353569	Athiyannur	IN	40712
3461129	Ipiaú	BR	40706
913613	Kansanshi	ZM	40705
2746331	Tiel	NL	40702
10929640	Icchannūr	IN	40697
11837950	Agano	JP	40696
2484835	Ouled Moussa	DZ	40692
2119538	Yelizovo	RU	40692
1300567	Pazundaung	MM	40690
8334017	Xili	CN	40685
4939783	홀리 요크	US	40684
3591541	Patulul	GT	40683
3102987	Bolesławiec	PL	40682
3460971	Itabaianinha	BR	40678
787050	피로트	RS	40678
291696	Khawr Fakkān	AE	40677
2255564	Ouesso	CG	40667
4728328	Sherman	US	40667
1256572	Sherghāti	IN	40666
2553751	Bouznika	MA	40663
1276330	Bhādra	IN	40662
3037612	앙글레트	FR	40658
2295517	Savelugu	GH	40654
667227	Sighetu Marmaţiei	RO	40653
2614600	Rødovre	DK	40652
13645588	Sonyachnyi	UA	40650
1269046	Jhajha	IN	40646
1845388	철원	KR	40646
2985034	퓌토	FR	40646
11611935	Katō	JP	40645
3449847	Santa Rita do Sapucaí	BR	40635
4580098	Goose Creek	US	40633
3690577	Acacías	CO	40627
1271319	Ghātsīla	IN	40624
3646451	Carrizal	VE	40618
1732710	Pontian Besar	MY	40613
1801885	Luolong	CN	40612
3520274	Río Blanco	MX	40611
3676397	Lorica	CO	40605
2738752	Guimarães	PT	40604
325779	Yirga Ch’efē	ET	40600
9610004	Šilainiai	LT	40600
932886	Butha-Buthe	LS	40599
1272852	Dharmanagar	IN	40595
2440977	Méhana	NE	40593
1267361	Kayalpattinam	IN	40588
3390682	Remanso	BR	40586
3570428	Le Lamentin	MQ	40581
1261164	Nowgong	IN	40580
2853658	Pinneberg	DE	40577
3455908	Oliveira	BR	40576
1926055	오즈 시	JP	40575
2523194	Sciacca	IT	40569
5036588	Maplewood	US	40567
1256967	Savanūr	IN	40567
3688566	Bosconia	CO	40562
10707024	Nailā	IN	40561
8285452	Ancaster	CA	40557
6612168	Südstadt	DE	40557
1185095	Teknāf	BD	40557
4912691	Streamwood	US	40554
4936812	피치버그	US	40545
8441929	Nannambra	IN	40543
125609	Lordegān	IR	40528
1575057	Mai Dịch	VN	40527
3023763	코르베유에손	FR	40527
13526673	Arkadag	TM	40524
1185210	Gaurnadi	BD	40519
2754848	Harderwijk	NL	40516
1068971	Antsohihy	MG	40512
3179977	Cascina	IT	40512
4581832	Hilton Head Island	US	40512
1263952	Manapparai	IN	40510
3665016	Benjamin Constant	BR	40509
11520198	Boyampālaiyam	IN	40503
162627	Yabrūd	SY	40502
342567	Bedelē	ET	40500
1185272	Kālia	BD	40492
2458589	Djenné	ML	40489
1608597	Mukdahan	TH	40480
11550008	Palomeras Bajas	ES	40477
5364079	La Quinta	US	40476
1670264	Buzi	TW	40467
2808662	Wilhelmstadt	DE	40463
9610008	Eiguliai	LT	40453
581313	압셰론스크	RU	40451
1268376	Kallakkurichchi	IN	40449
1846852	Ara-dong	KR	40448
4889229	Crystal Lake	US	40448
13353568	Kulathummal	IN	40448
1860214	Kanegusuku	JP	40440
1271982	Ettumānūr	IN	40438
1629974	Rantepao	ID	40438
1271345	Ghātampur	IN	40435
4357141	헤이거스타운	US	40432
1794254	Sihu	CN	40430
1849815	Toyosu	JP	40424
5392034	샌게이브리얼	US	40424
379102	Al Mijlad	SD	40418
11549928	Casco Histórico de Vallecas	ES	40417
1274640	Channarāyapatna	IN	40417
1279123	Akivīdu	IN	40413
4035413	아피아	WS	40407
2360615	Garango	BF	40404
6184365	Woodstock	CA	40404
1214055	Reuleuet	ID	40393
686502	알렉산드리아	RO	40390
2997000	Paris 06 Luxembourg	FR	40389
2026303	Bol'šoj Kamen'	RU	40387
1298911	Pyu	MM	40386
3866163	Alta Gracia	AR	40384
363656	Yambio	SS	40382
1265886	Kovvūr	IN	40379
3460362	Jacarezinho	BR	40375
4470778	Hickory	US	40374
1732667	Bentung	MY	40373
10918027	Hirai	JP	40373
1914932	Mutang	CN	40373
11549990	San Isidro	ES	40368
4930511	Beverly Cove	US	40365
3472520	Almenara	BR	40364
1253296	Vellakkovil	IN	40359
12689063	Pat Heung	HK	40357
4886662	Carol Stream	US	40356
4178550	Winter Garden	US	40356
3090764	Nowa Sól	PL	40354
2380817	Bougadoum	MR	40341
202769	Kirambo	RW	40341
1276219	Bhālki	IN	40333
3461224	Inhambupe	BR	40333
1257928	사바가르	IN	40333
1794948	Shiwan	CN	40330
3879627	Molina	CL	40329
2576483	Ngaoundal	CM	40328
1785685	Yuntai	CN	40328
1319533	Kayan	MM	40322
2853572	Pirna	DE	40322
3153623	헤우게순	NO	40321
2954006	Aurich	DE	40319
11462028	Kāttipparutti	IN	40318
2110257	타라와	KI	40311
1527299	Talas	KG	40308
2019951	미르니	RU	40308
585156	Shamakhi	AZ	40300
1262410	Murtajāpur	IN	40295
13353567	Peringathur	IN	40292
3406948	Autazes	BR	40290
2435854	Bébédja	TD	40289
511359	Pereslavl’-Zalesskiy	RU	40283
1255850	Solan	IN	40283
3442727	두라스노	UY	40279
13494074	Bang Phai	TH	40277
1702372	Mamatid	PH	40271
1818082	Anfu	CN	40268
2100633	Arawa	PG	40266
2482939	Rouached	DZ	40263
7932342	Barmbek-Nord	DE	40261
5175865	워런	US	40245
1078553	Ampanihy	MG	40244
247105	Saḩāb	JO	40241
3173995	Marcianise	IT	40239
1262302	Nādāpuram	IN	40230
589580	Pärnu	EE	40228
12358542	Mingguang	CN	40221
4013724	Santa Rosalía de Camargo	MX	40221
1270619	Gursahāiganj	IN	40214
2861632	Nürtingen	DE	40210
2890473	Kirchheim unter Teck	DE	40206
712631	Bilychi	UA	40200
481964	Tosno	RU	40198
1264317	Maihar	IN	40192
5100886	Marlboro	US	40191
1626703	Soe	ID	40190
3872154	산하이베르	CL	40189
1799749	Nanshu	CN	40188
2512169	푸에르토레알	ES	40183
3450671	Salinas	BR	40178
1642317	Juwana	ID	40177
1156257	Ban Na	TH	40174
3795218	Capacho Nuevo	VE	40169
118704	Rāvar	IR	40167
2657540	올더숏	GB	40160
120694	Qā’en	IR	40157
1277201	Bantvāl	IN	40155
2234942	Ndop	CM	40152
1203878	Dohazāri	BD	40147
2942122	Buckow	DE	40146
12718675	Had Soualem	MA	40146
8417106	Dongyang	CN	40143
3564114	Cifuentes	CU	40142
2360238	Gourcy	BF	40141
3113331	Plasencia	ES	40141
8223942	Pallipalayam	IN	40140
3976999	Cihuatlán	MX	40139
2493956	Héliopolis	DZ	40139
6318807	Tucumã	BR	40136
3462284	Gramado	BR	40134
3445500	Vargem Grande do Sul	BR	40133
2738785	Guarda	PT	40126
1263580	Mapusa	IN	40122
2873356	Märkisches Viertel	DE	40119
6173864	Vernon	CA	40116
3660361	Balzar	EC	40115
533690	루가	RU	40114
1255211	Tāki	IN	40113
1279147	Akalkot	IN	40103
12037507	Boumhel El Bassatine	TN	40101
893485	Chiredzi	ZW	40100
585557	Maştağa	AZ	40092
1285871	Nyaungdon	MM	40092
6822098	가스미가우라 시	JP	40087
551964	카시라	RU	40084
1174357	Khairpur	PK	40083
5105262	Teaneck	US	40078
1735086	니몽 테발	MY	40072
3992986	Pénjamo	MX	40070
3669469	San Juan del Cesar	CO	40069
1904080	Daxing	CN	40068
1263807	Maner	IN	40068
610824	Zugdidi	GE	40067
5332698	Calexico	US	40053
1264010	Mālūr	IN	40050
757692	Świdnik	PL	40050
1852901	사사야마 시	JP	40050
3127978	Blanes	ES	40047
2463679	케르키라	GR	40047
1502536	Korkino	RU	40046
3464974	Curitibanos	BR	40045
1277688	Bakhri	IN	40043
3415212	코파보귀르	IS	40040
11502105	Mayyanād	IN	40039
3666582	Túquerres	CO	40038
13494720	Mappilaiurani	IN	40035
1062553	Mahanoro	MG	40033
2455290	키달	ML	40030
3491952	Villa Altagracia	DO	40027
4062577	플로렌스	US	40026
1732663	Raub	MY	40024
3589626	San Pedro Sacatepéquez	GT	40021
101631	Ţubarjal	SA	40019
1263151	Melur	IN	40017
3526952	Huejutla de Reyes	MX	40015
1850499	Tatsunochō-tominaga	JP	40011
706488	Khanzhonkove	UA	40007
601041	Antakalnis	LT	40000
2624341	Ballerup	DK	40000
13117827	Bandar Tun Hussein Onn	MY	40000
12750575	Bangsar	MY	40000
2655329	Bloxwich	GB	40000
1778385	Bukit Gambir	MY	40000
1181910	Chak	PK	40000
1283546	Chari̇̄koṭ	NP	40000
2623188	Charlottenlund	DK	40000
1181053	Choa Saidan Shah	PK	40000
13132455	Dumila	TZ	40000
159909	Geiro	TZ	40000
3639725	Güiria	VE	40000
1270245	Hāsimāra	IN	40000
2550898	Imzouren	MA	40000
789996	Istok	XK	40000
146523	Káto Lakatámeia	CY	40000
6696767	Langepas	RU	40000
1521315	Lisakovsk	KZ	40000
154805	Mapinga	TZ	40000
153352	Mlowo	TZ	40000
151986	Namanyere	TZ	40000
2524013	Nicastro	IT	40000
2404837	Njala	SL	40000
13546540	Novyi Lviv	UA	40000
121959	Nowshahr	IR	40000
8449493	Pekan Bahapal	ID	40000
7302851	Sathupalli	IN	40000
11704266	St. Johns	US	40000
13118095	Taman Sri Sinar	MY	40000
691743	Telychka	UA	40000
1512501	Uchqŭrghon Shahri	UZ	40000
469707	Yagry	RU	40000
1810725	Gangtou	CN	39999
6690867	Ewell	GB	39994
7021400	Kagano	RW	39994
2517111	Granadilla de Abona	ES	39993
1481655	Shwenatha	MM	39989
1259190	Pūranpur	IN	39988
12031840	Kiryat Ono	IL	39986
3110962	Sama	ES	39984
5046997	Shakopee	US	39981
3833875	Trenque Lauquen	AR	39975
3101547	흐샤누프	PL	39973
1279113	Aklūj	IN	39972
3453286	Pojuca	BR	39972
3818742	San Andrés Cholula	MX	39964
3435448	Chascomús	AR	39947
546225	Kolomyagi	RU	39945
2428228	Massakory	TD	39944
3668175	Segovia	CO	39938
2476700	Tighenif	DZ	39938
1316943	Kyaukme	MM	39930
1277232	Bānsi	IN	39926
3180758	Cantù	IT	39917
1583882	Đan Phượng	VN	39917
1942226	Zhaojia	CN	39910
8417530	Shuanghuai	CN	39907
4930577	Billerica	US	39904
1766249	Kampong Pangkal Kalong	MY	39904
4839843	노리치	US	39899
12450984	Mingshan	CN	39897
293822	Qiryat Yam	IL	39897
2518770	Écija	ES	39882
126572	Kord Kūy	IR	39881
1488429	Uray	RU	39878
1275634	Bīlāspur	IN	39873
11185892	Vadavalli	IN	39873
1907190	Minawa	JP	39869
1904136	Chenshi	CN	39863
1254695	Thakurdwara	IN	39860
126914	Kīsh	IR	39853
582956	Alexeyevka	RU	39848
3469932	Boa Esperança	BR	39848
3016621	가르주레고네스	FR	39847
3106050	Vic	ES	39844
3056459	Zvolen	SK	39844
1868998	Sŭngho 1-tong	KP	39841
1630200	Rajapolah	ID	39840
2983362	로안	FR	39840
4929022	애머스트	US	39833
2898111	Hückelhoven	DE	39828
4687331	덩컨빌	US	39826
5264381	New Berlin	US	39825
4943170	말버러	US	39818
3453807	Espírito Santo do Pinhal	BR	39816
5378566	Oakley	US	39813
3514510	Xicotepec de Juárez	MX	39803
3685823	Corozal	CO	39800
3901547	Villamontes	BO	39800
1278698	Amudālavalasa	IN	39799
1253074	Vyāra	IN	39789
3126563	Canillas	ES	39786
1796771	Sanjiang	CN	39785
1519030	Shu	KZ	39785
3450063	Santa Maria da Vitória	BR	39775
1849299	Umi	JP	39772
12358570	Chenghai	CN	39766
4516233	Lancaster	US	39766
3176843	Fondi	IT	39762
2699310	크리스티안스타드	SE	39762
289511	Al ‘Unayzah	QA	39761
3655720	Huaquillas	EC	39757
1172488	Ladhewala Waraich	PK	39757
5393701	Sawtelle	US	39757
889942	황게	ZW	39750
2504581	Beni Saf	DZ	39749
2641267	North Shields	GB	39747
1685146	Taal	PH	39745
1276037	Bhavāni	IN	39744
2498172	El Hadjira	DZ	39744
3095971	Knurów	PL	39744
2939623	다하우	DE	39740
1816942	Baojia	CN	39738
3168837	Rozzano	IT	39731
2911665	Halberstadt	DE	39729
485698	Svetlograd	RU	39727
2638043	Shepherds Bush	GB	39724
4883904	Avondale	US	39721
4908068	Romeoville	US	39719
5341114	컬버시티	US	39717
1257566	Samālkha	IN	39710
3622547	Paraíso	CR	39702
5101334	Montclair	US	39701
1710389	Jaen	PH	39700
92537	Qal‘at Şāliḩ	IQ	39698
2975525	사비니쉬르오르주	FR	39698
11344163	Lakkanahalli	IN	39697
1856560	Morohongō	JP	39693
1803698	Liji	CN	39691
759591	사노크	PL	39684
824988	Gorod Shebekino	RU	39680
749644	Çatalca	TR	39678
2751316	Maarssen	NL	39675
12687197	Djapadji	CI	39673
1259388	Porsa	IN	39669
11463715	Kadungalūr	IN	39666
4435764	머리디언	US	39661
5807575	퓨앨럽	US	39659
1719683	Camiling	PH	39655
3644440	Duaca	VE	39653
7290252	Spandau	DE	39653
2446267	Dakoro	NE	39645
1795443	Shichuan	CN	39645
1806788	Huixian Chengguanzhen	CN	39643
1711621	Hinigaran	PH	39636
3467305	Capelinha	BR	39626
2393551	Kétou	BJ	39626
1619423	Bang Lamung	TH	39620
673921	만갈리아	RO	39619
1083239	Ambatofinandrahana	MG	39618
325304	Afşin	TR	39613
3582805	Zacatecoluca	SV	39613
13132798	Tamba-Sasayama	JP	39611
3514929	Umán	MX	39611
3401138	Custódia	BR	39609
1209562	Bera	BD	39604
329592	Robit	ET	39600
1735450	Lumut	MY	39595
298230	Cimin	TR	39591
2487620	Metlili Chaamba	DZ	39588
11488244	Kālappatti	IN	39586
1278681	Anandpur	IN	39585
2891951	Kehl	DE	39584
956507	Senekal	ZA	39584
1274896	Chaklāsi	IN	39581
2029901	Nalayh	MN	39579
701075	Myrhorod	UA	39575
1649125	Benoa	ID	39570
3408269	Afuá	BR	39567
3592105	Nuevo San Carlos	GT	39565
1259069	Rādhanpur	IN	39558
1262412	Murshidābād	IN	39557
2864549	Neumarkt in der Oberpfalz	DE	39557
4956032	우번	US	39555
12432978	Riacho Fundo	BR	39552
2871535	Mettmann	DE	39550
13353566	Manakunnam	IN	39538
3872306	San Clemente	CL	39538
470734	Vyatskiye Polyany	RU	39534
1276370	Bhachāu	IN	39532
601661	Boldumsaz	TM	39532
1269445	Jalālābād	IN	39525
3471783	Araquari	BR	39524
2876187	Löhne	DE	39521
5788054	브레머튼	US	39520
2998056	리브리가르강	FR	39518
3020035	에피날	FR	39518
1265504	Kurinjippādi	IN	39514
983065	Leslie	ZA	39514
3449055	São Gonçalo dos Campos	BR	39513
744093	Karasu Mahallesi	TR	39508
3452331	Presidente Epitácio	BR	39505
8576683	Aobadai	JP	39500
13580318	Pivnichni Osokorky	UA	39500
1213504	Tarutung	ID	39500
3460671	Itápolis	BR	39493
3628853	Sabaneta	VE	39493
2893264	Kamp-Lintfort	DE	39490
4157898	Hallandale Beach	US	39488
2799365	Dilbeek	BE	39482
162099	Abadan	TM	39481
13405688	Óc Eo	VN	39481
5462393	Clovis	US	39480
1489962	Tavda	RU	39480
1863279	Hamanoichi	JP	39475
1857379	미부 정	JP	39474
4740629	웨스라코	US	39474
3110627	San Fernando de Henares	ES	39466
4379966	케이프지라도	US	39462
3676604	Líbano	CO	39459
289545	Umm Ghuwaylīnah	QA	39457
1882103	Simei New Town	SG	39450
5287565	Bullhead City	US	39445
1566545	Tây Tựu	VN	39436
1076194	Andilamena	MG	39428
1185171	Mehendiganj	BD	39424
589947	Nõmme	EE	39422
2739997	Ermesinde	PT	39420
8612792	Lương Bằng	VN	39420
2438855	Téra	NE	39410
1832771	예산군	KR	39409
4166195	North Fort Myers	US	39407
1621520	Wiradesa	ID	39407
2029945	Mörön	MN	39404
4142290	도버	US	39403
1791439	Wenquan	CN	39402
343409	Asaita	ET	39400
330120	Nejo	ET	39400
4932879	첼시	US	39398
1688795	San Pascual	PH	39395
4513409	Grove City	US	39388
792456	보르	RS	39387
5906831	Bowmanville	CA	39371
1880517	Keat Hong Village	SG	39370
1879029	Changyŏn	KP	39368
2251911	Fatick	SN	39361
3583471	San Martín	SV	39361
3557923	Guáimaro	CU	39358
2977824	Saint-Ouen	FR	39353
1045826	Gondola	MZ	39351
3875684	Placilla	CL	39344
1256814	세담	IN	39341
1783771	Zhuyuan	CN	39338
3397230	José de Freitas	BR	39336
1185249	Chhāgalnāiya	BD	39335
1734599	쿠알르캉사르	MY	39331
1253591	Vādāsinor	IN	39330
1607001	Roi Et	TH	39328
3472391	Amambai	BR	39325
1820635	Mentiri	BN	39324
13680022	Phú Thương	VN	39322
548410	키로프	RU	39319
8504965	Sampsonievskiy	RU	39318
320995	보드룸	TR	39317
169023	Jisr ash Shughūr	SY	39311
6958004	Xilinji	CN	39310
4169345	Princeton	US	39308
1268214	Kampli	IN	39307
11628556	Kāro	IN	39305
2243127	Cacuso	AO	39302
1733868	Sipitang	MY	39300
179438	Tetu	KE	39293
3405339	Bom Jardim	BR	39289
3054543	체글레드	HU	39287
1694914	Pantubig	PH	39285
11502076	Tirkadavūr	IN	39285
2172111	Castle Hill	AU	39284
2498775	El Abiodh Sidi Cheikh	DZ	39283
2925017	Freital	DE	39281
1268855	Jogbani	IN	39281
3461995	Guaíra	BR	39279
12358540	Mangbang	CN	39273
1605024	Wichian Buri	TH	39272
13308643	Lequn	CN	39271
1056386	Soanierana Ivongo	MG	39271
6822102	Hitachiomiya	JP	39267
3116689	미란다데에브로	ES	39264
4354428	Essex	US	39262
3451124	Rio Negrinho	BR	39261
5380420	Pacifica	US	39260
3174051	만토바 현	IT	39260
4500546	애틀랜틱시티	US	39260
2983770	르제	FR	39248
3986165	San José del Castillo	MX	39246
11333780	Mūkondapalli	IN	39245
1683906	Talipapa	PH	39244
12420920	Baishikante	CN	39243
470666	Vyazniki	RU	39243
4624601	Germantown	US	39240
1256067	Sirohi	IN	39229
1854405	Ōkawa	JP	39223
704679	Podilsk	UA	39220
1185254	Chhātak	BD	39218
3429971	Pinamar	AR	39218
10628607	Aroor	IN	39214
746425	Gümüşhane	TR	39214
3405172	Bonito	BR	39212
2112802	Hasaki	JP	39209
3997211	Los Reyes de Salgado	MX	39209
3692667	Saña	PE	39200
327472	T’īs Isat	ET	39200
1485634	Yuzhnoural’sk	RU	39200
5433124	Northglenn	US	39197
2754697	Heemskerk	NL	39191
5116917	Far Rockaway	US	39189
1685373	Sultan sa Barongis	PH	39182
3522444	Ocozocoautla de Espinosa	MX	39180
8437474	Teotônio Vilela	BR	39161
3444969	Visconde do Rio Branco	BR	39160
5204465	Olney	US	39154
1174301	Khalabat	PK	39148
297789	Yalvaç	TR	39145
3566356	Caibarién	CU	39140
13353565	Othukkungal	IN	39139
1271259	고시	IN	39138
1540711	Muravlenko	RU	39137
1636426	Manggar	ID	39135
151567	Nguruka	TZ	39135
2832521	Siegburg	DE	39135
12689057	Whampoa	HK	39134
8224613	Sumerpur	IN	39132
2112521	Iwase	JP	39122
5123280	Kensington	US	39120
11611946	Bizen	JP	39117
5113694	Coram	US	39113
3108681	소리아	ES	39112
2497655	El Meghaïer	DZ	39106
1847816	Möng Yawng	MM	39102
1259939	페호와	IN	39101
1880137	Yew Tee	SG	39100
332288	랄리벨라	ET	39100
2526435	Zaïo	MA	39099
6822189	Higashimatsushima	JP	39098
11462947	Kārakkād	IN	39098
5278120	Wausau	US	39094
3190103	Sremska Mitrovica	RS	39084
291775	Jumayrā	AE	39080
1261122	Nūrpur	IN	39077
6822105	사쿠라가와 시	JP	39072
473788	Vichuga	RU	39071
3169412	Rieti	IT	39068
171830	Bāniyās	SY	39066
142676	Āstārā	IR	39065
2497060	Es Senia	DZ	39064
2992415	몽티니르브르토뇌	FR	39063
5906267	Boucherville	CA	39062
1282635	Tulsi̇̄pur	NP	39058
12324249	Jinzhongzi	CN	39054
3407351	Araioses	BR	39052
2745634	Venray	NL	39047
2322529	Talata Mafara	NG	39045
1258186	Revelganj	IN	39039
285778	Al Manqaf	KW	39025
554770	Izobil’nyy	RU	39022
2473517	Metlaoui	TN	39021
4699575	Hurst	US	39016
2656168	Batley	GB	39013
1175125	Kamar Mushani	PK	39013
1859964	Kaseda-shirakame	JP	39012
1862010	이부스키 시	JP	39011
13118193	Bandar Country Homes	MY	39000
2652885	Cleethorpes	GB	38996
1276416	Betamcherla	IN	38994
10244604	Belpahar	IN	38993
2874230	Maintal	DE	38987
2480368	Sidi Khaled	DZ	38987
1857209	Minakuchichō-matoba	JP	38986
6154383	Spruce Grove	CA	38985
3393115	Paracuru	BR	38980
4011668	Esperanza	MX	38969
3203521	브르치코	BA	38968
3927942	Tambopata	PE	38966
7373600	Shili	CN	38961
631077	Vuosaari	FI	38961
2990187	누아지르세크	FR	38955
2994651	믈룅	FR	38953
1274252	Chīka	IN	38952
2143285	워동가	AU	38949
1260354	Paravūr Tekkumbhāgam	IN	38946
1609997	Khao Saming	TH	38941
1314042	Letpandan	MM	38936
3388145	São Raimundo Nonato	BR	38934
3170341	Pomigliano d'Arco	IT	38921
3120431	Igualada	ES	38918
3468894	Brumadinho	BR	38915
7504194	Khwaeng Bang Khae	TH	38915
6158357	St. Thomas	CA	38909
639734	라우마	FI	38909
2469250	Menzel Temime	TN	38908
3035409	Bagneux	FR	38900
1636808	Majenang	ID	38897
1817137	Balu	CN	38894
3437905	Doctor Juan Eulogio Estigarribia	PY	38894
3585484	Ilopango	SV	38890
734538	Políchni	GR	38887
11662151	Tuvāgudi	IN	38887
1848482	Yasugichō	JP	38875
1272140	Dwārka	IN	38873
5398630	Stanton	US	38872
583673	Aksay	RU	38871
9073431	Aţ Ţārif	EG	38871
12746683	Kampung Setia	MY	38870
1797161	Renyi	CN	38864
1357699	New Badah	PK	38855
1810101	Gongping	CN	38852
1064234	Ikongo	MG	38851
2147914	Sunbury	AU	38851
13645745	Missira	GW	38838
1266031	Kotamangalam	IN	38837
2896514	Ilmenau	DE	38834
13100433	Aliamanu / Salt Lakes / Foster Village	US	38833
1267456	Kātpādi	IN	38833
3388318	São Mateus do Maranhão	BR	38829
11184472	Rangat	IN	38824
202557	Ngororero	RW	38823
3091831	Mikołów	PL	38821
2953568	Backnang	DE	38818
1257830	Sagauli	IN	38815
1259019	Rāhuri	IN	38813
2637752	Skelmersdale	GB	38813
5920288	샬럿타운	CA	38809
935227	Saint-Joseph	RE	38807
918905	Chinsali	ZM	38805
2111435	Ōmagari	JP	38805
4705191	Lancaster	US	38801
4692521	Friendswood	US	38800
789541	카바다르치	MK	38799
3863882	Bragado	AR	38794
3101672	Chojnice	PL	38789
2881279	Langen	DE	38785
2687700	뉘셰핑	SE	38780
3080644	Żary	PL	38779
3468327	Caeté	BR	38776
11612576	Yoshinogawa	JP	38772
1647991	Buaran	ID	38770
750637	베이파자르	TR	38769
2995206	Massy	FR	38768
3112011	Errenteria	ES	38767
2949235	Biebrich	DE	38758
1324494	Hlegu	MM	38757
2753719	Hoogeveen	NL	38754
3469066	Brás	BR	38750
364367	Aweil	SS	38745
2340086	Gummi	NG	38744
1257481	Sanāwad	IN	38740
3449116	São Francisco do Conde	BR	38733
2649322	Fleet	GB	38726
3455689	Ouro Branco	BR	38724
1497549	니즈네우딘스크	RU	38723
3014078	아그노	FR	38721
1266209	Kondapalle	IN	38714
536200	Leningradskaya	RU	38712
4196586	게인즈빌	US	38712
3448903	São João da Barra	BR	38708
2992017	몽루주	FR	38708
2814127	Warendorf	DE	38707
8096113	The Acreage	US	38704
1185156	Nālchiti	BD	38703
6696291	Wichit	TH	38701
5218829	West Oak Lane	US	38699
2841590	Sankt Ingbert	DE	38697
1668347	타이바오 시	TW	38696
5374232	몬트클레어	US	38690
3562827	Cumanayagua	CU	38687
1580160	Hưng Mỹ	VN	38687
91696	Pīrmām	IQ	38686
2353688	Yako	BF	38679
2657780	애빙던온템스	GB	38676
1855134	Nishiwaki	JP	38673
2759426	Barendrecht	NL	38672
1253220	Vetapālem	IN	38671
8334621	Falkenhagener Feld	DE	38667
2511852	Rincón de la Victoria	ES	38666
3441665	미나스	UY	38645
1761242	Klebang Besar	MY	38643
1694826	Papaya	PH	38640
1257429	Sangariā	IN	38638
3429576	Retiro	AR	38635
5847486	카일루아	US	38635
2995908	마르크앙바뢸	FR	38629
4907907	Rock Island	US	38620
2557500	Aourir	MA	38617
1690321	San Antonio	PH	38617
2129395	구로이시 시	JP	38615
1269415	Jalesar	IN	38614
1771287	Kampung Baharu Nilai	MY	38612
1639356	Krian	ID	38603
3827586	Melchor Ocampo	MX	38599
13353564	Nattakam	IN	38599
2070998	제럴턴	AU	38595
2967870	Vitrolles	FR	38591
1725157	Binalbagan	PH	38587
5515110	Whitney	US	38585
2928615	Ettlingen	DE	38578
3020850	드라기냥	FR	38573
2957773	알텐부르크	DE	38568
1817589	Bailin	CN	38564
7525990	Pivdennoukrainsk	UA	38560
2835537	Schwabach	DE	38554
4167348	Oviedo	US	38551
1260713	Paliā Kalān	IN	38547
2734576	Santo Ovídio	PT	38544
1607552	Phrae	TH	38538
653185	케라바	FI	38535
3045965	Rákospalota	HU	38530
2550252	El Hajeb	MA	38527
526558	밀레로보	RU	38527
668873	Râmnicu Sărat	RO	38526
3896105	카우케네스	CL	38522
4886676	Carpentersville	US	38512
1276652	Bayāna	IN	38502
6332419	Manhattan Valley	US	38500
3083826	Szczecinek	PL	38496
5735724	오리건 레이크 아스위고	US	38496
3450206	Santa Helena de Goiás	BR	38492
163779	Tallbīsah	SY	38491
1258795	Rājula	IN	38489
1163905	Tank	PK	38488
2264456	Portimão	PT	38487
349340	샤름엘셰이크	EG	38478
1326951	Daik-u	MM	38477
11147723	Ingeniero Pablo Nogués	AR	38470
3866367	Alderetes	AR	38466
3163995	Voghera	IT	38464
4543338	머스코지	US	38456
2440921	Mirriah	NE	38446
1275389	부다가야	IN	38439
11012851	Miyoshidai	JP	38434
2520712	Burjassot	ES	38433
553190	칸달락샤	RU	38431
10803336	Keru	IN	38429
1621416	Wonopringgo	ID	38429
291061	Ar Rāshidīyah	AE	38425
3105600	Vilafranca del Penedès	ES	38425
2051471	Dalnegorsk	RU	38424
1806516	Jiachuan	CN	38421
5471578	Hobbs	US	38416
3064000	Třinec	CZ	38415
2702261	칼마르	SE	38408
12689060	Choi Wan	HK	38405
5003132	머스키건	US	38401
12640449	Shinshicho	ET	38400
1808249	Hetoudian	CN	38398
2525450	Caltagirone	IT	38391
3684615	El Cerrito	CO	38390
12450949	Xihu	CN	38386
13494718	Kollancode	IN	38385
5176472	Westerville	US	38384
562309	푸르마노프	RU	38380
6092896	Okanagan Mission	CA	38374
3833520	Tunuyán	AR	38367
2660718	Fribourg	CH	38365
2648438	글렌로시스	GB	38360
1725851	Bayanan	PH	38358
1252646	Kilakarai	IN	38355
2878396	Leuben	DE	38353
2503147	Bougara	DZ	38352
3111605	Ripollet	ES	38347
8561889	Anxiang	CN	38345
11549795	el Camp de l'Arpa del Clot	ES	38343
4706736	Little Elm	US	38341
2750065	네이커르크	NL	38335
1265660	Kumhāri	IN	38334
4895066	Hanover Park	US	38333
2842632	자를루이	DE	38333
2764359	슈타이어	AT	38331
3397969	Itaitinga	BR	38325
3456060	Novo Horizonte	BR	38324
3455785	Orlândia	BR	38319
1274218	Chikodi	IN	38307
1217926	Oqtosh	UZ	38307
695464	롬니	UA	38305
2618415	코이에	DK	38304
5099079	Hillsborough	US	38303
10165672	Khairtal	IN	38298
206113	Pweto	CD	38298
3460513	Iturama	BR	38295
1734594	Padang Rengas	MY	38294
448149	Sinjār	IQ	38294
2507646	Akbou	DZ	38291
4680388	Channelview	US	38289
4167694	패너마시티	US	38286
359678	El-Tor	EG	38285
1260138	Pathanāmthitta	IN	38285
1163968	Tandlianwala	PK	38285
2877439	Linden	DE	38284
3178738	Ciampino	IT	38277
2111809	Murata	JP	38271
2272491	Zwedru	LR	38269
758682	소하체프	PL	38267
3003093	Lens	FR	38265
3102459	Brzeg	PL	38259
1857769	마이바라 시	JP	38259
3448403	São Pedro	BR	38256
348548	Sīdī Barānī	EG	38253
3563609	Condado	CU	38248
3428068	San Vicente	AR	38247
3664956	Boca do Acre	BR	38246
1613409	Ban Sang	TH	38245
10924889	Chōrōd	IN	38245
3689162	Barrancas	CO	38232
4578737	플로렌스	US	38228
3182297	Bassano del Grappa	IT	38224
1261960	Nandigāma	IN	38219
1269751	Indi	IN	38217
1181887	Chak Azam Sahu	PK	38216
5854686	와이파후	US	38216
6145489	Shawinigan	CA	38211
2276506	Harbel	LR	38208
10265219	Kondli	IN	38207
13494065	Khetsamsenok	TH	38204
11205133	Phola	ZA	38202
1541359	Lyantor	RU	38200
1788561	Xinxing	CN	38200
4497290	Wake Forest	US	38199
6807244	Kampung Alor Mengkudu	MY	38193
282993	Ma‘ale Adummim	PS	38193
285108	Al Bīrah	PS	38192
2940451	Buxtehude	DE	38192
3451241	Rio Brilhante	BR	38186
11549779	Sant Antoni	ES	38182
4514746	Huber Heights	US	38176
3626235	Tinaco	VE	38172
7911271	Canvey Island	GB	38170
3650267	Ventanas	EC	38168
2959279	Ahaus	DE	38165
1785345	Zhancheng	CN	38164
2391895	Savalou	BJ	38162
1185262	Bherāmāra	BD	38159
3994667	Nueva Rosita	MX	38158
6690866	Surbiton	GB	38158
10214289	Nildoh	IN	38157
6318662	Sento Sé	BR	38154
2455974	Kadiolo	ML	38149
12324438	Miaozi	CN	38147
13353688	Kabnur	IN	38146
2911395	Haltern am See	DE	38142
5370868	Martinez	US	38137
3016830	가니	FR	38134
5115960	이스트메도	US	38132
1264136	Malavalli	IN	38129
964712	Plettenberg Bay	ZA	38126
3515827	Tepotzotlán	MX	38119
1565164	Thới Bình	VN	38116
12495683	Weixinghu	CN	38112
2867996	뮐하우젠	DE	38108
1904174	Hegeng	CN	38106
2037416	Fate	CN	38105
6316757	Canaã dos Carajás	BR	38103
2206854	기즈번	NZ	38100
3873441	렝고	CL	38100
1609863	Khlong Yai	TH	38099
877532	Newala Kisimani	TZ	38099
3167113	Saronno	IT	38099
3464100	Entre Rios	BR	38098
2129766	Kamiiso	JP	38098
1737714	Limbang	MY	38093
290187	이사타운	BH	38090
4357340	Hanover	US	38088
320369	Burhaniye	TR	38083
13494067	Chan Kasem	TH	38080
4916311	Wheeling	US	38079
5551535	아파치 정크션	US	38074
1255483	Sūlūru	IN	38065
1292579	Thanatpin	MM	38059
3202781	첼레	SI	38059
2634032	Whitley Bay	GB	38055
5779816	Pleasant Grove	US	38052
11962380	Socorro	BR	38051
2042704	Songwŏn-ŭp	KP	38051
2040480	송원읍	KP	38051
3855090	General Güemes	AR	38048
11237575	Mabote	LS	38047
1268266	Kāman	IN	38040
679550	Dej	RO	38033
3393838	Nova Olinda do Norte	BR	38026
5246835	Brookfield	US	38025
1635984	Masamba	ID	38024
732263	디미트로브그라드	BG	38015
2981206	Saint-Chamond	FR	38014
1274468	Chetwayi	IN	38011
444473	Dār as Salām	EG	38008
1862352	히토요시 시	JP	38006
7701510	Nongthymmai	IN	38004
4138102	Columbia Heights	US	38000
2647972	Greenford	GB	38000
1819638	Kennedy Town	HK	38000
6311120	Lasoano	ET	38000
9794300	Shahbazpur	IN	38000
2745321	Voorburg	NL	38000
362288	Abū Qīr	EG	37997
76154	Dhī as Sufāl	YE	37997
5151891	Delaware	US	37995
2911234	Hamm	DE	37989
1253041	Wādi	IN	37988
1191139	Phultala	BD	37985
4026075	Las Guacamayas	MX	37980
1802441	Longshan	CN	37976
6318826	Ulianópolis	BR	37972
2508295	’Aïn Azel	DZ	37970
13156775	Tirupati NMA	IN	37968
3197378	Kranj	SI	37966
5780802	Roy	US	37964
5142109	Valley Stream	US	37962
355392	‘Izbat al Burj	EG	37953
3862086	San José de los Cerrillos	AR	37950
3924877	Rolim de Moura do Guaporé	BR	37949
1271459	Gauribidanur	IN	37947
1254858	Tāsgaon	IN	37945
2660076	라쇼드퐁	CH	37942
2426370	Umm Hājar	TD	37941
8593856	Neustadt/Süd	DE	37939
5781860	Spanish Fork	US	37935
2811899	Weißenfels	DE	37929
1279299	Agar	IN	37917
689378	Volodymyr-Volynskyi	UA	37910
2636910	스털링	GB	37910
1465867	Rajakilpakkam	IN	37906
882100	Rusape	ZW	37906
2898917	Horn	DE	37903
1148658	Andkhoy	AF	37900
5734711	Keizer	US	37895
1203762	Dukuria	BD	37894
3392431	Pedro II	BR	37894
11776897	Tokai	JP	37891
3504963	Guayacanes	DO	37889
1519938	Karatau	KZ	37881
4374054	Woodlawn	US	37879
13157006	Gharonda Neemka Bangar	IN	37876
3606048	Lepaera	HN	37876
2038902	Yŏnsa-ŭp	KP	37876
2657030	Arnold	GB	37873
1272653	Dibai	IN	37873
2796153	Heist-op-den-Berg	BE	37873
5160783	라이마	US	37873
1048468	Chiúre	MZ	37871
1634519	Namlea	ID	37869
4597200	스파턴버그	US	37867
3668451	Santa Rosa de Osos	CO	37864
1054192	Vavatenina	MG	37861
2786545	신트트라위던	BE	37859
2441530	Madaoua	NE	37858
1258111	Robertsganj	IN	37855
1259931	Pen	IN	37852
770293	Jasło	PL	37851
1254880	Tarikere	IN	37848
1263303	마우다하	IN	37844
3457484	Mateus Leme	BR	37841
8416622	Changshouhu	CN	37839
3450157	Santaluz	BR	37834
3029931	브롱	FR	37825
3646767	Caraballeda	VE	37824
79836	Al Bayda	YE	37821
211098	Lubao	CD	37818
1271363	Gharaunda	IN	37816
1256989	Sathyamangalam	IN	37816
2951654	Beckum	DE	37814
4628929	Hermitage	US	37814
3392345	Pentecoste	BR	37813
3182636	Avezzano	IT	37808
11550022	Los Rosales	ES	37808
1185274	Baniachang	BD	37807
1254322	Cheyyar	IN	37802
585145	Saray	AZ	37800
479703	Uchaly	RU	37788
1171868	Loralai	PK	37787
1513072	Ohangaron	UZ	37784
2325506	Otan Ayegbaju	NG	37783
3672761	Patía	CO	37781
10400293	Sonepur	IN	37776
1489870	타이셰트	RU	37766
1261614	Niwai	IN	37765
4905367	파크리지	US	37757
1269373	Gogri Jamālpur	IN	37753
2902533	Hofheim am Taunus	DE	37750
2365190	Mango	TG	37748
3430835	Haedo	AR	37745
3629653	Puerto Píritu	VE	37745
3429244	San Antonio de Padua	AR	37745
3090146	Olkusz	PL	37744
1275641	Bilāsipāra	IN	37739
3717546	Saint-Raphaël	HT	37739
3173131	Monopoli	IT	37738
3394649	Mombaça	BR	37735
2513106	Ontinyent	ES	37735
8532040	Fenway/Kenmore	US	37733
479532	우글리치	RU	37732
738228	Vakfıkebir	TR	37728
1907975	Jinshan	CN	37727
1159877	Qaşr-e Qand	IR	37722
1913189	Shahe	CN	37722
2827479	슈텐달	DE	37722
2208329	Papakura	NZ	37720
1734753	Kampung Ayer Keroh	MY	37716
3696057	Juanjuí	PE	37715
3055685	버여	HU	37714
3115739	Narón	ES	37712
3473654	Leblon	BR	37709
10555165	Nangli Sakrawat	IN	37706
1218021	Yolöten	TM	37705
1856667	미즈나미 시	JP	37705
1257060	Satānā	IN	37701
342559	Bedēsa	ET	37700
148619	아그담	AZ	37700
1258297	Rāwatbhāta	IN	37699
8349017	Baldivis	AU	37697
3395239	Massapê	BR	37697
1849782	Tsubata	JP	37694
3204186	비옐리나	BA	37692
4178552	Winter Haven	US	37689
3337408	Gropiusstadt	DE	37686
3173841	Martina Franca	IT	37685
1860234	Kanda	JP	37684
3458211	Machado	BR	37684
2467856	Ksour Essaf	TN	37683
6534256	Quarto	IT	37683
9988213	Zhonghe	CN	37682
3472825	Agudos	BR	37680
1272061	Ellenabad	IN	37680
3781636	Bosconia	CO	37676
1152227	Mae Chan	TH	37672
10214288	Wānādongri	IN	37667
1260274	파롤라	IN	37666
3065304	Staré Strašnice	CZ	37665
3075605	Holešovice	CZ	37664
3446539	Tietê	BR	37663
2652698	Coalville	GB	37661
6317358	Jaíba	BR	37660
183027	Nyahururu	KE	37650
4146429	애번투라	US	37649
1260120	Pāthri	IN	37648
1926116	Kawanoechō	JP	37641
13157139	Bopal	IN	37635
4369224	Severna Park	US	37634
4170617	Royal Palm Beach	US	37633
8015209	St Albans	AU	37629
3459922	Jeremoabo	BR	37626
539555	Kulebaki	RU	37622
11520182	Chettipālaiyam	IN	37620
3457393	Matozinhos	BR	37618
2644547	Leyland	GB	37614
3625892	Tumeremo	VE	37614
2268728	Damaia	PT	37607
3453171	Pontal	BR	37607
11551009	Chadderton	GB	37602
3094086	Kwidzyn	PL	37601
342641	Batī	ET	37600
336475	Gīnch’ī	ET	37600
13580323	Pivnichno-Brovarskyi Masyv	UA	37600
688373	Yasynuvata	UA	37600
481608	Troitsk	RU	37591
162158	Bäherden	TM	37588
2758998	Beverwijk	NL	37585
5414941	Brighton	US	37585
2638946	Rushden	GB	37584
101516	Taymā’	SA	37579
3463920	Esplanada	BR	37578
3105575	Vilagarcía de Arousa	ES	37576
2395317	Banikoara	BJ	37571
3460511	Ituverava	BR	37571
4082866	Phenix City	US	37570
889191	Karoi	ZW	37564
1065140	Faratsiho	MG	37563
3874930	푸에르토바라스	CL	37561
6331908	Milton	US	37547
291763	Kalbā	AE	37545
3795170	La Grita	VE	37545
157863	Kidatu	TZ	37542
6316908	Confresa	BR	37541
11838437	Neufchâtel-Est–Lebourgneuf	CA	37540
161100	Boma la Ngombe	TZ	37538
3460068	Jarinu	BR	37535
8063456	Mandeni	ZA	37533
129664	Kahrīzak	IR	37527
11980175	Kahrīzak	IR	37527
739236	Sungurlu	TR	37526
3946818	Barranco	PE	37525
1642628	Jekulo	ID	37521
579574	박산	RU	37519
11502184	Talattala	IN	37517
3521628	Perote	MX	37516
1159384	Tāybād	IR	37513
2801154	Braine-l'Alleud	BE	37512
1176995	Havelian	PK	37509
1678008	Jincheng	TW	37507
1655123	Muang Phônsavan	LA	37507
1269020	Jhālrapātan	IN	37506
2906595	헤머	DE	37502
112656	Tonekābon	IR	37501
226853	Paidha	UG	37500
12750574	Taman Tun Dr Ismail	MY	37500
5316201	Sun City	US	37499
3461824	Guariba	BR	37498
4161422	Lake Worth Beach	US	37498
7645176	지라	IN	37498
3672664	Payandé	CO	37496
698436	Pokrov	UA	37493
3385908	Turiaçu	BR	37491
3367513	Grabouw	ZA	37490
2970456	보앙벨랭	FR	37489
3058060	포바슈스카비스트리차	SK	37483
7250691	Kew Gardens Hills	US	37479
1264976	레	IN	37475
2927930	Falkensee	DE	37468
4940764	Jamaica Plain	US	37468
3012219	Joué-lès-Tours	FR	37466
2327650	Ogoja	NG	37466
3993457	Paracho de Verduzco	MX	37464
5374175	몬로비아	US	37463
418896	Dorcheh Pīāz	IR	37462
5357499	홀리스터	US	37462
5944526	Duvernay	CA	37460
5368453	로스배노스	US	37457
1720751	Calaca	PH	37443
1268031	Kānker	IN	37442
1849069	Uto	JP	37442
3467450	Cansanção	BR	37439
3452956	Porteirinha	BR	37438
1257237	Sārangpur	IN	37435
4504048	Sewell	US	37433
2292755	Arrah	CI	37432
1257456	Sandūr	IN	37431
1277318	Bāngarmau	IN	37425
13156774	Kanigiri U	IN	37420
1999251	Karangnongko	ID	37420
1493648	Rezh	RU	37420
3452599	Posse	BR	37414
4168773	Plant City	US	37406
1279575	Yingpan	CN	37406
2367981	Anié	TG	37398
281146	Bayt Ḩānūn	PS	37392
517716	Novovoronezh	RU	37392
3461147	이파네마	BR	37392
8416247	Yihe	CN	37390
785387	스트루가	MK	37387
2633397	Yeadon	GB	37379
1269488	Jaito	IN	37377
7670740	Bambey	SN	37374
2441217	Matamey	NE	37374
3407938	Aliança	BR	37372
1272396	동가르가르	IN	37372
1259756	Phulbāni	IN	37371
2464648	토죄르	TN	37370
3521108	Progreso	MX	37369
11204240	Lukwatini	ZA	37362
11962384	Alto De Pinheiros	BR	37359
2301529	Domaa-Ahenkro	GH	37354
3174679	Lissone	IT	37353
6822119	가쓰라기 시	JP	37352
3118212	Lloret de Mar	ES	37350
13353563	Malayinkeezhu	IN	37350
5255068	Greenfield	US	37349
169897	Ḩarastā	SY	37348
1278176	Attingal	IN	37346
2313762	리벤지	CD	37344
1465899	Perunkalattu	IN	37342
2655315	Blyth	GB	37339
2014718	틴다	RU	37335
1262740	Morsi	IN	37333
2166144	프랭크스턴	AU	37331
4866263	Marion	US	37330
1715169	Del Pilar	PH	37329
504576	Protvino	RU	37329
8299649	Pandan	PH	37325
77726	Ataq	YE	37315
3389673	Santa Cruz	BR	37313
1810266	Gecheng	CN	37312
2500889	Dar el Beïda	DZ	37311
12719566	Mei Foo Sun Chuen	HK	37299
7257540	Braintree	US	37297
1625014	Tanjung	ID	37291
4212684	뉴넌	US	37291
2715459	팔룬	SE	37291
3038213	알포르빌	FR	37290
3448545	São Manuel	BR	37289
1259688	Pilibangan	IN	37288
3009824	라쿠르뇌브	FR	37287
1808861	Hanyuan	CN	37284
4736096	텍사캐나	US	37280
2650278	Eccles	GB	37275
2413876	반줄	GM	37274
3428075	Santos Lugares	AR	37267
2634725	워릭	GB	37267
347749	Sumusţā as Sulţānī	EG	37260
2633936	Wigston Magna	GB	37260
709540	Dubno	UA	37257
496478	세스트로레츠크	RU	37248
2177513	Auburn	AU	37245
1818447	Tsz Wan Shan	HK	37242
2508174	Aïn el Bya	DZ	37241
1529420	Jelilyüzi	CN	37238
3514677	Villaflores	MX	37237
1261539	Nelamangala	IN	37232
11467879	Assin Foso	GH	37230
1033797	Namialo	MZ	37226
1256214	Sindgi	IN	37226
3172768	Monterotondo	IT	37225
1061412	Mananara	MG	37224
3640215	Guanarito	VE	37219
1253216	Vettūr	IN	37219
2392164	Péhonko	BJ	37217
7281807	Hoppers Crossing	AU	37216
1276346	Bhadgaon	IN	37214
3026141	샤텔로	FR	37210
4882920	Addison	US	37208
1844954	Jungpyong	KR	37207
3988050	Salvatierra	MX	37203
226600	Rukungiri	UG	37200
3736812	Presidente Figueiredo	BR	37193
1675232	Xiluo	TW	37181
601608	코네우르겐치	TM	37176
3469425	Bom Jesus do Itabapoana	BR	37172
3595248	Jacaltenango	GT	37171
2289071	Fengolo	CI	37165
11674727	보성	KR	37164
3669188	San Pablo	CO	37160
4522411	Reynoldsburg	US	37158
2537538	Zeghanghane	MA	37154
1058080	Nosy Varika	MG	37152
1258347	Ratia	IN	37152
1881957	Kaki Bukit Estate	SG	37150
2110743	Tomobe	JP	37146
5781765	South Jordan Heights	US	37141
4364362	Odenton	US	37132
3388925	São Caitano	BR	37126
8541923	New Achimota	GH	37116
4207226	Mableton	US	37115
1606638	Sam Phran	TH	37115
2610734	Vanløse	DK	37115
2968482	Villepinte	FR	37114
2521738	Andújar	ES	37113
1256025	Sirūr	IN	37111
1860211	Kanekomachi	JP	37107
1278296	Ashta	IN	37105
235489	Adjumani	UG	37100
4581833	Hilton Head	US	37099
1265170	Lālganj	IN	37098
1254436	Tinnanūr	IN	37095
1727052	Bantay	PH	37088
5729080	그랜츠패스	US	37088
3393764	Oeiras	BR	37085
1277358	Bandipura	IN	37081
1241964	칼루타라	LK	37081
444998	Qorof	ET	37080
1791707	Wayao	CN	37080
7517266	Tange	CN	37074
2805644	Würselen	DE	37074
4472687	Indian Trail	US	37073
2639563	레드카	GB	37073
690412	Vasylkiv	UA	37068
10265086	Bābarpur	IN	37058
3660401	Bahía de Caráquez	EC	37056
366323	Tokār	SD	37051
3392456	Pedreiras	BR	37050
1348820	Pujali	IN	37047
2647027	Heston	GB	37045
1271543	Garhmuktesar	IN	37043
2801117	Brasschaat	BE	37040
2831872	진스하임	DE	37036
3389445	Santa Rita	BR	37035
215605	Kabare	CD	37034
214575	Kampene	CD	37034
4886255	Calumet City	US	37031
764679	Mińsk Mazowiecki	PL	37027
1001860	Giyani	ZA	37024
935267	Saint-Benoît	RE	37023
735481	Lagkadás	GR	37022
4999311	Lincoln Park	US	37012
2518820	Don Benito	ES	37010
1786016	Yuanyang	CN	37009
12358747	Guojia	CN	37008
2458334	Douentza	ML	37002
6618983	Centar	HR	37000
12776117	Cidade Universitária	PT	37000
596479	Fabijoniškės	LT	37000
2797114	Grimbergen	BE	37000
501187	Rostokino	RU	37000
1249978	벤토타	LK	37000
1150533	수코타이	TH	37000
1282601	투르순조다	TJ	37000
3703346	Parque Lefevre	PA	36997
5802049	린우드	US	36997
1277836	Bahādurganj	IN	36993
750735	Beşikdüzü	TR	36987
3178972	Cesano Maderno	IT	36986
2270962	Benfica	PT	36985
3175628	Jesi	IT	36985
3436710	Villeta	PY	36985
5144400	Whitestone	US	36984
3464547	Dom Pedrito	BR	36981
3673398	Belalcázar	CO	36977
1262097	Nakodar	IN	36973
2649660	Farnham	GB	36971
1300969	Paungde	MM	36971
430021	Cibitoke	BI	36959
3090170	Oleśnica	PL	36956
2784604	Vilvoorde	BE	36955
1264700	Lūnāvāda	IN	36954
1563683	Hồng Lĩnh	VN	36940
6050619	Laval-des-Rapides	CA	36933
3173614	Melito di Napoli	IT	36933
3467677	Campos Novos	BR	36932
2755476	후스	NL	36931
3466723	Castelo	BR	36930
3167053	Sassuolo	IT	36926
301101	Serik	TR	36925
2130146	가즈노 시	JP	36925
2653224	Chester-le-Street	GB	36917
13353562	Vazhayur	IN	36909
2288105	Grand-Lahou	CI	36906
1816316	Biyang	CN	36905
1538311	Buston	TJ	36900
5245387	Beloit	US	36891
299900	Talas	TR	36890
13589152	Újlipótváros	HU	36888
5095549	Belleville	US	36878
7082152	Golbahār	IR	36877
1269993	Hojāi	IN	36869
1279134	Akbarpur	IN	36865
1571968	닌빈	VN	36864
8400058	Dunhao	CN	36863
1801859	Luoqi	CN	36862
3363882	Muizenberg	ZA	36857
5801617	Longview	US	36848
8858090	Santa Teresa	MX	36845
3447969	Sarzedo	BR	36844
734643	Pylaía	GR	36843
2677234	셰브데	SE	36842
3983671	Santiago	MX	36840
3062394	Vršovice	CZ	36836
2500737	Debila	DZ	36834
2511730	Ronda	ES	36827
2514553	Los Palacios y Villafranca	ES	36824
1797962	Qina	CN	36823
3394755	Missão Velha	BR	36822
2810855	Wermelskirchen	DE	36816
3077929	Česká Lípa	CZ	36815
293962	오르예후다	IL	36813
1259608	Pīpār	IN	36810
12523448	Lanka	IN	36805
342478	Bek’ojī	ET	36800
4614867	Columbia	US	36800
596713	Naujoji Vilnia	LT	36800
3398077	Ipueiras	BR	36798
11549986	Puerta Bonita	ES	36798
10645302	Kamizawa	JP	36794
1281278	Elixku	CN	36793
2176592	Baulkham Hills	AU	36792
3058472	Nové Zámky	SK	36781
8858091	San Jerónimo Cuatro Vientos	MX	36778
2501362	Chetouane	DZ	36776
1254133	Tuensang	IN	36774
2648063	Great Malvern	GB	36770
4173497	South Miami Heights	US	36770
2823708	Tegel	DE	36764
137585	Dargaz	IR	36762
1253077	Vuyyūru	IN	36755
1265201	Lakshmeshwar	IN	36754
6157718	Stouffville	CA	36753
11549975	Lucero	ES	36749
3178818	키에리	IT	36749
2646525	Houghton-Le-Spring	GB	36746
4925006	Portage	US	36738
4928118	웨스트필드	US	36738
4262045	New Albany	US	36732
2514097	Marratxí	ES	36725
1065158	Farafangana	MG	36724
2334801	Katsina-Ala	NG	36722
1265645	Kumta	IN	36719
12358729	Liufeng	CN	36718
3458049	Mandaguari	BR	36716
3471846	Araçuaí	BR	36712
406993	Eqbālīyeh	IR	36709
3092472	Malbork	PL	36709
1252773	Yāval	IN	36706
5112961	Clifton Park	US	36705
1800334	Mudong	CN	36704
342965	Babīlē	ET	36700
8261621	Buyale	UG	36700
3175755	Grugliasco	IT	36700
8416628	Bake	CN	36698
13156960	Tilda Newra	IN	36682
8421919	Zhiping	CN	36680
5098135	포트리	US	36672
1869021	순안	KP	36671
3110921	Sant Adrià de Besòs	ES	36669
2636714	스트랫퍼드	GB	36666
3345495	Alto Hama	AO	36661
1076454	Andapa	MG	36660
627751	Kalinkovichi	BY	36656
575560	Bogorodsk	RU	36652
3386889	Itambé	BR	36652
496934	Serdobsk	RU	36652
1627035	Simpang	ID	36652
3404889	Brejo	BR	36651
1327995	Botataung	MM	36645
3182336	Barra	IT	36642
2506404	Arris	DZ	36641
3459667	José Bonifácio	BR	36633
2939945	Coesfeld	DE	36631
655130	Kaarina	FI	36631
3450873	Rosário do Sul	BR	36630
12156838	Dovercourt-Wallace Emerson-Junction	CA	36625
2960596	에슈쉬르알제트	LU	36625
1610227	Kantharalak	TH	36621
1267433	Kattivākkam	IN	36617
5110159	Brighton	US	36609
11452719	Peringottupulam	IN	36602
1772983	Jawi	MY	36601
4529987	바틀즈빌	US	36595
601432	Yylanly	TM	36594
2948164	Bitterfeld-Wolfen	DE	36592
754800	보워민	PL	36592
3862320	Juan José Castelli	AR	36588
2248433	Médina Gounas	SN	36588
2658761	샤프하우젠	CH	36587
3679554	La Ceja	CO	36584
2385535	Kouango	CF	36575
1538375	Dadamtu	CN	36572
1669506	Shetou	TW	36565
1904187	Xianlong	CN	36561
5097751	Ewing	US	36559
4726440	산 후안	US	36556
147271	Salyan	AZ	36555
5144975	Woodhaven	US	36555
1255870	Sohna	IN	36552
483661	Temryuk	RU	36546
8572218	Washinomiya	JP	36544
2835481	Schwäbisch Hall	DE	36543
2524393	Licata	IT	36537
2666238	Upplands Väsby	SE	36534
671964	Odorheiu Secuiesc	RO	36532
1819791	Hang Hau	HK	36529
1260178	Patāmundai	IN	36528
3472370	Amargosa	BR	36521
2875023	Lurup	DE	36521
710374	Chuhuyiv	UA	36519
378493	Ar Rahad	SD	36518
1699858	Mendez-Nuñez	PH	36518
1808820	Haomen	CN	36515
1802407	Longtan	CN	36511
3841679	Pehuajó	AR	36507
2795930	에르스탈	BE	36503
1266425	Kodaikānāl	IN	36501
4711729	Mission Bend	US	36501
342190	Bichena	ET	36500
1512480	Dashtobod	UZ	36500
13580124	Priorka	UA	36500
13495379	Sunset	CA	36500
343134	Āwash	ET	36500
1524385	Zhetysay	KZ	36494
1269827	Ichchāpuram	IN	36493
700261	Netishyn	UA	36492
3029030	캉브레	FR	36492
1860191	Kanie	JP	36489
2303060	Bibiani	GH	36487
2634493	West Bridgford	GB	36487
644450	노키아	FI	36486
735563	Kozáni	GR	36481
2863223	Niederkassel	DE	36480
2641557	Newton Abbot	GB	36474
3442585	Florida	UY	36471
1185239	Sarankhola	BD	36470
738251	Uzunköprü	TR	36470
1273434	Daryāpur	IN	36463
1235855	마탈르	LK	36462
1273923	Chunār	IN	36459
3461134	Iperó	BR	36459
654899	카야니	FI	36458
5392229	산후안카피스트라노	US	36454
10524013	Amīnpur	IN	36452
1262484	Mungeli	IN	36450
388065	Ar Rābiyah	KW	36447
2338855	Igangan	NG	36447
3626352	Temblador	VE	36447
400833	Qīāmdasht	IR	36446
1561914	Cái Đôi Vàm	VN	36444
740883	Osmancık	TR	36443
5509851	Pahrump	US	36441
1276897	Barnagar	IN	36438
2269594	Cascais	PT	36436
8667930	Masohi	ID	36433
1259177	Pūrna	IN	36433
2986501	푸아시	FR	36431
2643116	Mangotsfield	GB	36427
2738014	Maia	PT	36426
11288103	Folweni	ZA	36425
2685828	Östermalm	SE	36418
2388625	보카랑가	CF	36418
135094	Estahbān	IR	36410
6692471	Los Realejos	ES	36405
933535	Letlhakane	BW	36404
2636484	Sutton in Ashfield	GB	36404
518682	Novokubansk	RU	36401
1172339	Lakki	PK	36391
3435103	Curuzú Cuatiá	AR	36390
1266622	Khunti	IN	36390
2657613	에어드리	GB	36390
1821292	Luhuan	MO	36384
3173326	Modugno	IT	36384
2291113	Bongouanou	CI	36379
4367734	Saint Charles	US	36376
6648621	Sheybān	IR	36374
1850746	Tamamura	JP	36367
5401469	템플시티	US	36365
1066514	Betafo	MG	36364
2852577	Porta Westfalica	DE	36364
5161902	Marion	US	36363
646218	Mellunkylä	FI	36360
2336985	Itu	NG	36358
3023924	콩플랑생토노린	FR	36358
3654853	La Troncal	EC	36353
2489922	M’Daourouch	DZ	36351
4772566	Mechanicsville	US	36348
3192409	프리예도르	BA	36347
12808662	Sainte-Marguerite	FR	36345
3853510	Jesús María	AR	36343
2655672	Billericay	GB	36338
2938784	Datteln	DE	36338
4708308	Lufkin	US	36333
4503548	Pennsauken	US	36332
1490686	Sukhoy Log	RU	36329
2508119	’Aïn el Turk	DZ	36326
1853174	사카이미나토 시	JP	36324
4219762	롬	US	36323
2655186	Borehamwood	GB	36322
12808881	Ô Chợ Dừa	VN	36318
1691911	Ramon	PH	36307
2145990	Truganina	AU	36305
1736902	베통	MY	36303
330888	Mersa	ET	36300
326036	Yabēlo	ET	36300
344923	Ādīs Zemen	ET	36300
784136	브르샤츠	RS	36300
4943426	Mattapan	US	36299
1802296	Longxing	CN	36297
2418437	Kouroussa	GN	36295
586429	Hövsan	AZ	36293
1261800	나르가드	IN	36291
187585	Marsabit	KE	36289
1526168	Arys	KZ	36285
5337696	클레어몬트	US	36283
12808664	Bel-Air	FR	36279
762423	Piaseczno	PL	36278
755475	Włochy	PL	36276
1848776	야이타 시	JP	36275
13353561	Parappur	IN	36270
3064379	타보르	CZ	36264
1626486	Srono	ID	36260
2521519	Arucas	ES	36259
148290	Jalilabad	AZ	36259
6690770	Újpalota	HU	36259
2791961	Maasmechelen	BE	36251
1151340	Photharam	TH	36248
1734577	Kamunting	MY	36243
3108126	테루엘	ES	36240
1261342	Neem ka Thana	IN	36231
2176632	배서스트	AU	36230
350831	Qahā	EG	36225
5253710	Franklin	US	36222
1685875	Solano	PH	36222
5408076	웨스트할리우드	US	36222
1814545	Dachang	CN	36217
5043193	Richfield	US	36216
6295539	Zürich (Kreis 10)	CH	36216
13353560	Vilappil	IN	36212
2298005	Mim	GH	36211
1568759	Quán Hàu	VN	36210
492162	Slantsy	RU	36209
5327298	Bell	US	36205
2992771	몽드마르상	FR	36205
2649800	엑스머스	GB	36204
287814	Izkī	OM	36203
4969398	Lewiston	US	36202
9634762	Sugai	JP	36198
295328	디모나	IL	36192
2743608	쥣펀	NL	36188
3188383	바라주딘	HR	36187
3471949	Aparecida	BR	36185
743404	Kestel	TR	36185
11549815	el Guinardó	ES	36176
1261396	닐랑가	IN	36172
4153759	Dunedin	US	36164
7302855	Naharlagun	IN	36158
1849094	우스키 시	JP	36158
4018582	Ameca	MX	36156
833260	Butel	MK	36154
7260327	Kendall West	US	36154
5520076	Del Rio	US	36153
1275368	Boisar	IN	36151
3071966	Libeň	CZ	36151
1177203	Hangu	PK	36150
2556076	Ben Ahmed	MA	36149
1858902	Komatsushimachō	JP	36149
2732773	Viana do Castelo	PT	36148
2508225	’Aïn Deheb	DZ	36146
3405429	Bodocó	BR	36145
173334	Al Qunayţirah	SY	36143
6316745	Campo Novo do Parecis	BR	36143
4401618	Oakville	US	36143
1307658	Mrauk U	MM	36139
782661	Kukës	AL	36125
5113412	Commack	US	36124
281109	An Nuşayrāt	PS	36123
2986930	Plaisir	FR	36121
120351	Rūdān	IR	36121
5262630	Menomonee Falls	US	36119
1278139	아수사	IN	36118
2635703	Tonbridge	GB	36115
2217362	Gharyan	LY	36110
2396253	Tchibanga	GA	36108
5374648	Moorpark	US	36104
6317937	Petrolândia	BR	36104
3397337	Girau do Ponciano	BR	36102
338554	Dubti	ET	36100
328592	Sheraro	ET	36100
293100	제파트	IL	36094
3407440	Apodi	BR	36093
1257896	Sadābād	IN	36093
697592	Sokolohirsk	UA	36091
2510392	Tomelloso	ES	36091
13589206	Core Neighbourhoods	CA	36088
4063619	개즈던	US	36084
5798487	이사콰	US	36081
1880268	Serangoon Garden	SG	36080
1832015	흥해	KR	36080
3533269	Agua Dulce	MX	36079
2514984	Llucmajor	ES	36078
411820	As Sadd	QA	36077
1448637	Risalpur Cantonment	PK	36074
11549948	Acacias	ES	36069
1791596	Weituo	CN	36068
2514042	Maspalomas	ES	36065
6543970	Lyon 04	FR	36064
3453439	Piumhi	BR	36062
1275572	Bindki	IN	36058
1620954	Ban Ang Sila	TH	36055
3682047	Gigante	CO	36055
1264457	Mahālingpur	IN	36055
10689579	Rāvu	IN	36055
4659446	Spring Hill	US	36055
11612566	Setouchi	JP	36048
3046445	Pesterzsébet	HU	36045
11288640	Cenisia	IT	36044
12432990	Setor Complementar de Indústria e Abastecimento	BR	36042
1264032	Mālpura	IN	36028
3119198	Prosperidad	ES	36027
1275191	Bramhapuri	IN	36025
1253013	Wai	IN	36025
4844459	Trumbull	US	36018
1256537	Shikaripura	IN	36015
483137	Teykovo	RU	36015
2111277	Rifu	JP	36014
4439869	Olive Branch	US	36010
4480125	Mooresville	US	36009
3915350	과야라메린	BO	36008
1725627	Bel Air	PH	36007
1256489	Shirdi	IN	36004
234565	Bugiri	UG	36000
3862981	Cañada de Gómez	AR	36000
6311126	Dhabad	SO	36000
8541977	Dubai International Financial Centre	AE	36000
6945291	Old City	PS	36000
4845519	West Torrington	US	36000
6311122	Yamarugley	ET	36000
10062602	Šeškinė	LT	36000
3504765	Hato Mayor del Rey	DO	35999
117773	Rāmsar	IR	35997
13353559	Neduva	IN	35996
576172	Blagodarnyy	RU	35995
1852385	Nishishinminato	JP	35994
1830467	Kep	KH	35990
3348297	Humbe	AO	35985
707244	Kakhovka	UA	35983
5409768	Willowbrook	US	35983
7284888	Marseille 07	FR	35981
4274305	레번워스	US	35980
2293107	Akoupé	CI	35970
4351871	클린턴	US	35970
2511994	Realejo Alto	ES	35963
13353558	Venganoor	IN	35963
2953321	Bad Vilbel	DE	35961
146214	Paphos	CY	35961
1185108	Shibganj	BD	35961
3411913	Colinas do Tocantins	BR	35957
157826	Kidodi	TZ	35953
148842	Wete	TZ	35951
3172154	Nuoro	IT	35948
568608	Chernushka	RU	35942
10858989	Ramanattukara	IN	35937
2635281	Tyldesley	GB	35932
1622318	Waingapu	ID	35932
2515562	La Rinconada	ES	35928
5022134	코티지그로브	US	35918
1262843	Mokokchūng	IN	35913
1259630	Pinjaur	IN	35912
3445433	Vassouras	BR	35904
3655446	Jipijapa	EC	35901
2135171	포트빌라	VU	35901
6317397	Juara	BR	35899
4414749	Wildwood	US	35899
2784068	바레험	BE	35896
2646327	Hyde	GB	35895
3886460	Labranza	CL	35893
1486468	Yalutorovsk	RU	35892
10878482	Mādāyi	IN	35888
477192	Valuyki	RU	35887
3856022	Esperanza	AR	35885
1634739	Mulia	ID	35884
4170005	Richmond West	US	35884
1516789	Novokazalinsk	KZ	35883
1260228	Partūr	IN	35883
3440639	산호세데마요	UY	35883
746552	Görükle	TR	35882
7932343	Barmbek-Süd	DE	35880
9081358	Dương Minh Châu	VN	35878
1942265	Sanmiao	CN	35877
724144	미할로프체	SK	35874
7874216	Santa Teresa	BR	35873
2995750	마리냔	FR	35873
316795	Develi	TR	35868
1014306	Calcutta	ZA	35864
11612459	Miyama	JP	35861
1443383	Dīndārpur	IN	35856
2280995	Tanda	CI	35854
4263681	리치먼드	US	35854
3628545	Sanare	VE	35850
3630894	Pampanito	VE	35847
13118086	Petagas	MY	35844
4139673	Mount Pleasant	US	35842
134441	Fūman	IR	35841
1619496	Bang Khlo	TH	35838
767623	Kraśnik	PL	35834
11612454	Minamibōsō	JP	35831
5744253	Oregon City	US	35831
13645934	ʻEwa Gentry-West Loch	US	35828
4468261	Goldsboro	US	35826
713122	아브 데브 카	UA	35826
3106180	El Vendrell	ES	35821
1255172	Talakkād	IN	35820
5370082	맨해튼비치	US	35818
1236150	Mannar	LK	35817
1265854	Krishnarājāsāgara	IN	35805
5806253	Parkland	US	35803
2653144	Chippenham	GB	35800
232661	Kakira	UG	35800
1819050	Sai Kung	HK	35800
3398350	Igarapé-Açu	BR	35797
2527271	Tit Mellil	MA	35797
4207981	Martinez	US	35795
1684320	Tagudin	PH	35791
7336548	Tambolaka	ID	35790
3460629	Itaqui	BR	35768
1689498	San Jose	PH	35768
12358511	Zhutang	CN	35766
1607725	Phichit	TH	35760
2130741	아바시리 시	JP	35759
2939797	Crailsheim	DE	35755
1269053	Jhābua	IN	35753
1465825	Madipakkam	IN	35752
4059870	East Florence	US	35733
4703811	Kyle	US	35733
5776727	Kearns	US	35731
10263041	Karāla	IN	35730
6051122	Leamington	CA	35730
2855334	Pasing	DE	35728
4769667	Linton Hall	US	35725
91812	Saddat al Hindīyah	IQ	35720
3431313	Lobos	AR	35719
2333451	Kumo	NG	35712
2655664	Billingham	GB	35708
3021411	디에프	FR	35707
4004159	Xalisco	MX	35702
8406223	Longhe	CN	35701
3664321	Eirunepé	BR	35700
2255542	Owando	CG	35698
1271533	Gariadhar	IN	35692
1268540	Kakrāla	IN	35690
2640106	폰티풀	GB	35686
3461090	Iporá	BR	35684
1275736	Bīdāsar	IN	35683
4448903	투펄로	US	35680
3530123	Coyotepec	MX	35677
11549991	Mirasierra	ES	35676
1265311	Lahār	IN	35674
6822167	소사 시	JP	35674
2221530	Tibati	CM	35673
1610940	Det Udom	TH	35669
2512186	Puerto del Rosario	ES	35667
1795140	Shimen	CN	35665
2810612	Wesseling	DE	35665
3462371	Goiatuba	BR	35664
176758	Kaputa	ZM	35663
2817065	Voerde	DE	35661
1163927	Tangi	PK	35659
3573840	Rio Claro	TT	35650
3622228	푼타레나스	CR	35650
1278841	Ambasamudram	IN	35645
3059564	Karlova Ves	SK	35644
181374	Ramu	KE	35644
3473157	Adamantina	BR	35642
3530592	Ciudad Mendoza	MX	35641
1269666	Islāmpur	IN	35641
1876873	황주읍	KP	35641
11612481	Shisō	JP	35639
3144631	Nesttun	NO	35638
2992703	몽텔리마르	FR	35637
4115412	Hot Springs	US	35635
1639304	Kualakapuas	ID	35632
5409260	Wildomar	US	35632
3855139	General Alvear	AR	35626
13353557	Kaipamangalam	IN	35626
366846	Sinkat	SD	35617
2634887	Walkden	GB	35616
2510271	Torre-Pacheco	ES	35614
1263226	Medchal	IN	35611
2295840	Prestea	GH	35611
2042987	Kyŏngsŏng	KP	35604
576697	베슬란	RU	35604
8629543	Ganaur	IN	35603
4414001	Wentzville	US	35603
6693809	Sholinganallur	IN	35602
13645613	Karavayevi Dachi	UA	35600
332746	Korem	ET	35600
1265888	Kovūr	IN	35600
1254111	Tuljāpur	IN	35596
3451448	Riacho de Santana	BR	35593
2112409	가미노야마 시	JP	35593
3461425	Ilhabela	BR	35591
11288662	San Salvario	IT	35591
2971874	트랑블레앙프랑스	FR	35591
3025055	슈아시르루아	FR	35590
789923	야고디나	RS	35589
3101321	치에신	PL	35586
1614455	Ban Phai	TH	35583
2930449	Emsdetten	DE	35582
5043799	로즈빌	US	35580
7302849	Barpeta Road	IN	35571
1253698	Uravakonda	IN	35565
1904050	Caijiagang	CN	35564
8416625	Longhe	CN	35561
3115177	Oleiros	ES	35559
4176318	Valrico	US	35545
6822180	이스미 시	JP	35544
3452623	Porto União	BR	35543
1278058	Babīna	IN	35538
1259060	Rafiganj	IN	35536
99738	‘Afak	IQ	35536
153759	Misungwi	TZ	35530
1622090	Wangon	ID	35530
2978317	Saint-Martin-d'Hères	FR	35528
5221637	Coventry	US	35525
8399040	Kangle	CN	35521
11549930	Casco Histórico de Vicálvaro	ES	35519
3060322	Dúbravka	SK	35518
602913	셸레프테오	SE	35516
3566054	Camajuaní	CU	35515
2393722	Kalalé	BJ	35513
2480618	Sidi ech Chahmi	DZ	35512
4723914	Rosenberg	US	35510
951650	Stutterheim	ZA	35510
1732354	Abucay	PH	35508
3648873	Aroa	VE	35508
117835	Şaḩneh	IR	35508
4848489	Bettendorf	US	35505
2276492	Harper	LR	35503
336454	Ghinnir	ET	35500
336526	Gīdolē	ET	35500
6126305	Rock Forest	CA	35500
1783682	Ziyang Chengguanzhen	CN	35496
668995	Reghin-Sat	RO	35490
2303611	Esim	GH	35487
1796755	Sanjiao	CN	35486
2996882	마콩	FR	35484
7932386	Farmsen-Berne	DE	35477
1253870	우마가	IN	35477
770380	Jarosław	PL	35475
10353044	Kami	JP	35473
312114	Hınıs	TR	35472
4192674	East Point	US	35467
2266629	Marvila	PT	35463
1269810	Igatpuri	IN	35461
10929726	Perumanna	IN	35460
1526970	Abay	KZ	35454
3627614	Santa Ana	VE	35452
2111530	오후나토 시	JP	35452
2497988	El Kala	DZ	35449
1275152	Budhāna	IN	35442
3462557	Garibaldi	BR	35440
2745088	Wageningen	NL	35433
1083257	Ambato Boeny	MG	35432
3664243	Feijó	BR	35426
2274372	Pleebo City	LR	35423
4084796	Prattville	US	35420
3464556	Domingos Martins	BR	35416
3923154	Bermejo	BO	35411
1264890	Lingsugūr	IN	35411
918488	Chirundu	ZM	35403
2297289	Nkoranza	GH	35401
4169060	Ponte Vedra Beach	US	35400
3123115	Entrevías	ES	35399
2353197	Zorgo	BF	35398
1007140	Dwarsloop	ZA	35397
3982616	Tala	MX	35396
591260	코흐틀라얘르베	EE	35395
1258819	Rājpīpla	IN	35392
8858092	San Martín Azcatepec	MX	35390
3436150	Baradero	AR	35389
1849038	Uwa	JP	35388
3468025	Camamu	BR	35382
5147784	Boardman	US	35376
1272874	Dharangaon	IN	35375
10170102	Tai Koo	HK	35373
2661169	쿠어	CH	35373
110314	Ad Dilam	SA	35371
3392126	Pilar	BR	35370
1264398	Mahemdāvād	IN	35368
1795411	Shidui	CN	35367
1665259	Yongjing	TW	35365
4151824	Cooper City	US	35364
316634	Dinar	TR	35359
1801098	Mapo	CN	35358
2620320	Hillerød	DK	35357
3461511	Pilão Arcado	BR	35357
7258432	Oxon Hill-Glassmanor	US	35355
551891	카시모프	RU	35355
3671098	Quimbaya	CO	35350
1804550	Langao Chengguanzhen	CN	35348
2742027	Bragança	PT	35341
2156492	Mount Waverley	AU	35340
3515386	Tlapacoyan	MX	35338
3816721	Tonalá	MX	35322
2112913	Funaishikawa	JP	35318
3020270	Paris 08 Élysée	FR	35317
2649723	폴커크	GB	35310
3465758	Conceição do Jacuípe	BR	35308
1625585	Tahuna	ID	35307
3665973	Villamaría	CO	35302
13308374	Badessa	ET	35294
296895	Yerköy	TR	35294
2864820	Neu-Isenburg	DE	35293
2288139	Goya	CI	35292
1605677	Tha Bo	TH	35292
1267862	Karamsad	IN	35285
1626134	Sumberpucung	ID	35285
4154280	Egypt Lake-Leto	US	35282
3061344	즈노이모	CZ	35280
4903940	North Lawndale	US	35276
1609071	Loei	TH	35273
1255372	Sūrandai	IN	35272
2391739	Sinendé	BJ	35267
1078446	Amparafaravola	MG	35266
1170564	Mehrabpur	PK	35263
3182997	아오스타	IT	35261
745664	Hendek	TR	35257
2757991	Castricum	NL	35256
1263968	Manali	IN	35248
9197267	Yakami	JP	35246
935691	La Possession	RE	35245
5265228	Oak Creek	US	35243
1252930	Wāris Alīganj	IN	35243
740430	사프란볼루	TR	35242
3536724	Santiago de las Vegas	CU	35241
4215110	Peachtree City	US	35240
2800448	Châtelet	BE	35238
1259272	Pulgaon	IN	35238
2611828	Taastrup	DK	35238
3181931	Bollate	IT	35235
3062152	Záběhlice	CZ	35228
4923482	Merrillville	US	35224
2509463	Villena	ES	35222
2513983	Mazarrón	ES	35221
2803620	Zweibrücken	DE	35221
493463	슈메를랴	RU	35220
2646826	히친	GB	35220
3457455	Matinhos	BR	35219
1253671	Usilampatti	IN	35219
4003526	라바르카	MX	35219
3405954	Baturité	BR	35218
879431	Victoria Falls	ZW	35215
10910185	Puzhathi	IN	35212
3452320	Presidente Venceslau	BR	35201
13580123	Vyshhorodskyi Masyv	UA	35200
2221631	Tchéboa	CM	35199
3662252	São Paulo de Olivença	BR	35196
1853433	Ōzu	JP	35187
1630662	Praya	ID	35183
4170965	Saint Cloud	US	35183
2654668	Briton Ferry	GB	35179
2646807	Hoddesdon	GB	35174
11502057	Perunād	IN	35173
11101616	N’diareme limamoulaye	SN	35171
6822170	다무라 시	JP	35169
1562278	Xã Long Hải	VN	35167
1267869	Kāramadai	IN	35166
3093739	Lębork	PL	35161
298846	툰젤리	TR	35161
2654728	Bridlington	GB	35154
752584	Akçakoca	TR	35151
1271213	Giddalūr	IN	35150
3069247	Nusle	CZ	35150
4704108	La Porte	US	35148
1037721	Milange	MZ	35146
2283823	Ndouci	CI	35145
3107677	Tortosa	ES	35143
12450867	Puqiakeqi	CN	35142
3518138	San Pablo Autopan	MX	35141
1278201	Atmakūr	IN	35137
2856075	Ottensen	DE	35136
1260406	Pāppinisshēri	IN	35134
1926006	이요 시	JP	35133
3452237	Promissão	BR	35131
3391609	Poço Redondo	BR	35122
1549754	Heqiao	CN	35118
1253193	Vijāpur	IN	35118
7329809	Āq Qalā	IR	35116
2521986	Alhaurín de la Torre	ES	35114
6317461	Laranjal do Jari	BR	35114
1732857	Tangkak	MY	35109
3043293	Vác	HU	35108
3864331	Bell Ville	AR	35105
6113335	Prince Albert	CA	35102
1258295	Rāwatsār	IN	35102
2427336	Moussoro	TD	35100
2759407	Barneveld	NL	35095
2441482	Magaria	NE	35091
2150717	Saint Albans	AU	35091
2124286	코르사코프	RU	35091
2280761	Tiassalé	CI	35090
2795100	이퍼르	BE	35089
1272320	Dubrājpur	IN	35087
1220798	판자켄트	TJ	35085
3480908	La Asunción	VE	35084
2525350	Carini	IT	35082
2917544	Greven	DE	35080
3924908	Pimenta Bueno	BR	35079
7274677	Eidelstedt	DE	35078
559320	Goryachevodskiy	RU	35075
2498752	El Affroun	DZ	35074
621713	Smarhoń	BY	35072
693581	Slavuta	UA	35068
357039	Fāyīd	EG	35066
1606586	Samut Songkhram	TH	35065
1267661	Karumattampatti	IN	35062
363533	Zalinjay	SD	35061
3996271	Ciudad Melchor Múzquiz	MX	35060
8701253	A Yun Pa	VN	35058
4412697	University City	US	35058
2881956	Lage	DE	35054
2077963	올버니	AU	35053
12156903	Downsview-Roding-CFB	CA	35052
1269447	Jalālābād	IN	35051
3085151	소포트	PL	35049
2620473	헬싱외르	DK	35048
3385873	Ubajara	BR	35047
3924948	Ouro Preto do Oeste	BR	35044
3670513	Sabanagrande	CO	35044
2775479	Hötting	AT	35043
2364752	Notsé	TG	35039
3376762	뉴암스테르담	GY	35039
3456398	Nanuque	BR	35038
3460214	Jaguariaíva	BR	35027
2509402	Yecla	ES	35025
3466261	Charqueadas	BR	35012
10933957	Māranchēri	IN	35011
3455298	Palotina	BR	35011
3620170	Diriamba	NI	35008
3392996	Parnarama	BR	35008
3452483	Prado	BR	35003
2983011	로망쉬르이제르	FR	35002
13118197	Alam Damai	MY	35000
3575051	Arima	TT	35000
6472198	Bonn Hardtberg	DE	35000
13118231	Bukit Kerinchi	MY	35000
12625525	Denai Alam	MY	35000
791122	Dragash	XK	35000
8549456	Magu	TZ	35000
6457378	Malakwal City	PK	35000
2265464	Oeiras	PT	35000
2327233	Oke Ila	NG	35000
11421465	Podaturpet	IN	35000
786950	Podujeva	XK	35000
785485	Shtime	XK	35000
281818	Shu‘fāţ	PS	35000
13118085	Sibu Jaya	MY	35000
489226	Staraya Derevnya	RU	35000
3345492	Xangongo	AO	35000
1848055	게로 시	JP	35000
2820456	Uelzen	DE	34996
3401263	Curralinho	BR	34994
3065743	스미호프	CZ	34987
1855341	Nishihara	JP	34984
597231	마리얌폴레	LT	34975
153384	Mlimba	TZ	34970
1786408	Yizhuang	CN	34968
3455580	Padre Bernardo	BR	34967
3456285	Niquelândia	BR	34964
1816824	Baiyang	CN	34962
12493241	Changling	CN	34962
2586370	Ez Zahra	TN	34962
1256753	Shāhābād	IN	34962
6822215	Kaizu	JP	34960
893549	Chipinge	ZW	34959
155405	Mafinga	TZ	34958
2231320	가루아	CM	34957
558066	Gul’kevichi	RU	34953
281161	Al Burayj	PS	34951
2753666	Hoogvliet	NL	34950
1174217	Khangah Dogran	PK	34949
3587636	Yepocapa	GT	34948
1742731	Sungai Lalang	MY	34947
11184575	Peruvallur	IN	34941
3182765	Arzano	IT	34933
2176947	Bankstown	AU	34933
1265830	라이랑푸르	IN	34929
1256075	Sīrkāzhi	IN	34927
2511250	San Pedro Alcántara	ES	34922
119369	Qīdar	IR	34921
2500282	Djamaa	DZ	34920
2977246	Saint-Raphaël	FR	34918
3871616	산타크루스	CL	34914
1800557	Miaoyu	CN	34913
2813464	Wedel	DE	34912
300791	Simav	TR	34909
4526993	Upper Arlington	US	34907
4844309	Torrington	US	34906
1266575	Kichha	IN	34904
1667471	Tianzhong	TW	34903
1710357	Jalajala	PH	34901
1512986	Piskent	UZ	34900
2130421	Date	JP	34898
2657770	애크링턴	GB	34897
935225	생뢰	RE	34893
2519425	Cieza	ES	34889
6822140	가호쿠 시	JP	34889
920820	Chambishi	ZM	34888
930025	Dedza	MW	34882
3621889	San Isidro	CR	34877
3660434	아소게스	EC	34877
3628921	Sabana de Mendoza	VE	34869
5328041	베벌리힐스	US	34869
2950096	Bernau bei Berlin	DE	34866
1462711	Vijayapura	IN	34866
6822169	Sōma	JP	34865
877534	Newala	TZ	34862
2281979	Saïoua	CI	34860
5031412	Inver Grove Heights	US	34857
723526	Spišská Nová Ves	SK	34855
2820693	Tuttlingen	DE	34847
5221703	Cumberland	US	34843
3388440	São José do Belmonte	BR	34843
3685335	Curumaní	CO	34838
12217929	Bayview-Hunters Point	US	34835
1153035	Kathu	TH	34835
3695466	La Unión	PE	34834
739600	시노프	TR	34834
3838759	Rivadavia	AR	34830
6695467	Hebbagodi	IN	34827
11550023	Los Angeles	ES	34827
2655882	Bentley	GB	34821
10925345	Chēmanchēri	IN	34819
1272022	Erāttupetta	IN	34814
3526708	Ixmiquilpan	MX	34814
5383720	Pleasant Hill	US	34810
12156818	Parkwoods-Donalda	CA	34805
2343144	Eruwa	NG	34802
1512955	Rishton	UZ	34800
6136777	Rutland	CA	34800
1258704	Rāmdurg	IN	34800
1734399	Selama	MY	34800
610613	Aqsay	KZ	34799
12719589	Taikoo Shing	HK	34799
3024195	퐁토콩보	FR	34798
1526038	Atbasar	KZ	34797
5173171	Stow	US	34797
725905	비딘	BG	34797
4161616	Lauderdale Lakes	US	34796
2790114	Ninove	BE	34795
4635031	La Vergne	US	34794
3450232	Santa Fé do Sul	BR	34794
726174	터르고비슈테	BG	34793
3175173	Lanciano	IT	34791
4178573	Winter Springs	US	34789
2666670	우데발라	SE	34781
2871736	Merseburg	DE	34780
2974427	시푸르레플라주	FR	34779
1169334	Narang Mandi	PK	34778
2659099	Rapperswil	CH	34776
1269379	Jāmadoba	IN	34774
5987650	Joliette	CA	34772
2987967	페리괴	FR	34770
1621060	Amnat Charoen	TH	34769
1734308	Dungun	MY	34767
726872	두프니차	BG	34764
922559	Mokambo	CD	34762
2270985	Beja	PT	34760
2817783	Vegesack	DE	34757
1818266	Yau Tong	HK	34755
2654579	브롬스그로브	GB	34755
6545089	Cuatro Caminos	ES	34753
3448552	São Luiz Gonzaga	BR	34752
580062	Aznakayevo	RU	34750
4164092	Merritt Island	US	34743
2644531	리치필드	GB	34738
2755434	호린험	NL	34736
995094	Humansdorp	ZA	34733
283506	Janīn	PS	34730
1257855	Safidon	IN	34728
3036016	오리야크	FR	34724
360471	Al Waqf	EG	34723
5119383	Greenpoint	US	34719
949282	Theunissen	ZA	34718
3107418	Tudela	ES	34717
1682478	Teresa	PH	34716
2658216	Uster	CH	34715
11612333	Awa	JP	34713
2595758	Le Plateau	SN	34713
2658576	시옹	CH	34708
1854444	Ojiya	JP	34704
3101076	Czechowice-Dziedzice	PL	34703
3480899	La Guardia	VE	34700
4177865	West Little River	US	34699
2797779	헤일	BE	34697
371745	Kutum	SD	34694
5148480	브런즈윅	US	34689
3129046	Azuqueca de Henares	ES	34685
3634965	La Vela de Coro	VE	34680
2847639	Rheinfelden	DE	34674
163811	Tādif	SY	34670
584441	아빈스크	RU	34668
10524016	Bolārum	IN	34667
5917781	Cartierville	CA	34667
293992	Ofaqim	IL	34666
1243936	Homagama	LK	34664
1277005	바라일리	IN	34663
360819	Al Maḩmūdīyah	EG	34660
10924923	Erāmala	IN	34658
12420928	Huangdi	CN	34658
3740016	Ti Port-de-Paix	HT	34657
3460738	Itapemirim	BR	34656
10137154	Taoyuan	CN	34655
3451102	Rio Pardo	BR	34654
1256532	Shikārpūr	IN	34649
1809034	Haitou	CN	34648
1855694	나메리카와 시	JP	34638
1257369	Sankeshwar	IN	34637
8858093	Fraccionamiento Real Palmas	MX	34636
1809193	Guxi	CN	34633
5391891	San Dimas	US	34630
2111441	Okunoya	JP	34627
3045643	셜고터랸	HU	34627
6067494	Mascouche	CA	34626
6075061	Mirabel	CA	34626
2739848	Esposende	PT	34625
4903858	North Center	US	34623
4479946	먼로	US	34623
13589212	Lawson	CA	34620
3648386	Bejuma	VE	34618
5310193	Queen Creek	US	34614
1337239	Pīrgaaj	BD	34606
3181258	Caivano	IT	34604
3515259	San Miguel Topilejo	MX	34603
2510116	우베다	ES	34602
3844298	San José de Metán	AR	34601
3537840	Santa Cruz del Sur	CU	34601
2828105	Steinfurt	DE	34601
2746005	Uden	NL	34601
2525597	Barcellona Pozzo di Gotto	IT	34598
5848189	카네오헤	US	34597
1608531	Nakhon Phanom	TH	34595
5155393	Gahanna	US	34590
1171376	Malakwal	PK	34589
3623977	Curridabat	CR	34586
4274317	Leawood	US	34579
2636465	Swadlincote	GB	34576
5971859	Hastings-Sunrise	CA	34575
566181	Dinskaya	RU	34573
2157698	밀두라	AU	34565
949683	Thabazimbi	ZA	34561
1185276	Bājitpur	BD	34560
1832215	연일	KR	34560
1855891	Nakamura	JP	34559
8572879	Ōizumi-gakuenchō	JP	34557
3176923	Fiumicino	IT	34556
1267742	Karjat	IN	34554
12420934	Tage'erqi	CN	34554
1791188	Wujia	CN	34549
3174358	Maddaloni	IT	34546
2520709	Burriana	ES	34544
1606376	Satun	TH	34544
1846544	장흥	KR	34544
4547407	Owasso	US	34542
8416217	Longqiao	CN	34541
2609906	발티스크	RU	34540
5085382	Derry Village	US	34539
8436351	시기쇼아라	RO	34537
1277684	Bakhtiyārpur	IN	34533
2522333	아길라스	ES	34533
3064104	Třebíč	CZ	34530
2670879	Sundbyberg	SE	34529
2438774	Tibiri	NE	34529
1277924	Bagasra	IN	34521
3588476	Tecpán Guatemala	GT	34519
142247	Bāft	IR	34517
2490297	Makouda	DZ	34515
3467319	Capela	BR	34514
552951	카라불라크	RU	34511
7348380	Wuying	CN	34509
7302631	Canning Vale	AU	34504
13353556	Villiappally	IN	34502
713195	Arshyntseve	UA	34500
331958	Logīya	ET	34500
13580112	Teremky	UA	34500
830844	Trëkhgornyy	RU	34500
687116	Zhmerynka	UA	34498
2281951	Sassandra	CI	34492
618456	카훌	MD	34492
673441	Miercurea-Ciuc	RO	34484
6825494	우오누마 시	JP	34483
2796696	Halle	BE	34479
7576656	Aymanam	IN	34470
133595	Gerāsh	IR	34469
2990612	Neuilly-sur-Marne	FR	34465
2166143	Frankston East	AU	34457
5102213	Orange	US	34457
516716	누를라트	RU	34451
5112078	Central Islip	US	34450
7348465	Lianhua	CN	34447
3621505	San Vicente	CR	34447
6612154	San Vicente de Moravia	CR	34447
2525769	Adrano	IT	34446
3672653	Paz de Ariporo	CO	34446
3470164	Bela Vista de Goiás	BR	34445
2795730	Hoboken	BE	34443
1285606	Ye	MM	34430
3175986	Gorizia	IT	34428
6174151	Victoriaville	CA	34426
1207047	Char Bhadrāsan	BD	34423
1520253	Zharkent	KZ	34422
617180	운게니	MD	34422
3546882	Minas de Matahambre	CU	34419
2129427	Kuji	JP	34418
5907983	Brant	CA	34415
2953089	Balingen	DE	34414
2508010	’Aïn Merane	DZ	34413
5203506	노리스타운	US	34412
3460665	Itaporanga d'Ajuda	BR	34411
3451121	Rio Negro	BR	34411
4900611	Lower West Side	US	34410
978895	Margate	ZA	34407
3625965	Tucacas	VE	34407
514198	Ostrogozhsk	RU	34403
2301190	엘미나	GH	34403
3605186	Macuelizo	HN	34401
1608269	Nong Bua Lamphu	TH	34401
1513040	Paxtaobod	UZ	34400
1278602	Angamāli	IN	34399
5115614	Dyker Heights	US	34399
711515	Boyarka	UA	34394
3177400	Empoli	IT	34394
2542866	Mechraa Bel Ksiri	MA	34393
11612559	Gotō	JP	34391
2412452	Nema Kunku	GM	34390
5118670	Glendale	US	34389
3388868	São Domingos do Maranhão	BR	34384
1693870	Pila	PH	34383
1253169	Villianur	IN	34383
3996626	Maravatío de Ocampo	MX	34381
3430668	Miramar	AR	34380
3142657	포르스그룬	NO	34377
2501440	Cherchell	DZ	34372
1263707	Manipal	IN	34370
2998431	리에뱅	FR	34370
3038634	아쟁	FR	34367
2833641	Seelze	DE	34364
1265143	Lālsot	IN	34363
8457516	Mehidpur	IN	34362
545626	콘도포가	RU	34360
3697033	Ferreñafe	PE	34357
11549791	el Camp d'en Grassot i Gràcia Nova	ES	34356
2649578	Felling	GB	34355
1862505	Hirara	JP	34354
1854774	Ōdachō-ōda	JP	34354
6317503	Mãe do Rio	BR	34353
3088461	폴리체	PL	34350
3448824	São Joaquim de Bicas	BR	34348
913323	Kaoma	ZM	34347
3470776	Barra Bonita	BR	34346
35017	Hādīshahr	IR	34346
935255	Sainte-Marie	RE	34344
5773304	Cottonwood Heights	US	34343
1863592	고조 시	JP	34342
10688581	Soyāgaon	IN	34341
1167142	Ranipur	PK	34337
2653121	치즈윅	GB	34337
548625	Kinel’	RU	34336
160660	Chalinze	TZ	34335
4624180	Gallatin	US	34334
2743373	Afurada de Baixo	PT	34332
3176733	Formigine	IT	34328
150276	Same	TZ	34322
1257409	Sāngola	IN	34321
1849647	Tsuma	JP	34318
654440	Kangasala	FI	34315
1702077	Manapla	PH	34312
1194575	Mātuail	BD	34310
3101057	Czeladź	PL	34308
8435739	Kristiine	EE	34306
2783941	우아브르	BE	34305
489088	스타라야루사	RU	34303
7911405	Isingiro	UG	34300
1788725	Xinmiao	CN	34299
1842016	군위	KR	34293
4328010	호마	US	34287
3017341	Franconville	FR	34284
4013710	José Mariano Jiménez	MX	34281
5389213	Rubidoux	US	34280
349600	Sāqultah	EG	34273
3387663	Sertânia	BR	34271
3393876	Nova Cruz	BR	34269
3883615	Lautaro	CL	34268
3449304	São Desidério	BR	34266
1253330	Vedaraniyam	IN	34266
2303026	Bimbila	GH	34262
3183284	Alghero	IT	34261
789403	Kochani	MK	34258
1162855	Utmanzai	PK	34257
1249931	Beruwala	LK	34250
1784750	Zhelou	CN	34250
2664996	바르베리	SE	34248
2045311	아오지	KP	34248
314188	Göksun	TR	34243
10929715	Kuruvattūr	IN	34241
1863426	Katsuren-haebaru	JP	34239
576116	블라고베셴스크	RU	34238
124274	Mahrīz	IR	34237
1688859	San Nicolas	PH	34237
8858094	Pórticos de San Antonio	MX	34234
1864945	아타미 시	JP	34233
692818	Starokostyantyniv	UA	34232
3172472	Mugnano di Napoli	IT	34231
164816	Saraqib	SY	34231
13454596	Serra do Ramalho	BR	34222
2471287	Douz	TN	34221
33069	Ferdowsīyeh	IR	34221
5150792	Collinwood	US	34220
1222662	Razzakov	KG	34219
1262669	Muddebihāl	IN	34217
3600358	Victoria	HN	34215
319104	Çay	TR	34215
1214294	Pangururan	ID	34209
4832038	Glendale Heights	US	34208
1261664	Navāpur	IN	34207
3653873	Naranjito	EC	34206
76991	Bayt al Faqīh	YE	34204
3175298	Ladispoli	IT	34204
3170676	Pioltello	IT	34203
337010	Gelemso	ET	34200
1162261	Zaida	PK	34200
345731	Ābīy Ādī	ET	34200
1082992	Ambatolampy	MG	34198
2871845	Meppen	DE	34198
1593041	Ấp Long Thạnh	VN	34198
3670199	San Antero	CO	34196
2905826	Herrenberg	DE	34192
1267203	Khāchrod	IN	34191
5642934	Butte	US	34190
3353540	Rehoboth	NA	34185
1632859	Pandaan	ID	34184
5341483	데이나포인트	US	34181
3401331	Curaçá	BR	34180
147982	Imishli	AZ	34178
1185218	Gafargaon	BD	34177
7302853	Yanamalakuduru	IN	34177
4101241	벤턴	US	34177
13353617	Malajkhand	IN	34176
4095415	Vestavia Hills	US	34174
3044760	섹사르드	HU	34174
3089658	오시비엥침	PL	34170
5364059	La Presa	US	34169
2635603	Totton	GB	34169
3099828	Dzierżoniów	PL	34168
8358563	Ágioi Anárgyroi	GR	34168
2483968	Râs el Aïoun	DZ	34167
4776970	Oakton	US	34166
3647462	Caja Seca	VE	34165
13157138	Vapi INA	IN	34162
1265591	쿠니갈	IN	34155
3168854	Rovereto	IT	34152
694864	Sambir	UA	34152
1268662	Kadūr	IN	34151
6545114	el Poblenou	ES	34151
1623651	Tobelo	ID	34150
13353555	Chelambra	IN	34149
11809254	Miyashiro	JP	34147
1788590	Xintian	CN	34145
1270455	Hamīrpur	IN	34144
1491706	Slavgorod	RU	34141
2503654	Bordj Ghdir	DZ	34136
1258124	Risod	IN	34136
1266330	코크라하르	IN	34136
1268381	Kālka	IN	34134
1261639	Nawābganj	IN	34134
13132740	Fusō	JP	34133
2646032	Irvine	GB	34130
1568616	Đông Phú	VN	34122
2855525	Papenburg	DE	34117
1783793	Zhuxi	CN	34113
3669454	San Juan Nepomuceno	CO	34110
3455425	Palmeira	BR	34109
3542455	Remedios	CU	34108
1308464	Mawlamyinegyunn	MM	34107
1268651	Kāgal	IN	34106
2891643	Kempen	DE	34105
3587426	Ahuachapán	SV	34102
342856	Bako	ET	34100
13580114	Oleksandrivska Slobidka	UA	34100
2183310	Rolleston	NZ	34100
264516	Argyroúpoli	GR	34097
134602	Fereydūn Kenār	IR	34097
1260363	Pārassāla	IN	34096
4557137	체스터	US	34092
1012413	Cullinan	ZA	34087
3407903	Almeirim	BR	34076
3160881	보되	NO	34073
3452982	Portão	BR	34071
3671091	Quinchía	CO	34069
1254304	Titlāgarh	IN	34067
538340	쿠시바	RU	34058
2042498	Ranam	KP	34055
5804127	마운트버넌	US	34053
2304548	Anloga	GH	34050
3649100	Aragua de Barcelona	VE	34048
3170674	Piombino	IT	34041
161154	Biharamulo	TZ	34038
3530513	Coatzintla	MX	34036
12749860	Középső-Ferencváros	HU	34036
3838227	Salto	AR	34034
5399438	Studio City	US	34034
1276621	Begamganj	IN	34031
1262270	Nagalapuram	IN	34026
1731528	Aliaga	PH	34020
1269327	Jāmkhed	IN	34017
4489985	Salisbury	US	34017
2921528	Geldern	DE	34013
2557055	아실라	MA	34011
1271911	Fatehpur	IN	34010
3453245	Pomerode	BR	34010
2271961	Almada	PT	34008
136156	Dīvāndarreh	IR	34007
4170174	Riviera Beach	US	34005
478130	Ust’-Dzheguta	RU	34001
876482	Cazombo	AO	34000
2241954	Cazombo	AO	34000
62780	Fadhigaradle	ET	34000
155569	Lushoto	TZ	34000
6311121	Neefkuceliye	ET	34000
6693230	Villa Santa Rita	AR	34000
343050	Āykel	ET	34000
3397983	Itaíba	BR	33995
12324245	Liushan	CN	33992
8224216	Letchworth Garden City	GB	33990
2802960	오데르겜	BE	33984
8417108	Longfeng	CN	33981
2885408	Kornwestheim	DE	33980
6254845	Dipayal	NP	33968
1904024	Lüfeng	CN	33968
6074409	Mimico	CA	33964
5379566	Orangevale	US	33960
13353554	Elampalloor	IN	33959
4904996	Oswego	US	33955
12450871	Yawa	CN	33949
1269102	Jayamkondacholapuram	IN	33945
3395100	Matões	BR	33943
6317056	Eldorado dos Carajás	BR	33940
2596898	Ahouanou	CI	33939
5293996	엘 미라지	US	33935
149792	Somanda	TZ	33932
2532171	Tabount	MA	33929
5815538	West Lake Sammamish	US	33929
3617448	Ocotal	NI	33928
4932869	Chelmsford	US	33925
4363836	North Bel Air	US	33925
1254136	Tudiyalūr	IN	33924
11462864	Ālankōd	IN	33918
4985180	베이시티	US	33917
2894553	Jülich	DE	33911
932183	Quthing	LS	33910
11611474	Tōon	JP	33903
1256705	Shāhpura	IN	33895
4713735	Nacogdoches	US	33894
2356228	Réo	BF	33894
4950898	Shrewsbury	US	33893
13607888	Dakota Ridge	US	33892
5739936	맥민빌	US	33892
6078112	무스조	CA	33890
2653086	Chorley	GB	33888
2208425	주와라	LY	33887
2753355	IJsselstein	NL	33886
2879697	Leer	DE	33886
2962308	내번	IE	33886
11549979	Opañel	ES	33883
12324259	Wushan	CN	33881
3601403	Sabá	HN	33879
4885565	Bridgeport	US	33878
100926	Umluj	SA	33874
3460548	Itiúba	BR	33872
2127515	왓카나이 시	JP	33869
3496021	Nagua	DO	33862
13118139	Peng Siang	SG	33860
62691	Ceerigaabo	SO	33853
10910205	Elayavur	IN	33853
4190581	돌턴	US	33853
3448558	São Luís de Montes Belos	BR	33852
1270750	Guledagudda	IN	33851
1729613	Baclaran	PH	33850
940509	Wembesi	ZA	33849
2504553	Beni Tamou	DZ	33846
2655729	Bicester	GB	33846
3685871	Corinto	CO	33846
2647248	Haywards Heath	GB	33845
4364537	Olney	US	33844
940186	Whittlesea	ZA	33844
3047211	Óbuda	HU	33836
5223681	North Providence	US	33835
3394892	Miguel Alves	BR	33833
201865	Nzega	RW	33832
2494962	Hadjout	DZ	33830
11499877	Iramallūr	IN	33829
1828090	Kandoeng	KH	33827
785380	Strumica	MK	33825
54715	Luuq	SO	33820
6295548	Zürich (Kreis 7)	CH	33820
2877648	림부르크안데어란	DE	33820
3993335	Parras de la Fuente	MX	33817
4143861	뉴어크	US	33817
8097131	Oak Hill	US	33811
9633084	Hikiso	JP	33810
4685737	Deer Park	US	33806
1818721	Tai Kok Tsui	HK	33801
12626157	Parc-Extension	CA	33800
3548529	Madruga	CU	33798
2509588	Villajoyosa	ES	33797
2152558	Preston	AU	33790
3180224	Casalecchio di Reno	IT	33789
2265432	Olivais	PT	33788
1259530	Piro	IN	33785
2304931	Akwatia	GH	33784
6316906	Concórdia do Pará	BR	33781
2794210	크노커헤이스트	BE	33781
1270598	Guskhara	IN	33780
2460013	Bla	ML	33779
3469115	Braço do Norte	BR	33773
1794682	Shuangjiang	CN	33771
3587362	Antiguo Cuscatlán	SV	33767
2505915	Azzaba	DZ	33766
3671348	Puerto Rico	CO	33765
763523	Nowy Targ	PL	33763
1253805	Umreth	IN	33762
682747	Caracal	RO	33761
6101141	Penticton	CA	33761
3472338	Américo Brasiliense	BR	33757
1261748	Narsīpatnam	IN	33757
3398480	Gurupá	BR	33755
1277808	Bahjoi	IN	33752
8334625	Fennpfuhl	DE	33751
3460225	Jaguarari	BR	33746
3445459	Várzea da Palma	BR	33744
4996248	홀랜드	US	33742
1272857	Dharmābād	IN	33741
3166917	Schio	IT	33740
2390513	Baboua	CF	33739
8858095	San Isidro	MX	33737
3514148	Zacatlán	MX	33736
1231410	파나두라	LK	33735
6619506	Chockli	IN	33732
1174653	Kashmor	PK	33732
630752	Ylöjärvi	FI	33731
304782	마르마리스	TR	33731
2834629	Schwedt (Oder)	DE	33730
2473466	El Ksar	TN	33729
3397675	Jaguaribe	BR	33726
13589240	Arcola East	CA	33725
3406202	Barreirinha	BR	33722
3671615	Puebloviejo	CO	33720
8403619	Shuanghekou	CN	33715
1711829	Hermosa	PH	33714
2919625	Goch	DE	33706
1253275	Vemalwāda	IN	33706
1511368	Artëmovskiy	RU	33700
1273856	Colgong	IN	33700
129512	Kalāleh	IR	33700
228448	Nakaloke	UG	33700
6417459	크라스노즈나멘스크	RU	33700
1857357	Mie	JP	33695
6301965	Palmerston	AU	33695
3175121	L'Aquila	IT	33691
1276731	Bāsudebpur	IN	33690
2980558	Sainte-Geneviève-des-Bois	FR	33689
3608503	Juticalpa	HN	33686
2995150	모뵈주	FR	33684
1639286	Kuala Tungkal	ID	33683
5140945	Throgs Neck	US	33683
430952	Kayanza	BI	33682
11288639	Mirafiori Sud	IT	33677
3453467	Pitangueiras	BR	33674
3178004	Corsico	IT	33669
1625708	Tabanan	ID	33667
1258930	Rājākhera	IN	33666
4904056	Northbrook	US	33663
3454213	Penha	BR	33663
3471849	Araçoiaba da Serra	BR	33656
5157588	Hilliard	US	33649
3534761	Unión de Reyes	CU	33646
1854022	Ono	JP	33640
1270530	Hailākāndi	IN	33637
5815342	Wenatchee	US	33636
3617154	Puerto Cabezas	NI	33635
1851713	쇼바라 시	JP	33633
1269581	Jagatsinghapur	IN	33631
2090409	Mount Hagen	PG	33623
509987	Petrovsk	RU	33622
2786963	Schoten	BE	33622
8417104	Fuxing	CN	33621
13495376	Fairview	CA	33620
877178	카티마물릴로	NA	33615
2504703	Beni Douala	DZ	33611
2222568	Pitoa	CM	33610
418868	Dowlatābād	IR	33607
1732602	Jerantut	MY	33606
1638217	Lebaksiu	ID	33606
1854923	Higashinozoe	JP	33604
1294547	Tangyan	MM	33603
1184655	Alipur	PK	33601
6317924	Peixoto de Azevedo	BR	33599
3336892	Ostfildern	DE	33598
3667820	Sonsón	CO	33598
5097773	Fair Lawn	US	33597
5062458	웨스트 파고	US	33597
1059949	Maromandia	MG	33596
3456696	Morro do Chapéu	BR	33594
4203696	Kennesaw	US	33584
1638870	Labuan	ID	33576
2507912	Aïn Taya	DZ	33575
3928679	Sicuani	PE	33575
3070420	Modřany	CZ	33574
2150894	Rowville	AU	33571
2219235	Ubari	LY	33569
3468535	Cachoeira	BR	33567
264888	Áno Liósia	GR	33565
2229681	Lagdo	CM	33564
1857651	Maruoka	JP	33563
1271413	Gevrai	IN	33562
2401578	Bitam	GA	33561
3167419	Sant'Antimo	IT	33561
1725991	Bauan	PH	33560
5128481	New City	US	33559
2239149	Mussende	AO	33558
2634616	Wednesfield	GB	33555
5125086	롱비치	US	33550
1183992	Bāgh	PK	33548
3468560	Caçapava do Sul	BR	33548
2289515	Dianra	CI	33548
1725919	Bay	PH	33547
3631208	Ospino	VE	33547
1635164	Mlonggo	ID	33542
244878	Biltine	TD	33540
1264540	Madikeri	IN	33540
1234378	Mulleriyawa	LK	33540
2923588	Fürstenwalde	DE	33539
1266164	Kopāganj	IN	33539
3712455	Chilibre	PA	33536
7091912	Ban Ratsada	TH	33534
2923625	Fürstenfeldbruck	DE	33533
4305974	리치먼드	US	33533
3164617	Venaria Reale	IT	33531
1023713	Acornhoek	ZA	33529
378271	As Sūkī	SD	33524
3115093	Olot	ES	33524
3089779	Ostróda	PL	33524
1151074	Prachuap Khiri Khan	TH	33521
3469399	Bom Retiro	BR	33520
13512353	Surrey City Centre	CA	33520
2929715	Erding	DE	33519
3429902	Pontevedra	AR	33515
7259061	Suitland-Silver Hill	US	33515
4351383	Chillum	US	33513
2966022	브레이	IE	33512
136399	Delījān	IR	33508
3390326	Ribeirão	BR	33507
6648117	Chamrān	IR	33505
3035403	바뇰레	FR	33504
1581225	Hàm Ninh	VN	33503
2375254	Bafatá	GW	33502
6955408	Naujininkai	LT	33500
496275	Severoural’sk	RU	33500
1254673	Thāna Bhawan	IN	33498
2267226	Lagos	PT	33494
1516788	Zhangatas	KZ	33492
2167279	Epping	AU	33489
1710222	Jetafe	PH	33485
1259231	Pūndri	IN	33484
6317166	Fraiburgo	BR	33481
3353811	Otjiwarongo	NA	33481
1525988	Ayagoz	KZ	33479
2269514	Castelo Branco	PT	33479
1253557	Vagholi	IN	33479
1735339	Mukah	MY	33478
1861816	Ikaruga	JP	33477
5350159	포스터시티	US	33477
2659496	뇌샤텔	CH	33475
2521893	Almendralejo	ES	33468
1689129	San Luis	PH	33467
3385726	Urbano Santos	BR	33459
2110586	Watari	JP	33459
1800982	Mawang	CN	33456
1169187	Naudero	PK	33455
3116527	Montcada i Reixac	ES	33453
4511263	Fairborn	US	33452
1795544	Shetan	CN	33452
5372223	멘로파크	US	33449
3895061	Chimbarongo	CL	33446
3073371	콜린	CZ	33444
1275506	Birmitrapur	IN	33442
688860	Voznesensk	UA	33442
8436065	시카고 루프	US	33442
3667918	Sitionuevo	CO	33440
11962393	Barra Funda	BR	33436
3400541	Exu	BR	33436
11611479	Yamanashi	JP	33435
4681462	Cibolo	US	33433
3394549	Monteiro	BR	33433
1018673	Bloemhof	ZA	33432
1274532	차쿠스	IN	33432
469844	Yablonovskiy	RU	33431
5365603	Lawndale	US	33430
5914132	캠벨리버	CA	33430
1241750	Kandana	LK	33424
2357062	Orodara	BF	33422
2467521	La Sebala du Mornag	TN	33421
2779674	Feldkirch	AT	33420
2466698	Sidi Abid	TN	33419
1273448	Darsi	IN	33418
3176603	Francavilla Fontana	IT	33415
547849	Kizilyurt	RU	33411
2885397	Korschenbroich	DE	33406
3598128	Ciudad Vieja	GT	33405
4200671	Hinesville	US	33398
1252698	Zaidpur	IN	33397
997751	Harrismith	ZA	33390
523405	Nartkala	RU	33390
555746	이스트라	RU	33390
3451474	Riachão do Jacuípe	BR	33386
1649163	Bengkayang	ID	33385
2756059	Epe	NL	33385
4740328	웍서해치	US	33384
1307101	Namhkam	MM	33382
161950	Gökdepe	TM	33381
2636619	Strood	GB	33381
7259034	St. Charles	US	33379
1258229	Remuna	IN	33378
4557264	Cobbs Creek	US	33373
11463136	Puthenvelikara	IN	33372
4917089	Woodridge	US	33370
1278768	Āmli	IN	33369
3167895	Borgo San Paolo	IT	33366
4150115	Carrollwood	US	33365
497927	Segezha	RU	33354
2498590	El Attaf	DZ	33349
2643556	Loughton	GB	33346
3936952	La Oroya	PE	33345
109131	Al Mithnab	SA	33341
6316450	Assis Chateaubriand	BR	33340
3675252	San Sebastián de Mariquita	CO	33340
935616	Le Port	RE	33336
6317824	Ourilândia do Norte	BR	33335
2111016	Shiroishi	JP	33330
2012484	Zima	RU	33323
7021270	Macuba	RW	33319
1623424	Tondano	ID	33317
2272215	Alcabideche	PT	33315
161901	Kaka	TM	33315
12156823	West Humber-Clairville	CA	33312
5330643	브렌트우드	US	33312
3461994	Guaíra	BR	33310
11612542	Soo	JP	33310
1278510	Anūpgarh	IN	33309
3589105	Santiago Atitlán	GT	33309
1670826	Beigang	TW	33300
2353257	Ziniaré	BF	33296
1714052	Dupax Del Norte	PH	33295
3393051	Estreito	BR	33294
2357371	Niangoloko	BF	33292
565778	Dobryanka	RU	33291
3397315	João Câmara	BR	33290
1308910	모인	MM	33290
1670697	Beidou	TW	33289
8417531	Shuangfeng	CN	33282
3465209	Cravinhos	BR	33281
3091217	Myszków	PL	33273
2792397	리르	BE	33272
933141	Ramotswa	BW	33271
3531784	Calpulalpan	MX	33263
12219798	Farīj Kulayb	QA	33263
12242742	Farīj al Amīr	QA	33263
318755	Çeşme	TR	33259
2937040	Dietzenbach	DE	33256
13494093	Chomphon	TH	33250
404592	Vaḩīdīyeh	IR	33249
8420881	Vaḩīdīyeh	IR	33249
5212870	Somerton	US	33247
3080231	즈고젤레츠	PL	33247
1257638	Salāya	IN	33246
11532691	Idangansālai	IN	33245
1487394	Verkhniy Ufaley	RU	33245
1219002	아타무라트	TM	33242
4890925	Elk Grove Village	US	33238
3467272	Capim Grosso	BR	33235
3395458	Maragogi	BR	33232
1831133	Kampong Speu	KH	33231
2975758	소뮈르	FR	33229
4905599	Pekin	US	33223
5530932	Socorro	US	33222
1266087	Kosamba	IN	33221
2112455	가쿠다 시	JP	33221
1732858	Gerisek	MY	33217
3455416	Palmeira das Missões	BR	33216
3180208	Casale Monferrato	IT	33213
3407353	Araguatins	BR	33205
3362349	Robertson	ZA	33204
1513245	Manghit	UZ	33200
1276782	Basavana Bāgevādi	IN	33198
5116508	Elmont	US	33198
1862098	Hotaka	JP	33195
1160544	Khvāf	IR	33189
3032797	비아리츠	FR	33188
3129877	Aranda de Duero	ES	33187
1262626	Muhammadābād	IN	33186
972803	Mtubatuba	ZA	33182
2652095	Cramlington	GB	33180
3188893	트레비네	BA	33178
8403609	Xiongjia	CN	33176
5322400	아델란토	US	33166
1265220	Lakhyabad	IN	33162
5783695	Tooele	US	33157
383388	Siaya	KE	33153
2292324	Balakouya	CI	33150
2112940	Fujishiro	JP	33148
3689833	Anserma	CO	33146
4156931	Golden Glades	US	33145
4332628	Marrero	US	33141
1816904	Baocheng	CN	33138
3620390	Chichigalpa	NI	33137
3491948	Villa Bisonó	DO	33137
1830468	Koh Kong	KH	33134
4997384	Jackson	US	33133
12440489	Bayandai	CN	33131
13157005	Aya Nagar	IN	33123
2255285	Sibiti	CG	33122
5349803	Foothill Farms	US	33121
3433663	Gualeguay	AR	33120
1577859	Thị Trấn Lam Sơn	VN	33117
1253863	Umaria	IN	33114
3010025	라시오타	FR	33113
157107	Kirando	TZ	33111
688723	Vyshhorod	UA	33109
672486	Năvodari	RO	33106
12718681	Laâttaouia	MA	33103
505259	Primorsko-Akhtarsk	RU	33102
12958682	Bom Jardim	BR	33100
13527316	São Lázaro	CN	33100
2291779	Béoumi	CI	33089
3020495	에시롤	FR	33088
3402528	Catende	BR	33086
2498614	El Arrouch	DZ	33085
5421250	New Dawn Rejuvenation	US	33082
1274755	Chanderi	IN	33081
4683244	Copperas Cove	US	33081
5108111	Bath Beach	US	33080
11612540	Minamikyushu	JP	33080
10877918	Ajānūr	IN	33079
1822610	Prey Veng	KH	33079
543605	Kotovsk	RU	33077
1005544	Empangeni	ZA	33075
890983	Gokwe	ZW	33073
11185818	Manendragarh	IN	33071
3988327	Ciudad Sabinas Hidalgo	MX	33068
2650285	Ebbw Vale	GB	33068
2641689	Newbury	GB	33065
3181495	Brugherio	IT	33061
553725	Kamenka	RU	33060
10062599	Pašilaičiai	LT	33056
3447059	Taiobeiras	BR	33050
69559	Yarīm	YE	33050
2895569	Itzehoe	DE	33047
3672093	Pivijay	CO	33047
1065531	Didy	MG	33039
3386213	Touros	BR	33035
5121650	Huntington Station	US	33029
3090205	Oława	PL	33029
11549954	Pacífico	ES	33027
5394136	Seaside	US	33025
1258674	Rāmgarh	IN	33024
5071348	카니	US	33021
1526265	아랄	KZ	33017
4218165	Redan	US	33015
1737185	Kapit	MY	33014
5261585	Manitowoc	US	33010
580660	Asha	RU	33006
1276355	Bhādāsar	IN	33006
12070065	Avvocata	IT	33001
1081199	Ambodimanga II	MG	33000
11594317	Burglesum	DE	33000
13607610	Minskyi Masyv	UA	33000
6082322	Mount Pleasant	CA	33000
6559327	North Watford	GB	33000
1513953	Qorasuv	UZ	33000
5144580	Williamsburg	US	33000
2218963	Zintan	LY	33000
1523741	Esik	KZ	32995
2968748	빌프랑슈쉬르손	FR	32994
2287653	Kahin	CI	32991
3046686	파퍼	HU	32990
4920808	Goshen	US	32983
1797100	Ronglong	CN	32983
13308740	Shawei	CN	32980
2851077	Radebeul	DE	32979
12718684	Sidi Slimane Echcharaa	MA	32979
2483761	Reggane	DZ	32974
4908737	St. Charles	US	32974
2498667	El Aouinet	DZ	32971
8405717	Jukui	CN	32971
2148928	Southport	AU	32965
2993458	모나코	MC	32965
4157467	Greenacres City	US	32963
3897334	칼부코	CL	32963
3669218	San Onofre	CO	32957
13562300	Mt Pleasant	CA	32955
5123533	Kiryas Joel	US	32954
12156853	Mount Olive-Silverstone-Jamestown	CA	32954
1150732	San Kamphaeng	TH	32950
3460825	Itamarandiba	BR	32948
3988594	Río Grande	MX	32944
2247813	Ndibène Dahra	SN	32941
415561	Badr	EG	32940
3052040	죈죄시	HU	32938
529073	Marks	RU	32929
6822218	모토스 시	JP	32928
1852109	Shingū	JP	32927
2640085	포터다운	GB	32926
129933	Jūybār	IR	32924
1088155	Mutuáli	MZ	32921
12076699	Washwood Heath	GB	32921
361405	Al Başalīyah Baḩrī	EG	32920
11488243	Srvanampatti	IN	32920
2942056	Buer	DE	32919
2525405	Canicattì	IT	32918
11903637	Jakomini	AT	32912
3632198	Miranda	VE	32907
234088	Busesa	UG	32900
149418	Tumbi	TZ	32900
2220853	Yokadouma	CM	32900
174875	카판	AM	32900
2453776	Moninnpébougou	ML	32899
1260063	Patrātu	IN	32899
1275865	보카르	IN	32899
4368711	솔즈베리	US	32899
4191955	Douglasville	US	32897
2144528	와람불	AU	32894
10104153	Silver Lake	US	32890
3472969	Aguaí	BR	32888
1799845	Nanping	CN	32888
11612541	Minamisatsuma	JP	32887
2295692	Sakumona	GH	32886
2413515	파라페니	GM	32883
7262349	Security-Widefield	US	32882
3173385	Mira Taglio	IT	32881
2508130	’Aïn el Melh	DZ	32880
2742493	Bairro Novo	PT	32876
1713018	General Tinio	PH	32875
1257477	Sānchor	IN	32875
2654715	Brighouse	GB	32872
3181018	Campi Bisenzio	IT	32871
13494586	Kurumbapet	IN	32871
2959681	Achim	DE	32870
678306	Feteşti	RO	32866
1625067	Tanggulangin	ID	32866
3384986	Vitória do Mearim	BR	32861
3446974	Tanguá	BR	32858
12358564	Wuhe	CN	32858
1268616	카임간지	IN	32858
2230599	Kaélé	CM	32853
1848243	Yorii	JP	32851
3393762	Oeiras do Pará	BR	32850
2290648	Buyo	CI	32847
5814450	University Place	US	32842
409361	Awlād Şaqr	EG	32840
2642135	머더웰	GB	32840
1277482	Bāmaur	IN	32838
997140	Heilbron	ZA	32836
3171703	Pagani	IT	32835
1269239	Jānjgīr	IN	32833
1272101	Egra	IN	32832
1809338	Guofu	CN	32831
2233805	Bogo	CM	32830
7289731	Eunos	SG	32820
5807540	Pullman	US	32816
2747063	스네이크	NL	32811
3437526	필라르	PY	32810
3461481	Igrejinha	BR	32808
3077835	헤프	CZ	32808
1275719	Bihārīganj	IN	32805
3391571	Pombal	BR	32802
223890	디크힐	DJ	32801
1570880	Thị Trấn Phố Lu	VN	32800
3446556	Teutônia	BR	32797
3515665	Ticul	MX	32796
3471451	Arraial do Cabo	BR	32794
731233	Gorna Oryahovitsa	BG	32792
2755616	Geleen	NL	32790
260989	Kardítsa	GR	32789
2739868	Espinho	PT	32786
3183573	Abbiategrasso	IT	32784
11549950	Universidad	ES	32783
2751285	Maassluis	NL	32780
3526593	Jáltipan de Morelos	MX	32778
1834885	당진시	KR	32778
2496059	Gdyel	DZ	32774
3846864	Lincoln	AR	32773
3067542	프르지브람	CZ	32773
11612694	Asakuchi	JP	32772
11612342	Yufu	JP	32772
301539	Şarkîkaraağaç	TR	32771
558118	구데르메스	RU	32769
1860648	Kameda-honchō	JP	32765
1068670	Bealanana	MG	32764
362028	Abu Suweir-el-Mahatta	EG	32763
1262382	Mushābani	IN	32761
377962	Babanūsah	SD	32759
1253987	Udaipur	IN	32758
1580541	호이안	VN	32757
3272460	Mörfelden-Walldorf	DE	32753
1514716	Oyim	UZ	32750
4916028	West Lawn	US	32749
3169424	Riccione	IT	32744
1272610	Dighwāra	IN	32741
1261468	Ngūr	IN	32734
5202215	Mount Lebanon	US	32730
1271563	Garhākota	IN	32726
454310	Ventspils	LV	32723
3405908	Bela Cruz	BR	32722
6050177	LaSalle	CA	32721
2429158	Léré	TD	32721
4016132	Víctor Rosales	MX	32721
5583509	Windsor	US	32716
3026108	샤트네말라브리	FR	32715
2898321	Höxter	DE	32713
2104533	Panatina	SB	32712
4829762	Alabaster	US	32707
6698333	Casal Palocco	IT	32706
3388112	São Sebastião	BR	32701
1732927	Sungkai	MY	32700
11463913	Vengola Kizhakkumbāgam	IN	32697
8400138	Jiulongshan	CN	32696
3460602	Itatiaia	BR	32694
1852358	Shimoda	JP	32694
2744514	Wijchen	NL	32693
4690198	Farmers Branch	US	32689
10684916	Mamun	IN	32689
11607796	Nānjikkottai	IN	32689
3448906	São João Batista	BR	32687
5378870	Oildale	US	32684
3467577	Canavieiras	BR	32683
13353616	Bijuri	IN	32682
2124615	Kholmsk	RU	32681
5364134	La Verne	US	32681
687997	Pivdenne	UA	32677
530849	말로야로슬라베츠	RU	32669
2492809	Kaïs	DZ	32668
2920757	Gevelsberg	DE	32664
4517698	Mason	US	32662
2807845	Winsen	DE	32662
2727234	Åkersberga	SE	32659
2791067	몰	BE	32659
4991735	Eastpointe	US	32657
5182529	Bustleton	US	32655
1271244	Ghugus	IN	32654
3389387	Santana do Acaraú	BR	32654
2376719	Sélibaby	MR	32653
1412008	Setharja Old	PK	32651
2110518	Yōkaichiba	JP	32651
5826027	Gillette	US	32649
6318186	Rorainópolis	BR	32647
3722124	Lenbe	HT	32645
476062	Velikiy Ustyug	RU	32642
2303878	Atebubu	GH	32641
1254908	Tārānagar	IN	32640
2862620	Nienburg	DE	32629
4927537	밸퍼레이조	US	32626
2817324	Viernheim	DE	32620
5778244	Midvale	US	32613
1261517	Nepānagar	IN	32611
2930043	Ennepetal	DE	32607
2973841	스탱	FR	32601
1185283	Badarganj	BD	32600
1607280	Prachin Buri	TH	32600
91083	Shaqlāwah	IQ	32599
10525092	Bādepalli	IN	32598
5139301	Spring Valley	US	32598
3398014	Irituia	BR	32595
1854492	Ōiso	JP	32595
240999	Alindao	CF	32588
2768442	Pradl	AT	32588
1261672	Nautanwa	IN	32587
1858249	Kuroda	JP	32586
11038553	Pīrzādagūda	IN	32586
11288647	San Donato	IT	32586
1270021	Hisua	IN	32585
7648816	Shamshabad	IN	32583
1253482	Vallabh Vidyanagar	IN	32581
2478226	Tamalous	DZ	32579
3515956	Tenosique	MX	32579
3466171	Cícero Dantas	BR	32576
1272008	Erraguntla	IN	32574
5134295	롬	US	32573
2482211	Sebdou	DZ	32570
2651495	Darwen	GB	32566
1710378	Jagna	PH	32566
6805124	Sik	MY	32565
89087	Al Abyār	LY	32563
1784157	Zhoujia	CN	32562
3453777	Pinhão	BR	32559
1286026	Wundwin	MM	32558
3097902	Iława	PL	32557
2418092	Lola	GN	32555
1147489	Bahārak	AF	32551
1272109	Edappāl	IN	32550
2508268	Aïn Bessem	DZ	32548
5598538	Lewiston	US	32544
7302836	Manuguru	IN	32539
1808783	Heba	CN	32538
1786242	Yongxing	CN	32535
1255705	Soro	IN	32531
3860164	Coronel Suárez	AR	32525
3877348	팡기푸이	CL	32525
1899102	나가토 시	JP	32519
6332479	웨스트빌리지	US	32518
6930641	인살라	DZ	32518
3451242	Rio Branco do Sul	BR	32517
2525764	Agrigento	IT	32514
2885732	Königs Wusterhausen	DE	32513
3392368	Penalva	BR	32511
11147658	Shimada	JP	32510
10929613	Ulliyeri	IN	32509
536206	Yubileyny	RU	32508
1808829	Haojiaqiao	CN	32507
2825422	Stuhr	DE	32507
202865	Karengera	RW	32504
13546520	Solomyanka	UA	32500
1257307	사오너	IN	32498
3650186	Vinces	EC	32497
3866496	Aguilares	AR	32494
161023	Bugarama	TZ	32494
11676045	Muttayyāpuram	IN	32494
2686469	외른셸스비크	SE	32493
2469088	Mateur	TN	32492
1848550	Yanai	JP	32490
2633771	Wisbech	GB	32489
1263591	Manwath	IN	32488
3166404	Somma Vesuviana	IT	32484
5164903	North Ridgeville	US	32483
993910	Jeffreys Bay	ZA	32477
4778626	피터스버그	US	32477
13645766	Ṣafādasht	IR	32476
1272970	Dhandhuka	IN	32475
11333755	Jūjūvādi	IN	32474
711669	Boryslav	UA	32473
597188	Mazeikiai	LT	32470
254352	레팀노	GR	32468
3994674	Nueva Italia de Ruiz	MX	32467
1270185	Hatta	IN	32465
4172094	Santa Rosa Beach	US	32459
427204	Cendajuru	BI	32458
3465373	Correntina	BR	32457
3862240	Caucete	AR	32454
995202	Howick	ZA	32453
566384	데스노고르스크	RU	32451
1795880	Shaodian	CN	32448
3868326	빅토리아	CL	32448
1269573	Jagdīspur	IN	32447
151599	Ngudu	TZ	32446
962330	Richmond	ZA	32445
1278974	Almora	IN	32442
3739143	Careiro	BR	32442
8223939	Thuraiyur	IN	32439
5427207	Ken Caryl	US	32438
320871	Bor	TR	32435
4366476	Randallstown	US	32430
2357163	Nouna	BF	32428
5176517	Westlake	US	32428
3854895	Granadero Baigorria	AR	32427
8457205	Awoshi	GH	32426
2718000	Danderyd	SE	32425
3126888	Cambrils	ES	32422
12420931	Mixia	CN	32419
3600340	Villa de San Antonio	HN	32419
3688071	Caicedonia	CO	32417
108841	Al-`Ula	SA	32413
6318324	Santana do Araguaia	BR	32413
252910	Thívai	GR	32410
3393832	Nova Russas	BR	32408
2881695	Lampertheim	DE	32400
1914158	Xiasi	CN	32400
11777018	Haruta	JP	32399
13132743	Ōharu	JP	32399
719311	Kazincbarcika	HU	32396
250461	Ḩayy al Quwaysimah	JO	32396
1736458	Kudat	MY	32393
120678	Farrokh Shahr	IR	32391
4957280	뱅고어	US	32391
4151352	Clermont	US	32390
533543	루호비치	RU	32387
10916655	Saknepalli	IN	32385
3026083	Châtillon	FR	32383
12687201	Gligbeuadji	CI	32380
2639583	Rayleigh	GB	32380
1642754	Jaten	ID	32378
1278532	Anta	IN	32377
2285449	Lakota	CI	32376
3979717	Zapotlanejo	MX	32376
3052236	괴될뢰	HU	32374
3453503	Pires do Rio	BR	32373
452949	Udomlya	RU	32373
3698194	Chocope	PE	32370
5275020	Sun Prairie	US	32365
491882	Slobodskoy	RU	32361
1800966	Mawu	CN	32360
1271789	Gajendragarh	IN	32359
4292686	조지타운	US	32356
1346630	Saybag	CN	32355
169113	Jayrūd	SY	32352
8436083	Greater Grand Crossing	US	32346
819740	Drozhzhino	RU	32345
1561210	Xóm Mỹ Xuân	VN	32345
3938396	Imperial	PE	32344
3934239	Nuevo Imperial	PE	32344
8398677	Futian	CN	32340
2949423	Biberach an der Riß	DE	32333
3653693	Otavalo	EC	32330
1261752	Narsinghgarh	IN	32329
7302838	Kalyandurg	IN	32328
5861897	페어뱅크스	US	32325
11612331	Aki-takata	JP	32323
1281369	Dagzê	CN	32318
1011632	De Aar	ZA	32318
3598034	Comalapa	GT	32312
1712488	Guimba	PH	32306
4351977	칼리지파크	US	32301
1513087	Nurota	UZ	32300
1274032	Chittūr	IN	32298
11185792	Madhapar	IN	32293
2969284	Vienne	FR	32293
1797106	Rongjiang	CN	32291
1882402	Kangkar	SG	32290
2975446	실티가임	FR	32289
1648082	Boyolangu	ID	32287
3059435	Komárno	SK	32287
3059436	코마르노	SK	32287
2656867	Aston	GB	32286
7503743	Ban Khlong Bang Phran	TH	32286
1024701	Macia	MZ	32286
5781993	스프링빌	US	32286
1274381	Chhabra	IN	32285
3587086	Chalchuapa	SV	32282
3658053	El Triunfo	EC	32282
433441	Banī Suwayf al Jadīdah	EG	32278
3533389	Actopan	MX	32276
4944994	나티크	US	32276
1509888	Bogdanovich	RU	32270
2873589	Marienfelde	DE	32270
720334	줄러	HU	32269
167046	Maşyāf	SY	32262
3460707	Itapicuru	BR	32261
111327	Zarqān	IR	32261
1263965	Manamadurai	IN	32257
3386042	Trindade	BR	32257
5921060	Chestermere	CA	32255
8572948	Akatsuka	JP	32253
3449102	São Gabriel da Palha	BR	32252
5162097	마실론	US	32252
3461958	Guanhães	BR	32244
1850472	Tawaramoto	JP	32241
5814916	왈라왈라	US	32237
1692184	Quiapo	PH	32236
2812636	Weil am Rhein	DE	32236
3388991	São Bento	BR	32235
1549750	Huzhai	CN	32231
2697720	란스크로나	SE	32229
3191429	루마	RS	32229
4291945	Florence	US	32227
3458746	Laranjeiras do Sul	BR	32227
7620470	Kawasan Penempatan Ulu Benut Lima	MY	32226
7620439	Kawasan Penempatan Ulu Benut Tiga	MY	32226
7620438	Kawasan Penempatan Ulu Sungai Benut	MY	32226
3523791	Macuspana	MX	32225
2871668	Meschede	DE	32224
3174526	Lucera	IT	32222
3682374	Fonseca	CO	32220
2512196	Puerto de la Cruz	ES	32219
2552317	Demnate	MA	32217
3393091	Paraipaba	BR	32216
102170	Shaqra	SA	32215
1299182	Pyawbwe	MM	32214
5016374	Andover	US	32213
1814161	Dajin	CN	32213
2270380	Câmara de Lobos	PT	32209
1848618	Yamashita	JP	32207
4295251	Hopkinsville	US	32205
6822178	고마가네 시	JP	32202
5924618	Cochrane	CA	32199
2634021	Whitstable	GB	32196
11549980	La Paz	ES	32192
2847662	Rheinberg	DE	32188
3393972	Nazaré da Mata	BR	32187
6822104	Namegata	JP	32185
3463761	Estrela	BR	32183
4560179	Overbrook	US	32181
1688912	San Narciso	PH	32180
611403	Ts’khinvali	GE	32180
2524236	Mascalucia	IT	32179
2973189	Paris 03 Temple	FR	32179
679907	Curtea de Argeş	RO	32178
3462601	Gandu	BR	32178
3461625	Ibaté	BR	32178
1242835	Ja Ela	LK	32175
742238	Kumru	TR	32174
1254390	Tiruchchendur	IN	32171
584596	Zaqatala	AZ	32171
96046	Ḩarir	IQ	32171
2810808	Wernigerode	DE	32167
3443013	콜로니아델사크라멘토	UY	32164
2301245	Ahwiaa	GH	32163
167605	Ma‘arratmişrīn	SY	32163
12626140	Snowdon	CA	32160
8858096	Centro Familiar la Soledad	MX	32159
5830062	래러미	US	32158
315153	Etlik	TR	32156
4428475	Greenville	US	32156
4915989	West Englewood	US	32156
1275476	Bisauli	IN	32154
3465228	Coxim	BR	32151
2810878	Werl	DE	32149
2112694	Hizume	JP	32147
1268095	Kangayam	IN	32147
1907959	Anfu	CN	32146
11500804	Mannanchōri	IN	32139
3388869	São Domingos do Capim	BR	32139
1268567	Kakching	IN	32138
1254043	Turaiyūr	IN	32134
3000192	레뮈로	FR	32134
3079855	지비에츠	PL	32132
3885456	라리과	CL	32131
1275708	Bijaynagar	IN	32124
4564946	Fajardo	PR	32124
1271888	Ferokh	IN	32122
5180199	Bethel Park	US	32118
2112297	Kamogawa	JP	32116
2786743	Sint-Amandsberg	BE	32115
324944	Akçakale	TR	32114
305532	Kurtalan	TR	32114
4615145	Cookeville	US	32113
2950073	베른부르크	DE	32113
4948403	Randolph	US	32112
2524786	Favara	IT	32110
5129603	Oceanside	US	32109
4889426	댄빌	US	32108
3403611	Campo Alegre	BR	32106
3455682	Ouro Fino	BR	32094
1273006	Dhāmnod	IN	32093
3470428	Barrinha	BR	32092
5656882	헬레나	US	32091
10431234	Jora Khurd	IN	32087
3839490	Quitilipi	AR	32083
367927	룸베크	SS	32083
2303224	Bekwai	GH	32082
1068955	Antsohimbondrona	MG	32080
1505579	인타	RU	32080
12358571	Shunzhou	CN	32074
2620046	Holstebro	DK	32072
296832	Yeşilli	TR	32072
8405722	Huilong	CN	32070
2149645	셰퍼튼	AU	32067
1260014	Pāvugada	IN	32063
3174719	Limbiate	IT	32062
8399041	Fenhe	CN	32059
2507926	Aïn Smara	DZ	32057
2865260	Neugraben-Fischbek	DE	32054
2931481	Eisenhüttenstadt	DE	32052
2881104	Langendreer	DE	32047
3653882	Naranjal	EC	32045
13353553	Thenhippalam	IN	32045
350376	Quţūr	EG	32043
2562541	San Pawl il-Baħar	MT	32042
3395998	Macau	BR	32039
3448460	São Miguel Arcanjo	BR	32039
3429777	푸에르토이과수	AR	32038
2862888	Niederschönhausen	DE	32037
2440495	Nguigmi	NE	32035
3526855	Huixtla	MX	32033
4362743	Montgomery Village	US	32032
3110519	Sant Joan Despí	ES	32030
2801922	뱅슈	BE	32030
2110541	Yamoto	JP	32028
3427428	Villaguay	AR	32027
3698540	차차포야스	PE	32026
3469057	Brasília de Minas	BR	32025
1270466	Halvad	IN	32024
7062967	Nyanza	RW	32016
3002965	르페뢰쉬르마른	FR	32015
3349746	Chindumbo	AO	32013
11038564	Meerpet	IN	32013
6316881	Colíder	BR	32010
1252692	Zamānia	IN	32008
3530596	Ciudad Fernández	MX	32006
2469274	마누바	TN	32005
5164862	North Olmsted	US	32004
3862351	Casilda	AR	32002
1276067	Bhatkal	IN	32000
8299616	Deeside	GB	32000
1063930	Itampolo	MG	32000
1527719	Kyzyl-Kyya	KG	32000
7290015	Lower Earley	GB	32000
11185528	Malkapur	IN	32000
2468925	Midoun	TN	32000
8224782	Shirley	GB	32000
7798288	Taman Pelangi	MY	32000
3892892	쿠라닐라우에	CL	32000
10793787	Danai	MM	31998
2492920	Djidiouia	DZ	31996
4161534	Land O' Lakes	US	31996
10834074	Makhdumpur	IN	31994
2792179	Lommel	BE	31993
1549734	Jiangzhuang	CN	31991
3014143	기앙쿠르	FR	31989
2649715	팰머스	GB	31988
7303003	Yawatahama	JP	31987
2988758	팔레조	FR	31987
2383119	Sibut	CF	31986
2395325	Banigbé	BJ	31984
2505651	Barbacha	DZ	31983
1802563	Longju	CN	31982
2305191	Akatsi	GH	31981
3125621	Castro-Urdiales	ES	31977
6317580	Medicilândia	BR	31975
924705	은코타코타	MW	31974
3837506	San Isidro	AR	31972
2549356	Arfoud	MA	31971
565290	Donskoy	RU	31968
720292	Hajdúböszörmény	HU	31957
741240	Of	TR	31951
548658	키몹스크	RU	31947
13157004	Shafi Pur Ranhola	IN	31944
3393922	Nísia Floresta	BR	31942
8550486	Guōlèmùdé	CN	31941
2665452	Vallentuna	SE	31937
1768286	Kampung Kerubong	MY	31936
3460495	Ivaiporã	BR	31935
1640972	Katobu	ID	31929
2753376	IJmuiden	NL	31925
2383827	Nola	CF	31923
2503156	Bougaa	DZ	31922
831130	즈나멘스크	RU	31922
353136	Maḩallat Damanah	EG	31921
1735404	Tatau	MY	31920
3389062	Santo Antônio do Tauá	BR	31918
3444830	Xaxim	BR	31918
2980816	생디지에	FR	31918
2791343	Menen	BE	31916
311453	İmamoğlu	TR	31916
2508184	’Aïn el Bell	DZ	31916
4954611	워터타운	US	31915
1171198	Mamu Kanjan	PK	31914
95788	Hīt	IQ	31901
2864276	노이루핀	DE	31901
2613460	Slagelse	DK	31896
2476412	el hed	DZ	31890
3629601	Punta de Piedras	VE	31886
9034728	Néa Ionía	GR	31884
11628615	Jāridih	IN	31882
4835003	Glastonbury	US	31876
1258380	Rasrā	IN	31876
13561777	Podil	UA	31870
1641301	Amlapura	ID	31869
11919949	Amlapura city	ID	31869
2789529	아우데나르더	BE	31866
3022610	크레유	FR	31863
1813875	Tanchang Chengguanzhen	CN	31861
1811374	Fenggao	CN	31859
71273	Saḩar	YE	31859
6692494	Borj Cedria	TN	31858
3455362	Palmeiras de Goiás	BR	31858
10769741	Sādpalli	IN	31857
1907961	Baliwan	CN	31856
1256995	Sattur	IN	31856
1165260	Sharqpur Sharif	PK	31855
5408431	Westmont	US	31853
1263293	Maur	IN	31849
505057	Privolzhskiy	RU	31849
1864873	아야베 시	JP	31846
1879672	Anbyŏn-ŭp	KP	31845
4940202	Hyde Park	US	31845
125328	Maḩmūdābād	IR	31844
13353439	Chhota Gobindpur	IN	31843
2955936	Ansbach	DE	31839
2483649	Remchi	DZ	31837
2930509	Emmerich	DE	31829
1734971	Pekan	MY	31826
11551039	Thamesmead	GB	31824
1257066	Sāsvad	IN	31821
3121766	Galapagar	ES	31820
6930162	Alvalade	PT	31813
8425978	Karłowice-Różanka	PL	31813
3627186	Santa Rita	VE	31810
360610	Al Qanţarah	EG	31808
1734114	Bandar Nabawan	MY	31807
3950116	Cañete	CL	31805
5098343	가필드	US	31802
12324247	Dasheng	CN	31797
1793142	Taolin	CN	31795
946257	울룬디	ZA	31795
3388341	São Luís do Quitunde	BR	31792
707758	흘루히우	UA	31789
3646175	Caucagua	VE	31788
3641440	El Sombrero	VE	31788
1818892	Shek Lei	HK	31788
559678	고로데츠	RU	31788
2970797	방되브르르낭시	FR	31785
1182665	Bhera	PK	31781
2884050	Kreuztal	DE	31772
2524155	Milazzo	IT	31771
1710011	Kabacan	PH	31769
342445	Bale Hawassa	ET	31765
1863356	Hakonegasaki	JP	31765
3404513	Cabrobó	BR	31762
13353552	Vilavoorkkal	IN	31761
2511102	Santa Pola	ES	31760
3433803	General José de San Martín	AR	31758
3464809	Descalvado	BR	31756
1265964	Kotma	IN	31756
2610310	Viby	DK	31756
149172	Urambo	TZ	31752
2234904	Bandjoun	CM	31750
173361	Al Qaryatayn	SY	31748
5364306	Laguna Hills	US	31748
2785470	Tienen	BE	31743
3167561	산타마리아카푸아베테레	IT	31743
916668	Isoka	ZM	31739
3592483	Momostenango	GT	31739
2850954	Radolfzell	DE	31734
1179423	Dursh Khela	PK	31732
3665951	Villanueva	CO	31727
11679803	Kottaikuppam	IN	31726
6822203	Katagami	JP	31720
3049885	Kiskunfélegyháza	HU	31720
187661	Mariakani	KE	31715
523553	Nakhabino	RU	31715
44439	Kavār	IR	31711
2488716	Megarine	DZ	31711
10642471	Fushimi	JP	31710
293655	사크닌	IL	31702
3397665	Jaguaruana	BR	31701
1023287	Allanridge	ZA	31700
332129	Leku	ET	31700
13353687	Khaira	IN	31699
3671287	Puerto Wilches	CO	31698
5278422	West Bend	US	31695
6690784	Fort Pienc	ES	31693
1255122	Tālīkota	IN	31693
11549996	Abrantes	ES	31691
13494086	Bang Khun Si	TH	31689
1849424	Uekimachi-mōno	JP	31688
3532899	Amecameca	MX	31687
2972742	토농레뱅	FR	31684
2525083	Castelvetrano	IT	31680
1193823	Nabīnagar	BD	31671
2523964	Oristano	IT	31671
2432639	Fianga	TD	31668
5106453	Willingboro	US	31668
1862992	Hayama	JP	31665
13494717	Puzhal	IN	31665
6317986	Placas	BR	31659
1316642	Kyauktaga	MM	31656
2653192	치체스터	GB	31654
10098279	Barros Blancos	UY	31650
1185167	Morrelgonj	BD	31647
1885400	Zhonghe	CN	31646
3629696	Puerto Cumarebo	VE	31644
12958671	Turilândia	BR	31638
3183063	Angri	IT	31632
5112710	Cicero	US	31632
1491291	Sosnovoborsk	RU	31632
1847983	Zentsujichó	JP	31631
11612558	Nantan	JP	31629
3399518	Floresta	BR	31627
2748729	Papendrecht	NL	31621
3837855	San Carlos de Bolívar	AR	31618
2656281	반스터플	GB	31616
2798551	Evergem	BE	31615
164898	Salqīn	SY	31608
2212882	Sīdī Bin Zīnah	LY	31607
2437934	Youri Kourtéré	NE	31598
539817	쿠딤카르	RU	31596
3470825	Bariri	BR	31595
2448322	Zégoua	ML	31593
926747	Mchinji	MW	31592
1167398	Raiwind	PK	31592
3837102	San Lorenzo	AR	31589
6058024	Lloydminster	CA	31582
4903184	Mundelein	US	31582
1268327	Kalpatta	IN	31580
5112035	Centereach	US	31578
2467732	Rass el Djebel	TN	31574
2043335	Kop’ung	KP	31572
3600327	Villanueva	HN	31571
3033002	베튄	FR	31568
3468428	Cachoeira Paulista	BR	31564
4015700	Cananea	MX	31560
2633842	윈저	GB	31560
3401148	Cururupu	BR	31558
698782	Obukhiv	UA	31557
524712	모자이스크	RU	31557
1851137	다카하시 시	JP	31556
5554072	주노	US	31555
8604906	Hartbeestfontein-A	ZA	31554
1278871	Ambad	IN	31553
11428880	Lebohang	ZA	31553
10126715	Gành Hào	VN	31552
2231636	Figuil	CM	31550
3391523	Ponta de Pedras	BR	31549
8400140	Dade	CN	31548
1914248	Anlan	CN	31546
4643336	Mount Juliet	US	31540
4839222	Naugatuck	US	31538
1259034	Rāhatgarh	IN	31537
1256335	Sijua	IN	31537
3832132	Zapala	AR	31534
1253452	Vandavāsi	IN	31530
11520175	Tirumuruganpūndi	IN	31528
11612589	Kōshū	JP	31526
7303235	Thanneermukkom	IN	31525
12420984	Wudalike	CN	31525
3416706	하프나르피외르뒤르	IS	31525
3384983	Vitorino Freire	BR	31522
12214072	Neubau	AT	31521
5312913	San Luis	US	31520
3872326	산카를로스	CL	31517
2325060	Pankshin	NG	31516
2245704	Sédhiou	SN	31511
1510916	바라빈스크	RU	31508
6822204	Kita-Akita	JP	31504
1260225	Parūr	IN	31503
2639897	Prestwich	GB	31500
326383	Welench’ītī	ET	31500
2555157	Bouarfa	MA	31499
1805093	Jiuxian	CN	31499
11669527	Sapezal	BR	31499
3462956	Frederico Westphalen	BR	31498
1271005	Gomoh	IN	31495
2522077	Aldaia	ES	31492
3396364	Lavras da Mangabeira	BR	31492
622739	Rahachow	BY	31490
2649957	엡솜	GB	31489
318668	Ceylanpınar	TR	31488
3384562	Blauwgrond	SR	31483
3177841	Crema	IT	31481
2041442	삼지연읍	KP	31471
11549960	Hispanoamérica	ES	31470
1272052	Elūr	IN	31468
6157977	스트랫퍼드	CA	31465
5110161	Brighton Beach	US	31462
4923531	Michigan City	US	31459
3458051	Mandaguaçu	BR	31457
1651763	Airmadidi	ID	31446
4152772	데이니아비치	US	31446
3393065	Parambu	BR	31445
2391893	Savé	BJ	31444
1215498	Bandar	ID	31442
130451	Jam	IR	31436
9409823	Makiki / Lower Punchbowl / Tantalus	US	31434
2511366	San Javier	ES	31432
3463066	Forquilhinha	BR	31431
320448	Bulanık	TR	31430
3621841	San José	CR	31430
3392088	Pindaré-Mirim	BR	31429
1731686	Alaminos	PH	31427
8629684	Marapong	ZA	31424
5598542	Lewiston Orchards	US	31422
7302808	Chemmumiahpet	IN	31416
2750121	Nieuw-Vennep	NL	31415
13512426	Chilliwack-Downtown	CA	31410
2749644	Oldenzaal	NL	31410
3056357	어이커	HU	31407
2856500	Osterholz-Scharmbeck	DE	31405
329607	Bale Robe	ET	31400
1514396	Bektemir	UZ	31400
13580135	Lukyanivka	UA	31400
3063907	Trutnov	CZ	31398
2488616	Mehdia daira de meghila	DZ	31396
3129356	아로요몰리노스	ES	31396
5928488	Côte-Saint-Luc	CA	31395
8400056	Guojia	CN	31394
4941935	렉싱턴	US	31394
4887284	Chatham	US	31392
1269435	Jalālpur	IN	31388
1266975	카라구푸르	IN	31385
2236991	Songo	AO	31382
12214071	Mariahilf	AT	31381
4165637	Navarre	US	31378
6545261	El Carmel	ES	31377
4471641	Holly Springs	US	31377
1702425	Maluso	PH	31374
716736	Orosháza	HU	31373
2653075	크라이스트처치	GB	31372
608880	Mangistau	KZ	31368
8468760	Novoyavorivs'k	UA	31366
3873145	Río Bueno	CL	31366
1255643	Sri Mādhopur	IN	31366
3024223	콜로미에	FR	31363
1638981	Kutoarjo	ID	31352
187725	Maralal	KE	31350
2458623	Diré	ML	31348
7302859	Lumding Railway Colony	IN	31347
12156882	Church-Yonge Corridor	CA	31340
2876218	Lohmar	DE	31339
1791406	Wenxian Chengguanzhen	CN	31339
1789101	Wenfeng	CN	31338
2758064	Bussum	NL	31334
366426	Tandaltī	SD	31329
12969893	Guarantã do Norte	BR	31328
3451202	Rio das Pedras	BR	31328
2911710	Hakenfelde	DE	31327
7849902	Grand-Zattry	CI	31326
3406856	Bagre	BR	31325
152403	Mvomero	TZ	31324
1003763	Frankfort	ZA	31323
3175773	Grottaglie	IT	31320
8425966	Pilczyce-Kozanów-Popowice Północne	PL	31320
2532421	Souk et Tnine Jorf el Mellah	MA	31318
2511162	Santa Eulària des Riu	ES	31314
6316314	Água Boa	BR	31314
1845519	청송	KR	31313
13562331	Kolenté	GN	31312
3526993	Huatusco	MX	31305
7669020	Willoughby	CA	31305
6543968	Lyon 02	FR	31303
13494596	Ahmedgarh	IN	31302
2215210	Al Burayqah	LY	31300
8224783	Stanley	GB	31300
1274077	Chītāpur	IN	31299
129929	Eyvān	IR	31299
12808659	Folie Méricourt	FR	31299
8858097	San José Guadalupe Otzacatipan	MX	31299
3436622	Yby Yaú	PY	31290
4551177	쇼니	US	31286
1269012	Jhanjhārpur	IN	31283
637292	사본린나	FI	31283
4608418	Brentwood Estates	US	31279
12808882	Láng Thượng	VN	31279
1584725	Cô Tô	VN	31278
1734839	Bahau	MY	31273
3470912	Bandeirantes	BR	31273
4893392	Galesburg	US	31273
1846114	진안군	KR	31273
281148	Banī Suhaylā	PS	31272
3455756	Osvaldo Cruz	BR	31272
2542768	Mehdya	MA	31269
3453315	Poconé	BR	31269
1218456	Sarahs	TM	31269
1853192	Sakai-nakajima	JP	31268
13060471	General Salipada K. Pendatun	PH	31263
3126369	Carballo	ES	31261
3386201	Tracuateua	BR	31257
2465030	Siliana	TN	31251
163806	Ţafas	SY	31249
5147968	볼링그린	US	31246
12687195	Ancien-Prozi	CI	31245
2921242	Georgsmarienhütte	DE	31244
1261726	Nāspur	IN	31244
1860458	Kaminokawa	JP	31243
12640363	Ar-Rawḍah	EG	31240
3467012	Carangola	BR	31240
1256184	Singānallūr	IN	31239
2964506	던레러	IE	31239
1253774	Unchagao	IN	31238
3461871	Guararema	BR	31236
2990265	Nogent-sur-Marne	FR	31236
1641342	Karangampel	ID	31234
3400752	Esperança	BR	31231
8440759	Bagru	IN	31229
3036460	아티스몽스	FR	31225
2128975	네무로 시	JP	31223
5792244	Des Moines	US	31221
1152633	끄라비	TH	31219
2913433	Güstrow	DE	31217
11612585	Chūō	JP	31216
8425989	Ołbin	PL	31216
2362970	Bama	BF	31215
1852915	Sasaguri	JP	31213
10930087	Cheriyamundam	IN	31212
13494716	Allapuram	IN	31211
2362376	Bittou	BF	31210
2521665	아르코스데라프론테라	ES	31210
3470747	Barra do Choça	BR	31209
3832647	Villa Regina	AR	31209
1794067	Songbai	CN	31207
2640104	폰티프리드	GB	31206
99103	Al Maḩāwīl	IQ	31200
8714608	Karoliniškės	LT	31200
3118554	Leioa	ES	31197
5443948	Wheat Ridge	US	31192
1862555	히라도 시	JP	31192
7870919	Niagara	CA	31180
1820491	쿠알라블라잇	BN	31178
2939969	Cloppenburg	DE	31177
2395182	Bembèrèkè	BJ	31176
6620953	Saint-Georges	CA	31173
12252444	Zhakou	CN	31173
1258726	Rāmāpuram	IN	31169
6094325	Orillia	CA	31166
176555	Kawambwa	ZM	31161
3530886	Chilapa de Álvarez	MX	31157
8299615	Thornton-Cleveleys	GB	31157
10400291	Rosera	IN	31155
1604452	Ban Khlong Bang Sao Thong	TH	31153
2249554	Koungheul	SN	31149
11903638	Lend	AT	31147
2509982	Valdepeñas	ES	31147
1259478	Podili	IN	31145
3109804	Barberà del Vallès	ES	31144
303290	Ortaköy	TR	31144
2922731	Ganderkesee	DE	31141
2657835	애버데어	GB	31135
1256426	Shrīgonda	IN	31134
512051	Pavlovskaya	RU	31133
2381334	아타르	MR	31133
2967917	비리샤티용	FR	31131
3188924	트라브니크	BA	31127
789527	키체보	MK	31123
10910181	Kalliyasshēri	IN	31122
3013097	우일	FR	31121
2871675	Merzig	DE	31118
1784475	Zhong’ao	CN	31118
3190941	시베니크	HR	31115
1722032	Cabadbaran	PH	31114
8395541	Daocheng	CN	31113
1279590	Yengisar	CN	31113
1604771	Yaring	TH	31111
5294902	플로렌스	US	31110
3427761	Tigre	AR	31106
6822196	오마에자키 시	JP	31103
2508275	’Aïn Benian	DZ	31102
1026755	Songo	MZ	31101
305810	Kula	TR	31100
535243	Likino-Dulevo	RU	31100
328709	Shambu	ET	31100
334043	Īteya	ET	31100
2974389	수아송	FR	31100
10062605	Lazdynai	LT	31097
11664532	Kannānendal	IN	31095
1260547	Pāndharkawada	IN	31094
1263678	Mankāchar	IN	31091
2656031	Bedworth	GB	31090
563719	Dyurtyuli	RU	31087
10922740	Katirur	IN	31087
203141	Bugarama	RW	31086
2938540	Deggendorf	DE	31081
2159851	Liverpool	AU	31078
3185060	Kuçovë	AL	31077
2147849	Surfers Paradise	AU	31073
2745860	Valkenswaard	NL	31071
1272025	에랑돌	IN	31071
6457398	Verbania	IT	31070
2496241	Freha	DZ	31068
1278204	Adirampattinam	IN	31066
1735092	Kuala Kurau	MY	31065
6174068	Victoria-Fraserview	CA	31065
3463271	Flores da Cunha	BR	31063
2654089	Caerphilly	GB	31060
1265545	Kūrāli	IN	31060
3020810	드뢰	FR	31058
4894861	Gurnee	US	31056
2277301	Foya Kamara	LR	31052
1696683	Pagaluñgan	PH	31052
2941405	Burgdorf	DE	31051
3168222	San Giuliano Milanese	IT	31050
3453240	Pompéu	BR	31047
3165773	Termoli	IT	31044
3461874	Guararapes	BR	31043
501183	로스토프	RU	31039
4588718	Myrtle Beach	US	31035
1269574	Jagdīshpur	IN	31029
2111781	나가이 시	JP	31026
1259409	Ponneri	IN	31025
1604654	Na Klang	TH	31024
1860095	Kanzakimachi-kanzaki	JP	31022
2795800	Heusden	BE	31017
7797211	Taman Seremban Jaya	MY	31016
11612329	Tsuru	JP	31016
1256660	Shamsābād	IN	31009
1264075	Malakanagiri	IN	31007
10310759	Yurigaoka	JP	31007
3388435	São José do Egito	BR	31004
741529	Mimarsinan	TR	31002
3351023	Caluquembe	AO	31000
339846	Dayē	ET	31000
10062601	Justiniškės	LT	31000
2638976	Ruislip	GB	31000
225858	Wobulenzi	UG	31000
1273234	Deolali	IN	30997
428515	Bubanza	BI	30996
6316864	Chapadão do Sul	BR	30993
1705367	Lucban	PH	30992
4817641	파커즈버그	US	30991
3461465	Iguape	BR	30989
1263744	Mangrūl Pīr	IN	30983
3449747	Santa Vitória do Palmar	BR	30983
1328865	Aungban	MM	30982
964432	Port Alfred	ZA	30981
1785616	Yushan	CN	30981
3165762	Terracina	IT	30980
8417103	Tianfu	CN	30980
2516797	Hellín	ES	30976
4164186	Miami Lakes	US	30972
349653	Şān al Ḩajar al Qiblīyah	EG	30969
5393485	Saratoga	US	30968
1174355	Khairpur Tamewah	PK	30967
1261760	Narsampet	IN	30963
4154008	East Lake	US	30962
8576507	Ikegami	JP	30959
1065222	Fandriana	MG	30958
8406650	Pingkai	CN	30958
12277242	Shuangtang	CN	30958
2783759	Wevelgem	BE	30954
3855666	Famaillá	AR	30951
1276449	베라시아	IN	30951
2638926	Rutherglen	GB	30950
2329451	Nasarawa	NG	30949
354076	Kafr Shukr	EG	30948
5326032	Banning	US	30945
5352963	Goleta	US	30944
2690960	Motala	SE	30944
1278017	Bādāmi	IN	30943
4161461	Lakeside	US	30943
10188281	Wanghong	CN	30943
5100619	Long Branch	US	30941
6822225	Yaese	JP	30941
6822206	히라카와 시	JP	30938
2431907	Goré	TD	30936
6822205	쓰가루 시	JP	30934
2032533	Bayanhongor	MN	30931
2228964	Magba	CM	30931
985015	Ladybrand	ZA	30930
1260210	Pasān	IN	30928
1795833	Shaping	CN	30928
11777258	Minase	JP	30927
2168605	Doncaster East	AU	30926
2660911	Emmen	CH	30926
1197895	Kesabpur	BD	30926
1260628	Pāmban	IN	30926
96309	Ḩadīthah	IQ	30925
1277398	Banda	IN	30923
1268495	Kalakkādu	IN	30921
1266216	Kondagaon	IN	30921
2155204	Noble Park	AU	30921
3633248	Mamporal	VE	30918
2651468	Deal	GB	30917
277130	바알베크	LB	30916
3162955	아렌달	NO	30916
709354	Toretsk	UA	30914
5347287	Fair Oaks	US	30912
3026637	샤랑통르퐁	FR	30910
99434	Nahiyat Ghammas	IQ	30909
9972518	Narre Warren South	AU	30909
160592	Chanika	TZ	30905
2301367	Dzodze	GH	30905
1875107	구성	KP	30902
11477665	Puthuppariyāram	IN	30895
2861814	Northeim	DE	30894
2335798	Kachia	NG	30893
5218270	Wayne	US	30892
2560774	Aïn Taoujdat	MA	30889
2479966	Sidi Moussa	DZ	30887
3652928	Posorja	EC	30886
5800317	레이크스티븐스	US	30886
161943	Gumdag	TM	30884
11664517	Vilāngudi	IN	30884
3166740	Senigallia	IT	30882
3531177	Champotón	MX	30881
2968529	빌뇌브생조르주	FR	30881
5085520	Dover	US	30880
5207490	Radnor	US	30878
1502725	Yugorsk	RU	30878
3173762	Massafra	IT	30875
8403882	Ganning	CN	30873
1258012	Rūdarpur	IN	30873
3970972	Miguel Alemán (La Doce)	MX	30869
1734372	Gerik	MY	30868
3170694	Pinerolo	IT	30866
5776008	Holladay	US	30864
2297126	Nsoatre	GH	30862
3674597	Mompós	CO	30861
3450832	Ruy Barbosa	BR	30857
373296	Jubayt	SD	30856
1256435	Sholinghur	IN	30856
1263943	Mānāvadar	IN	30850
3402920	Careiro da Várzea	BR	30846
3174380	Macerata	IT	30842
1174062	Kharan	PK	30841
259949	Cholargós	GR	30840
6318104	Raposa	BR	30839
704737	Kostopil	UA	30838
3579767	Baie-Mahault	GP	30837
5775782	헤리먼	US	30835
3020310	엘랑쿠르	FR	30831
2399959	Koulamoutou	GA	30830
973139	Mpophomeni	ZA	30830
1259202	Purāini	IN	30829
1273136	Deūlgaon Rāja	IN	30827
1675170	Jinhu	TW	30826
8436572	South Kingstown	US	30826
2438678	틸라베리	NE	30822
3110880	San Andrés del Rabanedo	ES	30820
1798684	Pingtan	CN	30816
2638717	Saint Neots	GB	30811
2810833	Werne	DE	30810
2797638	Geraardsbergen	BE	30807
3386984	Tabuleiro do Norte	BR	30807
1272856	Dharmadam	IN	30804
12808661	Saint-Ambroise	FR	30802
3404740	Buriti	BR	30799
4154568	Estero	US	30799
295064	게데라	IL	30798
1264520	Madurāntakam	IN	30796
2653935	Cambuslang	GB	30790
4006622	Escuinapa de Hidalgo	MX	30790
5122432	이사카	US	30788
3038230	알랑송	FR	30786
5129245	North Tonawanda	US	30785
915086	Kalomo	ZM	30781
347422	Ţūd	EG	30780
3470878	Barão de Cocais	BR	30778
2370318	Reino de Antula	GW	30778
679065	Dorohoi	RO	30776
343402	Āsbe Teferī	ET	30772
5019330	Brooklyn Center	US	30770
13353551	Kizhuvalam-Koonthalloor	IN	30770
3667991	San Luis de Sincé	CO	30768
3178197	Conegliano	IT	30765
4365387	Pikesville	US	30764
3590389	San Benito	GT	30764
1272832	다람살라	IN	30764
7284275	Nungwi	TZ	30762
2898304	Hoyerswerda	DE	30759
4334971	New Iberia	US	30754
5454627	앨라모고도	US	30753
11550029	Rosas	ES	30751
3460741	Itapoá	BR	30750
1632903	Panarukan	ID	30749
744092	Karasu	TR	30746
8426032	Chełm	PL	30743
6324534	Vrilissia	GR	30741
1162572	Chak Five Hundred Seventy-five	PK	30738
3467709	Quedas do Iguaçu	BR	30738
6094201	Orangeville	CA	30734
4364946	Parkville	US	30734
490554	Sorochinsk	RU	30731
2953439	Bad Hersfeld	DE	30725
1224085	Wattala	LK	30725
2525646	Augusta	IT	30723
728288	페트리치	BG	30722
1259986	Pedana	IN	30721
4224413	Statesboro	US	30721
2471788	Dahmani	TN	30720
3398105	Ipubi	BR	30720
13631408	Ḥawṭah Banī Tamīm	SA	30720
3472609	Além Paraíba	BR	30717
3459550	Juatuba	BR	30716
163915	Şūrān	SY	30716
1732040	Aglipay	PH	30714
678499	Făgăraș	RO	30714
5955815	Fort Erie	CA	30710
1796449	Shagang	CN	30710
3464598	Dois Irmãos	BR	30709
4815352	모건타운	US	30708
6317499	Machadinho d'Oeste	BR	30707
1790744	Xiagezhuang	CN	30706
5368518	Los Gatos	US	30705
8299790	Tamesna	MA	30705
1268628	Kaij	IN	30704
1284569	Ywar Ma West	MM	30704
1465881	Kallamchavadi	IN	30702
339319	Dēra	ET	30700
704362	Yany Kapu	UA	30700
2750947	Meppel	NL	30697
1734637	Lahat	MY	30694
585630	Lokbatan	AZ	30694
727030	Smolyan	BG	30689
1222175	Zarhalol	TJ	30689
2522131	Alcázar de San Juan	ES	30686
3473129	Afonso Cláudio	BR	30684
3402465	Catolé do Rocha	BR	30684
4478334	Matthews	US	30678
6822192	이즈 시	JP	30678
528109	Mednogorsk	RU	30676
3471061	Baixo Guandu	BR	30674
2647451	Harpenden	GB	30674
1792636	Tongjing	CN	30673
3402496	Campo Alegre de Lourdes	BR	30671
1253786	Un	IN	30671
5368335	로스앨토스	US	30671
1942274	Longsheng	CN	30661
2519233	Coria del Río	ES	30657
13353550	Vadanappally	IN	30657
3435486	Chajarí	AR	30655
5772959	Clearfield	US	30653
784097	Vushtrri	XK	30651
3430709	Mercedes	AR	30649
12750571	Mont Kiara	MY	30643
4937276	프랭클린	US	30636
285663	Bayān	KW	30635
2654308	Burgess Hill	GB	30635
11462193	Irimbiliyam	IN	30635
1262672	Mūdbidri	IN	30632
13132450	Al-Fāw	SD	30629
8406218	Xingyi	CN	30629
1260694	Pallappatti	IN	30624
4364727	Owings Mills	US	30622
3110983	Salt	ES	30622
1168889	Nok Kundi	PK	30621
5855754	Hawai‘i Kai	US	30620
2974153	소트빌르루앙	FR	30619
3466993	Caarapó	BR	30612
585187	Sabirabad	AZ	30612
2491042	L’Arbaa Naït Irathen	DZ	30609
4569067	Aiken	US	30604
3388447	São José da Tapera	BR	30604
12640445	Guder	ET	30600
1341204	Nowshera Cantonment	PK	30599
11463731	Cheranellūr	IN	30594
2458881	Diéma	ML	30592
2460546	Banamba	ML	30591
4263108	플레인필드	US	30590
700918	Mohyliv-Podilskyy	UA	30589
3516271	Tantoyuca	MX	30587
2655785	베벌리	GB	30587
1855416	Niimi	JP	30583
2647937	그리니치	GB	30578
4375663	Ballwin	US	30577
3530177	Cosamaloapan	MX	30577
4838174	Manchester	US	30577
2508059	Aïn Kercha	DZ	30575
1489394	Topki	RU	30572
4883078	Algonquin	US	30571
3404231	Caetés	BR	30571
3991219	Puruándiro	MX	30571
7257991	Bel Air North	US	30568
548278	키르자치	RU	30566
3653015	Playas	EC	30564
4839497	Newington	US	30562
3059101	Levice	SK	30556
2637265	Spalding	GB	30556
693796	Synelnykove	UA	30556
3445307	Vera Cruz	BR	30556
8549392	Anwen	CN	30553
11612692	Ichikikushikino	JP	30551
1264433	Mahārāganj	IN	30548
1926101	Masaki-chō	JP	30548
5106331	웨스트필드	US	30548
5393245	Santa Paula	US	30546
3612810	Dulce Nombre de Culmí	HN	30543
1674975	Xingang	TW	30543
2657908	Zug	CH	30542
2243421	Bula Atumba	AO	30537
5347578	Fallbrook	US	30534
1527317	Suzak	KG	30534
4354163	Eldersburg	US	30531
2989460	오랑주	FR	30530
12687281	Mairo Inya	KE	30527
3669087	San Pedro de Urabá	CO	30527
12156871	Annex	CA	30526
10375138	Oadar Temsia	MA	30526
744168	Karamürsel	TR	30525
164994	Şaḩnāyā	SY	30519
4828193	Sherwood	US	30517
3681563	Guamo	CO	30516
5139287	Springfield Gardens	US	30515
11895138	Sandaoling Lutiankuang Wuqi Nongchang	CN	30513
227528	Nyachera	UG	30509
8205089	Ban Aranyik	TH	30508
2514197	Manises	ES	30508
1850860	다케하라 시	JP	30506
134762	Fārsān	IR	30504
2485572	Oued Sly	DZ	30504
1445335	Nāgāvaram	IN	30502
334137	Insēno	ET	30500
1221328	Khorugh	TJ	30500
2636713	스트랫퍼드어폰에이번	GB	30495
1694791	Paraiso	PH	30494
4205196	Lawrenceville	US	30493
12156904	Glenfield-Jane Heights	CA	30491
2214603	Murzuk	LY	30491
674295	Lupeni	RO	30488
7281088	Effiduase	GH	30486
4787117	Springfield	US	30484
11549935	Valdezarza	ES	30484
10294260	Stella	IT	30483
3910291	Mizque	BO	30481
3392775	Pau dos Ferros	BR	30479
143561	Amīr Kolā	IR	30478
13494061	Sam Sen Nai	TH	30476
4004647	Huatabampo	MX	30475
1254912	Tarakeswar	IN	30475
5776715	Kaysville	US	30472
181135	Rongai	KE	30471
3450440	Santa Bárbara	BR	30466
4920869	Granger	US	30465
10704836	Tifrā	IN	30465
765749	Łuków	PL	30465
1734626	Chemor	MY	30461
488742	Starominskaya	RU	30461
5331920	벌링게임	US	30459
1785827	Yujia	CN	30454
5604353	Post Falls	US	30453
724627	Humenné	SK	30450
4395052	Liberty	US	30450
3662395	Santo Antônio do Içá	BR	30448
2483000	Robbah	DZ	30446
2786559	Sint-Pieters-Leeuw	BE	30446
10261418	Siraspur	IN	30445
1273834	Kundapura	IN	30444
3463939	Espinosa	BR	30443
2925910	Forchheim	DE	30442
4955128	West Roxbury	US	30442
12626134	Ville-Émard	CA	30440
7926667	İncirli	TR	30440
2443304	Illéla	NE	30439
1253702	Uran	IN	30439
3396121	Luís Correia	BR	30438
3663974	Ipixuna	BR	30436
141665	Bandar-e Lengeh	IR	30435
2068079	Kwinana	AU	30433
2553303	Chichaoua	MA	30432
1170584	Mehar	PK	30429
1914280	Honghu	CN	30426
3478424	Pontal do Paraná	BR	30426
3988025	San Agustín	MX	30424
8417601	Yanwo	CN	30424
2026126	Borzya	RU	30421
1259108	Kasba	IN	30421
2291086	Bonoufla	CI	30420
3466933	Carlos Barbosa	BR	30420
11611932	Nanyō	JP	30420
2836809	Schönebeck	DE	30419
308224	Kemalpaşa	TR	30411
2857904	Oer-Erkenschwick	DE	30409
2956206	Andernach	DE	30408
1693778	Pililla	PH	30408
5392508	San Pablo	US	30407
8477241	Karjan	IN	30405
3085056	Śrem	PL	30404
345704	Abomsa	ET	30400
3865436	Arrecifes	AR	30397
7279735	Muvattupuzha	IN	30397
11549793	la Marina de Port	ES	30397
3456322	Nerópolis	BR	30395
1263940	Manāwar	IN	30393
5046063	Savage	US	30391
1684379	Tagoloan	PH	30390
6825491	Myoko	JP	30383
746565	Görele	TR	30381
175967	Mporokoso	ZM	30381
2297432	New Tafo	GH	30380
3429399	Saladillo	AR	30378
3435038	Dolores	AR	30372
5132143	포킵시	US	30371
3398920	Glória do Goitá	BR	30370
1259701	Pihānī	IN	30369
1849367	Ujiie	JP	30366
3047896	모숀머저로바르	HU	30359
1264524	Madukkarai	IN	30357
13353615	Amlai	IN	30354
171451	Binnish	SY	30354
4133367	텍사캐나	US	30353
11612327	Iki	JP	30352
1263623	Mānsa	IN	30347
2968620	Villenave-d'Ornon	FR	30347
1272822	Dhāruhera	IN	30344
1861410	Ishigami	JP	30343
1257149	Sarkhej	IN	30341
730565	카를로보	BG	30340
305680	Beykonak	TR	30339
13156930	Banmankhi Bazar	IN	30336
1610503	Kaeng Khoi	TH	30332
1258247	Rehli	IN	30329
12640499	Bakau New Town	GM	30325
662476	Voluntari	RO	30323
1627267	Sidareja	ID	30313
5164916	North Royalton	US	30311
2414926	Télimélé	GN	30311
2293805	Yegyi	GH	30311
1512549	To‘rqao‘rg‘on	UZ	30300
1800716	Mengla	CN	30296
2821899	Tönisvorst	DE	30296
2953395	Bad Nauheim	DE	30291
2986140	퐁투아즈	FR	30290
3686585	Chimichagua	CO	30289
1174344	Khairpur Nathan Shah	PK	30286
4887442	시카고하이츠	US	30284
165997	Jāsim	SY	30283
1061700	Mampikony	MG	30282
1732871	Bakri	MY	30280
2531480	Tahla	MA	30279
3436311	Apóstoles	AR	30278
924572	Nsanje	MW	30276
2944200	Bretten	DE	30274
3981467	Tlajomulco de Zúñiga	MX	30273
2502962	Bouinan	DZ	30271
1705190	Lumbang	PH	30269
13132797	Inami	JP	30268
725168	바르데요프	SK	30267
1253985	Udaipur	IN	30264
3126917	Camargo	ES	30263
4636045	레버넌	US	30262
2633810	Winsford	GB	30259
3901501	비야손	BO	30253
2968142	빌리에쉬르마른	FR	30252
264445	Asprópyrgos	GR	30251
1806912	Hufeng	CN	30248
3053476	Dunakeszi	HU	30246
11962456	Vartiokylä	FI	30244
2512232	Puente-Genil	ES	30241
12718698	Ribáuè	MZ	30241
5406976	Walnut	US	30237
2111824	모토미야 시	JP	30236
2834372	Schwelm	DE	30235
2299945	Kade	GH	30233
1852588	시부시 시	JP	30231
13645283	Dalung	ID	30228
6615444	Oliver-Valdefierro	ES	30228
348962	Şidfā	EG	30228
2158651	Maroubra	AU	30224
1254910	Tāramangalam	IN	30222
3124041	Culleredo	ES	30221
2814362	Waltrop	DE	30220
1477498	Bhāndāria	BD	30219
2286469	Konéfla	CI	30217
898912	Serenje	ZM	30217
575591	보고로디츠크	RU	30216
1278775	Amla	IN	30215
2801824	Blauwput	BE	30215
2794507	Kessel-Lo	BE	30215
6093010	오코톡스	CA	30214
1633182	Pakisaji	ID	30213
1222396	Kuah	MY	30212
1254377	Tirukkoyilur	IN	30212
7281840	Parramatta	AU	30211
1262380	Musiri	IN	30209
1313795	Lewe	MM	30208
1270059	Hīrākud	IN	30207
8572949	Narimasu	JP	30203
5000500	Madison Heights	US	30198
4152890	DeLand	US	30195
579529	Balabanovo	RU	30194
379416	Al Ḩawātah	SD	30184
5536630	시더시티	US	30184
1627969	Selogiri	ID	30180
8562558	Mugala	CN	30179
4167829	파클랜드	US	30177
259289	Kórinthos	GR	30176
1267182	Khair	IN	30173
2504110	Berriane	DZ	30170
1258895	Rajauli	IN	30170
157977	Kibiti	TZ	30163
3059050	Liptovský Mikuláš	SK	30162
6107325	Pointe-Claire	CA	30161
2460401	Bankass	ML	30159
2176122	Bentleigh East	AU	30159
3466062	Cláudio	BR	30159
1859941	가시마 시	JP	30159
726534	Svishtov	BG	30157
2657941	이베르동레뱅	CH	30157
2271473	Arrentela	PT	30156
2653947	Camberley	GB	30155
1637833	Lewoleba	ID	30151
1853662	Ōtake	JP	30151
3459869	Joaçaba	BR	30146
5225627	West Warwick	US	30146
2823799	Taunusstein	DE	30145
94298	Kifrī	IQ	30143
1573570	Năm Căn	VN	30135
543899	코스토묵샤	RU	30135
1280031	Shangpa	CN	30129
10849508	Kakkalapalle	IN	30128
2169460	Dandenong	AU	30127
1723166	Buhi	PH	30126
13353549	Cherukavu	IN	30126
6822177	Tōmi	JP	30122
1586384	Cam Lộ	VN	30111
2959083	Ahrensburg	DE	30103
2396651	Oyam	GA	30100
2837343	Schnelsen	DE	30100
1256823	Seoni Mālwa	IN	30100
1216475	무바레크	UZ	30100
1820187	Seria	BN	30097
1815856	Chahe	CN	30094
1515029	Ulaangom	MN	30092
1908015	Yebao	CN	30091
3026033	샤투	FR	30091
964363	Postmasburg	ZA	30089
1024687	Nhamatanda	MZ	30087
2658154	베르니에	CH	30086
123927	Mīnūdasht	IR	30085
1850269	Togitsu	JP	30084
2235776	Akonolinga	CM	30078
5122534	제임스타운	US	30075
2487805	Meskiana	DZ	30071
3168931	Rosignano Marittimo	IT	30071
1504343	Karpinsk	RU	30070
4481682	New Bern	US	30070
495518	Shatura	RU	30069
8223974	Oddanchathiram	IN	30064
1131833	Nīlī	AF	30058
716671	Ózd	HU	30056
2846843	Rietberg	DE	30055
2250645	Kédougou	SN	30051
8616067	Trâu Quỳ	VN	30051
2796132	Helchteren	BE	30050
2795261	Houthalen	BE	30050
2633765	Wishaw	GB	30050
3015490	Goussainville	FR	30047
192859	Kerugoya	KE	30045
734426	Ptolemaḯda	GR	30045
3610380	El Rosario	HN	30042
12719843	Whampoa Garden	HK	30038
5091872	로체스터	US	30038
3188244	Velika Gorica	HR	30036
3622217	Purral	CR	30034
3691530	Tambo Grande	PE	30033
12358515	Taiping	CN	30032
735803	Chalkidóna	GR	30030
1271900	Fatehpur Sīkri	IN	30026
10924927	Azhiyūr	IN	30023
4681976	Cleburne	US	30020
2161532	Keysborough	AU	30018
1507379	디브노고르스크	RU	30018
1735287	Bidur	MY	30016
1275016	Byādgi	IN	30014
1639002	Kuta	ID	30012
3185211	카바여	AL	30012
2265788	Montijo	PT	30011
2519466	Xirivella	ES	30002
2624906	Albertslund	DK	30000
582266	Amin’yevo	RU	30000
819552	Annino	RU	30000
4929314	Ashmont	US	30000
2521486	Atamaría	ES	30000
2656295	Barnet	GB	30000
7284803	Birpara	IN	30000
171147	Burj Islām	SY	30000
160552	Chato	TZ	30000
8504418	Cherpulassery	IN	30000
267305	Chmistâr	LB	30000
1586052	Cát Bà	VN	30000
566976	Davydkovo	RU	30000
292231	Dibba Al-Fujairah	AE	30000
13118651	Dlhé diely	SK	30000
2037330	Fuyuan	CN	30000
1141089	Ghormach	AF	30000
769893	Kabaty	PL	30000
231696	Kayunga	UG	30000
156973	Kisesa	TZ	30000
546244	Kolomenskoye	RU	30000
539839	Kudrovo	RU	30000
538472	Kur’yanovo	RU	30000
538321	Kuskovo	RU	30000
2479203	Lardjem	DZ	30000
6458708	Las Animas	CL	30000
536625	Lazarevskoye	RU	30000
536098	Leninskiye Gory	RU	30000
535966	Leonovo	RU	30000
533067	Luzhniki	RU	30000
1636029	Maros	ID	30000
701643	Masany	UA	30000
528454	Matveyevskoye	RU	30000
527057	Mikhalkovo	RU	30000
885792	Mount Hampden	ZW	30000
153094	Mpwapwa	TZ	30000
521416	Nikulino	RU	30000
509981	Petrovskaya	RU	30000
6324376	Pinar de Chamartín	ES	30000
6355013	Puerto del Carmen	ES	30000
2484187	Rais Hamidou	DZ	30000
3617052	Rivas	NI	30000
1822019	Suong	KH	30000
13118271	Taman Scientex	MY	30000
7858022	Taman Universiti	MY	30000
13561768	Tianducheng	CN	30000
1736314	Tokai	MY	30000
327234	Tulu Bolo	ET	30000
472079	Vorob’yovo	RU	30000
471456	Vostryakovo	RU	30000
7303020	Wittenberg	DE	30000
6941548	Ypenburg	NL	30000
6418201	Zagor’ye	RU	30000
1841976	구례	KR	30000
1280517	나취 지구	CN	30000
506117	안니노 역	RU	30000
3577154	오라녜스타트	AW	29998
1068865	Arivonimamo	MG	29997
3667887	Socorro	CO	29997
3453478	Pitanga	BR	29994
135205	Eshtehārd	IR	29993
3447423	Soledade	BR	29991
3447409	Sombrio	BR	29991
1280402	Nyêmo	CN	29989
3472277	Anchieta	BR	29984
3504158	Jarabacoa	DO	29983
12358445	Xihu	CN	29978
1262534	물타이	IN	29976
1269985	Holenarasipura	IN	29974
772195	기지츠코	PL	29972
7615192	Vila Galvão	BR	29968
3839444	Ramallo	AR	29964
5898265	Bendale	CA	29960
13118135	Jelebu	SG	29960
13631406	Shūrash	IQ	29960
3462549	Garopaba	BR	29959
7373480	Luoyu	CN	29955
2924803	Friedberg	DE	29953
6295550	Zürich (Kreis 6)	CH	29951
295571	Bāqa el Gharbīya	IL	29950
6691227	Radcliffe	GB	29950
1255175	Talāja	IN	29948
2464858	Tebourba	TN	29948
1280267	Qarek	CN	29946
4178560	윈터파크	US	29943
4350413	Carney	US	29941
4733313	Southlake	US	29941
8201845	Gérakas	GR	29939
1168036	Pind Dadan Khan	PK	29935
3407258	Arari	BR	29932
1263528	Marhaura	IN	29932
5391760	San Carlos	US	29931
12440486	Yishikuli	CN	29930
1267794	Kareli	IN	29929
3461368	Imbituva	BR	29924
898905	Sesheke	ZM	29922
668314	Săcele	RO	29918
751971	Araklı	TR	29917
1818062	Anhua	CN	29916
538416	Kushchyovskaya	RU	29915
7279742	Baddi	IN	29911
1275849	Bhongaon	IN	29911
3520994	푸에르토에스콘디도	MX	29903
3173945	Marigliano	IT	29901
585379	Haji Zeynalabdin	AZ	29900
2184904	Paraparaumu	NZ	29900
4231874	Woodstock	US	29898
1260609	Pānakkudi	IN	29895
3447718	Serra Negra	BR	29894
2997803	Lomme	FR	29892
13561750	Huyanghe	CN	29891
259128	Metamórfosi	GR	29891
2938389	Delbrück	DE	29884
1702413	Malvar	PH	29880
7261759	East Hill-Meridian	US	29878
4903730	Niles	US	29876
2807872	Winnenden	DE	29876
2969257	비에르종	FR	29876
1271839	Gadhada	IN	29872
4330525	Laplace	US	29872
10929812	Pūlakkōd	IN	29872
1179757	Upper Dir	PK	29869
2436400	Ati	TD	29867
4177965	웨스트체스터	US	29862
461699	사소보	RU	29858
2498000	El Idrissia	DZ	29856
3446019	Triunfo	BR	29856
4034561	Faaa	PF	29851
3674676	Mitú	CO	29850
1486039	Yemanzhelinsk	RU	29849
3180792	Canosa di Puglia	IT	29847
3391287	Prainha	BR	29846
8426046	Ujeścisko-Łostowice	PL	29845
7662752	Gihombo	RW	29843
9888792	Bostanlı	TR	29842
1262596	Mukeriān	IN	29841
6698332	Infernetto	IT	29838
3616594	San Rafael del Sur	NI	29836
1258677	Rāmgarh	IN	29834
1524801	Shiyeli	KZ	29832
13546340	Pauk Kone	MM	29829
2830035	Springe	DE	29828
1730171	Aringay	PH	29825
401202	Pāsārgād	IR	29825
1054500	Tsiombe	MG	29825
3176561	Frattamaggiore	IT	29822
6318091	Querência	BR	29820
5325111	Atascadero	US	29819
2785389	통에런	BE	29816
2799746	Deinze	BE	29815
5159537	켄트	US	29810
3093066	워비치	PL	29809
11679729	Ariyānkuppam	IN	29808
2144764	왕가라타	AU	29808
2781503	브레겐츠	AT	29806
11463687	Karumālūr	IN	29805
156974	Kisesa	TZ	29804
339473	Dembech’a	ET	29800
8948703	San Paolo	IT	29800
495619	Shar’ya	RU	29800
6243926	블레넘	NZ	29800
1516048	호브드	MN	29800
3515796	Tequisquiapan	MX	29799
1805576	Jingui	CN	29796
3627382	Santa Elena de Uairén	VE	29795
9534257	Amdjarass	TD	29793
106667	Fayfā’	SA	29793
3836993	Villa General San Martín	AR	29789
1265916	Kottārakara	IN	29788
4566002	Levittown	PR	29785
93709	Mandalī	IQ	29785
3671549	Puerto Asís	CO	29782
4937829	Gloucester	US	29781
1263280	Mavoor	IN	29781
3518293	San Miguel Ajusco	MX	29781
972206	Mookgophong	ZA	29778
2783985	워털루	BE	29778
1734885	Gemas	MY	29777
362	Shahrak-e Qods	IR	29774
3068293	피세크	CZ	29774
933521	로바체	BW	29772
1178560	Ghauspur	PK	29767
2269282	Charneca de Caparica	PT	29763
3626741	Soledad	VE	29763
3129329	Arteixo	ES	29762
1185173	Mathba	BD	29760
2874455	Mahlsdorf	DE	29757
1188204	Shāhbāzpur Town	BD	29757
4302561	Nicholasville	US	29754
163533	Tallkalakh	SY	29754
776597	Augustów	PL	29752
5004188	오크파크	US	29752
2931804	Einbeck	DE	29751
1563490	Tu Bông	VN	29751
1184752	Akora Khattak	PK	29750
2304421	Anyinam	GH	29748
2303789	Atronie	GH	29748
9972762	Hurstville	AU	29744
4895876	하일랜드파크	US	29743
2431724	Gounou Gaya	TD	29742
2978072	생메다르앙잘	FR	29742
1259693	Pilāni	IN	29741
3467718	Campo Magro	BR	29740
2121052	Sovetskaya Gavan’	RU	29740
117096	Sardrūd	IR	29739
3770718	Morales	CO	29737
3469481	Bom Jardim	BR	29736
309663	Karakoçan	TR	29735
2481058	Sidi Amrane	DZ	29734
1273109	Devarkonda	IN	29731
2817812	Vechta	DE	29729
2646460	Hucknall	GB	29728
7021332	Karambi	RW	29726
1258875	Rājgarh	IN	29726
2972893	티에	FR	29724
2866906	나움부르크	DE	29722
128748	Karahrūd	IR	29721
1683116	Tangub	PH	29721
1794227	Dachang Shandao	CN	29717
11502187	Mīnād	IN	29716
1628858	Sanana	ID	29716
2759154	Bergen	NL	29715
3028542	카르팡트라	FR	29709
8618019	Nedumbassery	IN	29706
3534363	Vertientes	CU	29704
2998632	L'Haÿ-les-Roses	FR	29703
12358510	Nuozhadu	CN	29703
1676242	헝춘 진	TW	29702
233840	Buyende	UG	29700
616631	아르마비르	AM	29700
878195	Lukuledi	TZ	29699
1792557	Tongxi	CN	29699
104716	Laylá	SA	29698
1942254	Yantai	CN	29695
1833514	Waegwan	KR	29691
3407687	Anajás	BR	29688
12626175	Desmarchais-Crawford	CA	29688
1037792	Micolene	MZ	29686
421930	Vyanda	BI	29685
3469984	Biritiba Mirim	BR	29683
1512449	Uychi	UZ	29683
203046	Bushekeri	RW	29680
9290061	Kimokawa	JP	29680
11288638	Santa Rita	IT	29680
4290988	Elizabethtown	US	29678
7626291	La Rinconada	PE	29678
5146256	Austintown	US	29677
6089661	North Cowichan	CA	29676
144443	Ajab Shīr	IR	29675
4012605	Coyula	MX	29674
1795751	Yunlong	CN	29673
3397904	Itapissuma	BR	29669
3403362	Canguaretama	BR	29668
3172379	Nardò	IT	29668
1258786	Rājūra	IN	29668
1800854	Meijiang	CN	29667
1275646	Bilāri	IN	29666
2741667	Campanhã	PT	29666
1262338	Mūvattupula	IN	29664
2650188	Egham	GB	29663
5345032	East Palo Alto	US	29662
3392478	Pedras de Fogo	BR	29662
12156828	Mount Pleasant West	CA	29658
4369964	South Gate	US	29658
1279323	Adūr	IN	29652
2994497	Menton	FR	29649
2279235	Zouan-Hounien	CI	29649
8399043	Caotang	CN	29647
1315244	Labutta	MM	29645
1818268	Yau Ma Tei	HK	29644
1640889	Kawasi	ID	29642
6949674	Lyon 01	FR	29641
5435477	Pueblo West	US	29637
1860772	Kaitaichi	JP	29636
13353686	Walwadi	IN	29636
13353519	Puthuppally	IN	29635
2508455	Ahmed Bel Hadj	DZ	29629
1263021	Mīrānpur Katra	IN	29626
1258950	Rāisinghnagar	IN	29626
11189062	Kidarakulam	IN	29624
2744332	Winterswijk	NL	29623
2801924	Bilzen	BE	29622
5132002	Port Chester	US	29620
1265394	Kuttuparamba	IN	29619
3454827	Paty do Alferes	BR	29619
1861454	Isawa	JP	29616
181501	Pumwani	KE	29616
2620147	Holbæk	DK	29608
3712884	Cativá	PA	29607
628634	Dzyarzhynsk	BY	29607
8425982	Psie Pole Zawidawie	PL	29606
1737489	Sebauh	MY	29606
548391	키롭스크	RU	29605
1611635	Betong	TH	29604
3516926	Pinotepa Nacional	MX	29604
5102922	프린스턴	US	29603
234717	Bombo	UG	29600
2957185	Altglienicke	DE	29595
1734854	Rembau	MY	29595
553034	Kapotnya	RU	29594
9017898	Yamaguma	JP	29591
1278455	Ārangaon	IN	29591
7261291	Fort Cavazos	US	29589
4204230	LaGrange	US	29588
713513	알루슈타	UA	29586
12519043	Pakridayal	IN	29582
6318433	São Gabriel do Oeste	BR	29579
12420983	Tuomuwusitang	CN	29579
1272962	Dhanera	IN	29578
1175180	Kalur Kot	PK	29578
3461477	Iguaba Grande	BR	29577
3470718	Barra do Bugres	BR	29576
11463796	Chengamanād	IN	29576
678459	Fălticeni	RO	29576
691469	Tokmak	UA	29573
1265246	Lākheri	IN	29572
10629189	Kalavoor	IN	29564
2448245	Abalak	NE	29561
3564084	Ciro Redondo	CU	29560
3460355	Jaciara	BR	29560
2488500	Mekla	DZ	29560
172059	Az Zabadānī	SY	29549
5092268	Salem	US	29549
1157683	Bang Phae	TH	29548
1208011	Burirchar	BD	29542
12746539	Lower Wong Tai Sin Estate (I & II)	HK	29542
3137942	Sola	NO	29541
3671208	Purificación	CO	29539
3467956	Cambuí	BR	29536
1314619	Lawksawk	MM	29533
3082998	Turek	PL	29533
1276589	Behror	IN	29531
2923362	Gaggenau	DE	29529
1626493	Srandakan	ID	29529
4081644	Opelika	US	29527
5884083	Alma	CA	29526
13607831	Latour	SR	29526
2637087	Stanford-le-Hope	GB	29525
2792073	Louvain-la-Neuve	BE	29521
2303236	Begoro	GH	29516
2978891	생로랑뒤바르	FR	29516
2980340	Saintes	FR	29512
2758460	Boxtel	NL	29511
1466025	Reddipālaiyam	IN	29511
1880761	Boon Lay	SG	29510
2157995	Merrylands	AU	29508
5103055	Rahway	US	29508
3618926	Jinotepe	NI	29507
2638187	세븐오크스	GB	29506
306041	Kozluk	TR	29502
2479916	Sidi Okba	DZ	29499
1252653	Zunheboto	IN	29499
727221	실리스트라	BG	29498
5126827	Middle Village	US	29491
4903862	North Chicago	US	29491
2922102	Geesthacht	DE	29487
1258891	Rajaori	IN	29486
2508309	’Aïn Abid	DZ	29486
1855363	Nirasaki	JP	29483
3509363	Constanza	DO	29481
2645721	Kidsgrove	GB	29480
3154084	하마르	NO	29479
4642938	Morristown	US	29478
3527795	Escárcega	MX	29477
11549944	Goya	ES	29477
107312	아브카이크	SA	29474
2800063	Courcelles	BE	29473
2645972	Jarrow	GB	29470
2281120	Tabou	CI	29469
8224728	Sankagiri	IN	29467
13353685	Mharal Bk	IN	29462
2394711	Dassa-Zoumè	BJ	29461
1264301	Maināguri	IN	29459
11669492	Altona-Altstadt	DE	29455
11184656	Nedumpana	IN	29454
2486177	N’Gaous	DZ	29453
3682108	Garzón	CO	29451
3632072	Montalbán	VE	29451
3467542	Cândido Mota	BR	29449
2422442	Dabola	GN	29449
3204674	바치카팔란카	RS	29449
11502193	Puttankulam	IN	29447
5283837	체셔	US	29443
1262230	Nāgar Karnūl	IN	29439
1257819	Sāgwāra	IN	29439
5283054	Branford	US	29438
3453610	Piraju	BR	29436
1854849	오바마 시	JP	29435
1301005	Paung	MM	29434
10778122	Ibrāhīmpatnam	IN	29432
925498	Mzimba	MW	29432
2913195	Haan	DE	29431
1857208	미나마타 시	JP	29428
3404760	Bujaru	BR	29427
2983276	로슈포르	FR	29427
1815413	Chaotian	CN	29424
2032814	Arvayheer	MN	29420
2996514	Malakoff	FR	29420
1626903	Singojuruh	ID	29418
1253605	Vadakku Valliyūr	IN	29417
1269298	Jāmtāra	IN	29415
3925118	Espigão dOeste	BR	29414
746234	Gürpınar	TR	29411
3456485	Muritiba	BR	29410
8405701	Pingshan	CN	29409
170959	Dā‘il	SY	29408
2499116	Draa Ben Khedda	DZ	29403
1266806	Khedbrahma	IN	29402
4405188	Raytown	US	29401
335808	Komtikas	ET	29400
230331	Kyegegwa	UG	29400
764634	Mława	PL	29398
153412	Mlandizi	TZ	29394
10741023	Xichuan	CN	29394
418571	Qahderījān	IR	29392
12719432	South Horizons	HK	29391
1254380	Tirukkalikkunram	IN	29391
289523	Umm Şalāl Muḩammad	QA	29391
1880184	Thomson	SG	29390
1966336	Bagong Pagasa	PH	29389
10929642	Talakkolattur	IN	29388
2516345	Xàtiva	ES	29386
2263480	Santarém	PT	29385
1182998	Bela	PK	29380
125926	Lamerd	IR	29380
1260702	Pālkonda	IN	29378
3996595	Marfil	MX	29375
2846939	Riesa	DE	29373
3580661	조지타운	KY	29370
3878456	누에바임페리알	CL	29366
11903642	Gries	AT	29363
2641519	Newtownards	GB	29363
4156331	Fruit Cove	US	29362
3462022	Guaçuí	BR	29358
1729987	Atimonan	PH	29356
11549963	Bellas Vistas	ES	29355
12640237	Collo	DZ	29354
3049880	Kiskunhalas	HU	29354
11523476	Cheruthazham	IN	29348
1272861	Dhāri	IN	29346
490391	Sosnogorsk	RU	29343
2522297	Alaquàs	ES	29341
11463522	Amballūr	IN	29341
2651269	Didcot	GB	29341
11185666	Koovappady	IN	29339
3838564	Rosario de la Frontera	AR	29336
1164076	Thal	PK	29331
5006233	Port Huron	US	29330
8740221	Smach Mean Chey	KH	29329
8181689	Chendamangalam	IN	29326
5118701	Glenville	US	29326
4952762	Tewksbury	US	29326
5991909	Killarney	CA	29325
3600931	Tela	HN	29325
4568533	Vega Baja	PR	29325
9888806	Şemikler	TR	29321
5117891	Franklin Square	US	29320
2516443	Ingenio	ES	29319
2641810	Nelson	GB	29317
1269056	Jewar	IN	29316
3020832	드라베이	FR	29316
2667402	트렐레보리	SE	29316
1261604	Nawāpāra	IN	29315
1670436	Pitou	TW	29314
10227184	Yehud-Monosson	IL	29312
3979442	Santa Isabel	MX	29311
2516452	Inca	ES	29308
13157137	Tarsadi	IN	29305
1261515	Ner	IN	29302
4646571	오크리지	US	29302
2181133	팀아루	NZ	29300
2857943	Oelde	DE	29297
1789133	Xindian	CN	29297
3682458	Flandes	CO	29296
13562032	Longfellow Community	US	29295
1733468	Tambunan	MY	29294
7021426	Nyabitekeli	RW	29293
5010646	Southgate	US	29293
1716858	Cordova	PH	29289
525162	Morozovsk	RU	29289
359841	As Sarw	EG	29286
8416237	Qingxi	CN	29285
3396268	Limoeiro do Ajuru	BR	29282
2228028	Mbandjok	CM	29281
7932385	Piton Saint-Leu	RE	29278
2978771	Saint-Leu	FR	29278
11549777	el Putxet i el Farró	ES	29278
2652513	Colwyn Bay	GB	29275
10971146	Machiya	JP	29272
463637	Zernograd	RU	29268
4013579	Cocula	MX	29267
1125155	Shīnḏanḏ	AF	29264
11611608	Saito	JP	29262
1256706	Shāhpura	IN	29259
163270	Ţayyibat al Imām	SY	29259
4833425	East Haven	US	29257
2758174	Brunssum	NL	29254
6619708	Majorna	SE	29254
3455029	Paratinga	BR	29252
4251841	Upper Alton	US	29251
11549811	la Verneda i la Pau	ES	29250
2511239	San Roque	ES	29249
13353548	Vijayapuram	IN	29248
8604682	Johnston	US	29247
2654252	Burntwood	GB	29244
1269862	Husainābād	IN	29241
2265447	Olhão	PT	29239
1836208	Seonghwan	KR	29239
3589101	Santiago Sacatepéquez	GT	29238
2976984	생세바스티앙쉬르루아르	FR	29238
5325187	Atwater	US	29237
174506	Hajīn	SY	29237
8224612	Udaipurwati	IN	29236
320533	Bucak	TR	29234
1278036	Bachhraon	IN	29232
3103476	Bielawa	PL	29232
1269267	Jandiāla Gurū	IN	29232
3094625	Krotoszyn	PL	29231
12035902	San Vicente	AR	29231
3164741	Vanchiglia	IT	29230
1862130	Hōshakuji	JP	29229
3121751	Galdakao	ES	29226
2477148	Ténès	DZ	29220
1721077	Mapun	PH	29218
2751687	Leusden	NL	29215
6295540	Zürich (Kreis 2)	CH	29215
1794650	Shuanglong	CN	29213
1614336	Ban Phan Don	TH	29211
2510224	Totana	ES	29211
2653680	Carrickfergus	GB	29208
1269693	Irinjālakuda	IN	29208
7258780	West Falls Church	US	29207
7602388	Shahhat	LY	29206
1904163	Wutan	CN	29206
3981885	테킬라	MX	29203
1266485	Renwāl	IN	29201
5219585	Williamsport	US	29201
1217658	Bulung’ur Shahri	UZ	29200
11776362	Demiyivka	UA	29200
12640447	Mehoni	ET	29200
12640451	Wonji	ET	29200
3112154	Redondela	ES	29194
159179	Ilula	TZ	29193
10627510	Kumbalam	IN	29193
1621439	Wongsorejo	ID	29193
4192289	덜루스	US	29193
3386567	São João dos Inhamuns	BR	29188
1276754	Basni	IN	29187
1767021	Kampong Masjid Tanah	MY	29185
3450288	Santa Cruz Cabrália	BR	29185
775758	Bochnia	PL	29184
3386372	Timbiras	BR	29183
6941080	포트 브래그	US	29183
12719791	South Horizons (Estate)	HK	29180
3387082	Tabira	BR	29180
261249	카마테로	GR	29179
3472666	Alegre	BR	29177
5964731	Grandview-Woodlands	CA	29175
3483197	San Fernando	MX	29171
3589548	San Sebastián	GT	29167
4129397	러셀빌	US	29166
3694178	Pacasmayo	PE	29165
7302854	Morigaon	IN	29164
3124967	Ciutadella	ES	29160
1819529	Leighton Hill	HK	29160
1264553	마드기리	IN	29159
2896753	Idar-Oberstein	DE	29158
13353547	Urakam	IN	29157
418699	Khowrzūq	IR	29154
3004630	르셰네	FR	29154
1178841	Garh Maharaja	PK	29153
3995017	Navolato	MX	29153
2645826	켄들	GB	29147
2809984	Wetter	DE	29146
1278405	Ariyalūr	IN	29144
138042	Damāvand	IR	29144
1269670	Islāmnagar	IN	29144
4490329	Sanford	US	29144
4696202	Harker Heights	US	29142
1260456	Ponmana	IN	29139
2652437	Consett	GB	29137
2228902	Makak	CM	29135
12450883	Dongwenquan	CN	29134
13526830	Blankenfelde-Mahlow	DE	29129
675892	Huşi	RO	29129
4885983	Burbank	US	29128
1264395	Mahendragarh	IN	29128
12719976	Mudalgi	IN	29128
1262093	Nakrekal	IN	29126
2514301	Maó	ES	29125
8948704	Monterusciello	IT	29125
2972237	투른푀유	FR	29124
1856476	Muikamachi	JP	29123
13494084	Ban Chang Lo	TH	29122
3448453	São Miguel do Iguaçu	BR	29122
1465888	Unamaucheri	IN	29122
13118928	New Bani Sewif City	EG	29117
1735553	Tanah Merah	MY	29116
5882600	Agincourt North	CA	29113
1270937	Gorai	IN	29107
2633729	Witney	GB	29103
301256	셀추크	TR	29101
234658	Budaka	UG	29100
331038	Mendī	ET	29100
3667478	Tame	CO	29099
1176444	Jahanian Shah	PK	29095
2743131	Aldoar	PT	29085
8406204	Shizhi	CN	29085
1623251	Trenggalek	ID	29083
3175952	Gragnano	IT	29082
1170706	Mastung	PK	29082
4923210	Marion	US	29081
3179066	Cernusco sul Naviglio	IT	29078
169375	Inkhil	SY	29076
2647026	Heswall	GB	29075
2759040	Best	NL	29074
556230	Ipatovo	RU	29073
2068823	캘굴리	AU	29072
3460734	Itaperuçu	BR	29070
3126558	Canillejas	ES	29067
1878389	정주	KP	29065
191038	Kitui	KE	29062
7733099	Mioveni	RO	29062
3024596	클리시수부아	FR	29062
3454968	Paripiranga	BR	29058
1610505	Kaeng Khro	TH	29056
4239714	Granite City	US	29054
3453635	Piraí	BR	29054
1907994	Shiqiao	CN	29050
1253635	Uttamapālaiyam	IN	29050
1688425	San Simon	PH	29049
3620674	Boaco	NI	29046
1267044	Khandela	IN	29044
2735787	Póvoa de Varzim	PT	29044
4362438	Milford Mill	US	29042
1857751	Maki	JP	29041
4004293	Ixtapa	MX	29036
1256050	Sirsāganj	IN	29034
1346629	Layka	CN	29032
1519230	Shelek	KZ	29032
3691324	Tocache	PE	29029
479028	Unecha	RU	29028
2130534	비바이 시	JP	29028
6690572	Kilburn	GB	29027
2344854	Dikwa	NG	29026
4899184	Lake in the Hills	US	29024
3449884	Nova Santa Rita	BR	29024
13645442	Alsórákos	HU	29023
6137941	Sainte-Julie	CA	29019
284315	베들레헴	PS	29019
2752264	Krimpen aan den IJssel	NL	29017
131559	Hendījān	IR	29015
2484891	Ouled Haddaj	DZ	29012
3466902	Carmo do Paranaíba	BR	29011
4193699	Evans	US	29011
1683302	Tandag	PH	29011
3147474	릴레함메르	NO	29011
3084130	Swarzędz	PL	29010
542461	Krasnoarmeyskaya	RU	29009
4245926	O'Fallon	US	29002
12022944	Chinatown	IT	29000
1274020	Chodavaram	IN	29000
232146	Kasaali	UG	29000
1171006	Manhala	PK	29000
152663	Mugumu	TZ	29000
7855993	Santa Clara	AO	29000
2474141	Boumerdas	DZ	28996
1253860	Umarkot	IN	28993
1848991	Wadayama	JP	28989
2833073	젠프텐베르크	DE	28988
3547600	Mariel	CU	28987
2221362	Touboro	CM	28987
2280376	Touba	CI	28986
2803033	아서	BE	28985
546672	Kokhma	RU	28984
6822124	Oyabe	JP	28983
3025892	Chaumont	FR	28981
1234393	Mullaittivu	LK	28973
1731959	Agoo	PH	28972
1854665	Ogawamachi	JP	28971
133972	Germī	IR	28967
5117663	Fort Hamilton	US	28966
134613	Ferdows	IR	28965
3098171	Grzegórzki	PL	28960
2519110	Crevillente	ES	28957
5460459	칼즈배드	US	28957
2949073	Biesdorf	DE	28955
3621184	Turrialba	CR	28955
1177308	Hajira	PK	28953
13353684	Hupari	IN	28953
3934707	Mollendo	PE	28953
2980236	생테티엔뒤루브레	FR	28953
2653290	Cheadle Hulme	GB	28952
1638352	Lasem	ID	28948
3533753	Yara	CU	28944
2208285	Randwick	AU	28943
11258605	Düsseldorf-Pempelfort	DE	28941
1255597	Suār	IN	28941
2656490	밸리미나	GB	28932
3460412	Jaguaré	BR	28931
727696	라즈그라드	BG	28931
2734140	Senhora da Hora	PT	28930
7909857	Devadurga	IN	28929
2994048	메이지외	FR	28929
1263649	Manoharpur	IN	28928
2522325	Agüimes	ES	28924
1876153	Kangdong-ŭp	KP	28922
4155017	Ferry Pass	US	28921
1851440	Sumiyoshi	JP	28919
13589156	Airport	US	28916
2266703	Marinha Grande	PT	28916
5301067	Kingman	US	28912
3175500	Pallanza-Intra-Suna	IT	28911
2510764	Sueca	ES	28908
3467550	Candelária	BR	28906
170785	Dayr Ḩāfir	SY	28905
5379609	Orcutt	US	28905
2264359	Póvoa de Santa Iria	PT	28901
2206890	매스터턴	NZ	28900
1262151	Nāhan	IN	28899
2370458	Quelele	GW	28898
2967245	Yerres	FR	28897
6318793	Três Marias	BR	28895
3465487	Coromandel	BR	28894
912628	Kasempa	ZM	28894
4294494	Henderson	US	28890
1265323	Lādwa	IN	28887
4945055	Needham	US	28886
3583981	Quezaltepeque	SV	28886
10261622	Gil	IN	28884
4919451	Crown Point	US	28879
562237	가가린	RU	28879
3391991	Piracuruca	BR	28874
1791875	Wangu	CN	28871
1270667	Gunupur	IN	28870
3466950	Carinhanha	BR	28869
1278124	Avinashi	IN	28868
694792	Sarny	UA	28865
2992938	몽벨리아르	FR	28865
9888776	Ataşehir	TR	28864
8068982	Oba	TR	28864
3450283	Santa Cruz das Palmeiras	BR	28864
631707	Vihti	FI	28864
5517061	Big Spring	US	28862
2461993	El Marsa	EH	28848
1266038	Kotagiri	IN	28848
2511700	Rota	ES	28848
1240622	Kelaniya	LK	28846
11550005	Portazgo	ES	28841
2423018	Bissikrima	GN	28840
2239001	N'zeto	AO	28840
2981041	Saint-Cloud	FR	28839
3167116	Sarno	IT	28837
3595232	Jalpatagua	GT	28832
2284460	M’Bengué	CI	28832
3350372	Catabola	AO	28831
4935038	Dracut	US	28831
3461628	Ibaiti	BR	28830
2413696	Busumbala	GM	28829
3621753	San Miguel	CR	28827
3398401	Ibimirim	BR	28825
13132728	Manyama	ZM	28825
1792818	Tiaoshi	CN	28825
4928934	Allston	US	28821
3433836	Garupá	AR	28814
1256333	Sikka	IN	28814
738064	Yakuplu	TR	28811
8406686	Guanzhuang	CN	28805
13157157	Panipat Taraf Rajputan	IN	28803
2292085	Gbapleu	CI	28802
1512770	Sirdaryo	UZ	28800
3445594	Valente	BR	28800
2817927	Vaihingen an der Enz	DE	28798
3551608	La Salud	CU	28796
1266200	Kondotty	IN	28794
6317592	Minaçu	BR	28793
7281936	West Kelowna	CA	28793
4926170	Schererville	US	28791
4987482	Burton	US	28788
10979195	Matsubushi	JP	28787
2110481	Yoshioka	JP	28786
3053163	에스테르곰	HU	28785
12358444	Heshan	CN	28784
1230613	Peliyagoda	LK	28784
664437	투르누머구렐레	RO	28783
10519399	Desāīganj	IN	28781
1257936	Rusera	IN	28781
5387494	리지크레스트	US	28780
556320	Inozemtsevo	RU	28779
4845920	윈저	US	28778
2173605	Buderim	AU	28774
477626	Uvarovo	RU	28771
3064673	슘페르크	CZ	28768
5520677	Eagle Pass	US	28765
11550027	Simancas	ES	28765
2474399	Zighout Youcef	DZ	28764
4928788	Agawam	US	28761
3665559	Zarzal	CO	28761
3433753	Gobernador Virasora	AR	28756
1264592	Maddūr	IN	28754
3544171	Pilón	CU	28752
8417604	Longxing	CN	28746
624034	Osipovichi	BY	28745
1622552	Utan	ID	28745
4740364	Weatherford	US	28742
1261205	농스토인	IN	28742
3100974	Czerwionka-Leszczyny	PL	28740
3460530	Ituberá	BR	28740
3895079	Chillán Viejo	CL	28735
2329920	Moriki	NG	28735
1258993	Rāikot	IN	28734
4373104	West Elkridge	US	28734
2112016	Makuhari	JP	28729
2508157	Ain el Hadjel	DZ	28728
370838	Maiurno	SD	28727
3652977	Pomasqui	EC	28724
13156929	Dinapur Cantonment	IN	28723
1850630	Tanuma	JP	28723
1269023	Jhālod	IN	28720
2157635	Mill Park	AU	28712
1296536	Shwe Lin Ban	MM	28711
3119045	La Sagrera	ES	28710
2885237	쾨텐	DE	28710
2523871	Partinico	IT	28708
538138	Kuvandyk	RU	28706
1267786	Karera	IN	28705
3081324	Września	PL	28703
3178998	Cervia	IT	28700
226835	Pakwach	UG	28700
2975050	Sens	FR	28700
4919857	이스트시카고	US	28699
3578978	Le Gosier	GP	28698
1737936	Beluru	MY	28695
3391395	Porto da Folha	BR	28693
11025266	Sabaa Aiyoun	MA	28693
3668332	Santo Tomás	CO	28693
1262419	Murlīganj	IN	28691
557882	구세프	RU	28690
3007477	랑	FR	28688
3460940	Itacaré	BR	28684
3173160	Mondragone	IT	28683
1255704	Soron	IN	28683
1948015	Amphoe Sikhiu	TH	28681
3516188	Tecamachalco	MX	28679
3684579	El Charco	CO	28673
3449479	Santo Antônio do Sudoeste	BR	28673
2655707	Bideford	GB	28672
2639268	로체스터	GB	28671
2525643	Avola	IT	28666
3944179	Chaupimarca	PE	28666
157960	Kibondo	TZ	28666
737611	Yenişehir	TR	28656
2921653	Geislingen an der Steige	DE	28655
5747882	Redmond	US	28654
162199	Änew	TM	28653
2502924	Boukadir	DZ	28652
2757340	Delfzijl	NL	28649
2684395	Partille	SE	28648
1262591	Mukher	IN	28647
1647187	Ceper	ID	28646
11664494	Vandiyūr	IN	28646
1279066	Alandi	IN	28645
142000	Bahār	IR	28645
1819923	Chuk Yuen	HK	28645
406462	Nasir Abaad	IR	28644
122544	Nasirshahr	IR	28644
1728825	Bah-Bah	PH	28643
4116315	잭슨빌	US	28643
2253901	Bignona	SN	28642
5530937	Socorro Mission Number 1 Colonia	US	28637
664963	Târnăveni	RO	28634
3993985	Pabellón de Arteaga	MX	28633
1260052	Pattāmbi	IN	28632
1254794	Tekkali	IN	28631
294981	Giv'at Shmuel	IL	28628
10267168	Sue	JP	28628
1272259	Duliajan	IN	28626
13156908	Duliajan Oil Town	IN	28626
627905	Horki	BY	28626
3173962	Marghera	IT	28622
3491946	Villa Consuelo	DO	28621
2520477	Camas	ES	28620
2520118	Carmona	ES	28620
2359227	Kombissiri	BF	28617
2358100	Manga	BF	28615
3008218	랑브르사르	FR	28613
1280124	Ruidian	CN	28612
639406	리히매키	FI	28610
3530587	Ciudad Sahagun	MX	28609
771804	Gorlice	PL	28609
2941976	Bühl	DE	28608
6316389	Anapu	BR	28607
310641	Kaman	TR	28605
2394822	Kopargo	BJ	28605
1695583	Pandacaqui	PH	28603
11520363	Kāraippudūr	IN	28602
4945952	Norwood	US	28602
7001297	Gangxia	CN	28600
230299	Kyenjojo	UG	28600
6316600	Bom Jesus das Selvas	BR	28599
1676682	Xizhou	TW	28597
314903	Foça	TR	28594
3456366	Nazaré	BR	28594
11477658	Ambikāpuram	IN	28592
3460505	Iúna	BR	28590
1504489	Karasuk	RU	28589
3451856	Rancharia	BR	28588
2151649	Richmond	AU	28587
11522212	Sūryampālaiyam	IN	28585
746940	Gerede	TR	28582
570563	부투를리놉카	RU	28581
3515064	Tula de Allende	MX	28577
11549952	Delicias	ES	28575
12519055	Motipur	IN	28572
6315399	Isakogorka	RU	28571
1237980	쿠루네갈라	LK	28571
1796642	Sanqu	CN	28563
1512658	Toshbuloq	UZ	28562
1797755	Qingshizui	CN	28561
1279058	Ālangulam	IN	28558
2486825	Mouzaïa	DZ	28552
2495846	Grarem	DZ	28551
3684452	El Copey	CO	28550
1279356	Addanki	IN	28547
2637958	Shipley	GB	28544
6231929	Mangere East	NZ	28540
4945819	Northampton	US	28540
5097672	엥글우드	US	28539
1276478	Bemetāra	IN	28536
2494548	Hammamet	DZ	28536
2867985	Mühlheim am Main	DE	28534
6144312	Sept-Îles	CA	28534
118223	Rūdehen	IR	28533
1630088	Randudongkal	ID	28532
2814005	Warstein	DE	28532
1722985	Bulan	PH	28529
2460584	Bamba	ML	28524
1862689	Hiji	JP	28524
3176738	Formia	IT	28521
2225457	Nanga Eboko	CM	28518
3468157	Cajati	BR	28515
2129003	Honchō	JP	28514
727447	Sandanski	BG	28510
697576	Zlatopil	UA	28510
4161313	Lake Magdalene	US	28509
6825493	Tainai	JP	28509
3664659	Carauari	BR	28508
1263051	밀락	IN	28505
1264756	Losal	IN	28504
1703450	Majayjay	PH	28504
1504317	Kartaly	RU	28503
2734106	Sequeira	PT	28502
10630007	쓰시마 시	JP	28502
334826	Hāyk’	ET	28500
2412749	Lamin	GM	28500
13645622	Novobilychi	UA	28500
3882559	Longaví	CL	28499
1258815	알리야푸르	IN	28498
1606807	Sa Kaeo	TH	28497
1260335	Pārdi	IN	28495
2872155	마이센	DE	28492
109306	Al Khurmah	SA	28491
841006	Kochubeyevskoye	RU	28491
3588653	Sumpango	GT	28488
3855974	Esquel	AR	28486
1650572	Balapulang	ID	28483
2818766	Unterschleißheim	DE	28482
4365227	Perry Hall	US	28474
2656086	Bearsden	GB	28470
188045	Makutano	KE	28469
8418559	Zhifeng	CN	28467
4639848	메리빌	US	28464
10920829	Horikiri	JP	28463
320552	Bozyazı	TR	28456
2012557	Zheleznogorsk-Ilimskiy	RU	28456
1266518	킨와트	IN	28454
2633653	Wood Green	GB	28453
3987246	San Felipe	MX	28452
3395440	Marapanim	BR	28450
13353614	Pasan	IN	28447
1265166	Lālgola	IN	28442
3462369	Goioerê	BR	28437
1253638	Utraula	IN	28437
908913	Luwingu	ZM	28436
2496042	Ghazaouet	DZ	28433
1171165	Mananwala	PK	28432
1277769	Baikunthpur	IN	28431
2214433	Nālūt	LY	28431
1072849	Ankazobe	MG	28430
1268810	조와이	IN	28430
706165	Khust	UA	28424
1512350	Yangiqo‘rg‘on	UZ	28422
5930890	Courtenay	CA	28420
2513145	Oliva	ES	28419
2654179	Bushey	GB	28416
1594188	An Trạch	VN	28412
11501674	Ochira	IN	28412
3457133	Miracema	BR	28411
648232	Leppävaara	FI	28409
1258406	Rāpar	IN	28407
1081530	Ambodifotatra	MG	28406
4921476	Hobart	US	28404
2428231	Massaguet	TD	28401
1515436	Ölgii	MN	28400
2504486	Ben Mehidi	DZ	28398
5118005	Fresh Meadows	US	28397
738803	Terme	TR	28397
13353374	Jammu Cantonment	IN	28396
710400	Chortkiv	UA	28393
4292188	프랭크퍼트	US	28391
1277216	Bānswāda	IN	28384
11777075	Agui	JP	28383
8400150	Nanya	CN	28382
2538059	Rich	MA	28382
3465764	Conceição das Alagoas	BR	28381
4397962	Mehlville	US	28380
1620919	Bang Bo District	TH	28376
367972	Rufā‘a	SD	28374
2866070	Neuburg an der Donau	DE	28370
1269943	호사두르가	IN	28370
7340460	Majie	CN	28369
7302846	Ramanayyapeta	IN	28369
2972049	트라프	FR	28367
4580599	Greer	US	28365
251780	Voúla	GR	28364
198644	Elburgon	KE	28359
1735188	Hutan Melintang	MY	28357
1865661	Aioi	JP	28355
3110143	Sant Pere de Ribes	ES	28353
1317511	Kungyangon	MM	28352
772227	Gierłoż	PL	28351
3168414	San Donato Milanese	IT	28351
1880135	Yio Chu Kang	SG	28350
4899340	Lansing	US	28349
5120095	Harrison	US	28348
1698103	Narra	PH	28342
3452440	Prata	BR	28342
686590	Aiud	RO	28341
3392916	Passira	BR	28340
5374361	몬터레이	US	28338
1263034	Mīnjūr	IN	28337
2983154	로데즈	FR	28337
5342710	Desert Hot Springs	US	28335
5143866	West Islip	US	28335
1864025	Fukiage-fujimi	JP	28334
2921837	Geilenkirchen	DE	28334
2299233	Kpandu	GH	28334
1255792	Sonāmukhi	IN	28334
1579019	Kiến An	VN	28333
12324260	Zheshan	CN	28333
1265752	Kukshi	IN	28331
2804922	Zeitz	DE	28328
13157136	Kansad	IN	28327
5844096	American Fork	US	28326
2848245	Rendsburg	DE	28323
694910	Saky	UA	28322
256866	미틸레네	GR	28322
238566	Ippy	CF	28319
3033391	Bergerac	FR	28317
1268450	Kālāvad	IN	28314
482260	Tomilino	RU	28310
6295513	Zürich (Kreis 9) / Altstetten	CH	28307
11612539	Higashikagawa	JP	28305
698874	Novyi Rozdil	UA	28304
3455913	Olindina	BR	28304
1269177	Jashpur Nagar	IN	28301
3471795	Arapoti	BR	28300
340358	Dabat	ET	28300
2025159	Dalnerechensk	RU	28300
12640456	Gutin	ET	28300
1263285	Māvelikara	IN	28300
507624	Pokhvistnevo	RU	28300
12640459	Wacha	ET	28300
3166808	Segrate	IT	28296
4319435	Central	US	28295
7516804	Hadapu Zhen	CN	28292
5128654	뉴버그	US	28290
691179	트루스카베츠	UA	28287
1272983	Dhanaura	IN	28285
2324960	Patigi	NG	28285
1611453	부리람	TH	28283
393275	Turubah	SA	28279
1269406	Jalgaon Jamod	IN	28276
3548441	Maisí	CU	28276
12639820	Pallipuram	IN	28276
3037538	안마스	FR	28275
3104584	Vinaròs	ES	28273
3451100	Rio Pardo de Minas	BR	28271
10684789	Sujānpur	IN	28270
1278540	Annigeri	IN	28267
10172104	Adrogué	AR	28265
203119	Busogo	RW	28264
3009223	La Garde	FR	28257
3639107	Juan Griego	VE	28256
1259541	Piravam	IN	28254
3457809	Maravilha	BR	28251
3472417	Álvares Machado	BR	28250
10173811	McCully - Moiliili	US	28249
1639431	Kraksaan	ID	28248
4187204	Chamblee	US	28244
1734738	Tampin	MY	28238
2835297	Schwandorf in Bayern	DE	28235
141349	Bardaskan	IR	28233
1271729	Ganderbal	IN	28233
4503078	Millville	US	28230
13353546	Uliyazhathura	IN	28230
3123773	Durango	ES	28229
6317871	Paranatinga	BR	28228
12750584	Nhlazatje	ZA	28224
1150085	Thung Song	TH	28223
4832272	North Andover	US	28222
1738412	Ulu Kelang	MY	28222
2945474	Bramsche	DE	28220
3457113	Miranda	BR	28220
1263862	Mandi	IN	28217
5809805	시택	US	28215
13353545	Atholi	IN	28213
5116497	Elmira	US	28213
1179255	Fazilpur	PK	28213
3402050	Cocal	BR	28212
2641544	Newton Mearns	GB	28210
1256539	Shiggaon	IN	28207
2892811	Karlshorst	DE	28206
2853209	Plettenberg	DE	28206
3523303	Metepec	MX	28205
1260527	Pandua	IN	28205
5398277	Spring Valley	US	28205
1620254	Ban Chang	TH	28204
587261	Amirdzhan	AZ	28203
4224681	Stockbridge	US	28202
1864652	Chatan	JP	28201
4893811	Glen Ellyn	US	28201
6180550	화이트호스	CA	28201
327567	Tikil Dingay	ET	28200
2088163	Popondetta	PG	28198
1167718	Pūnch	IN	28197
608679	Kandyagash	KZ	28196
6295523	Zürich (Kreis 12)	CH	28189
2783310	Zaventem	BE	28188
1722433	Burgos	PH	28178
3637624	Lagunillas	VE	28176
5201734	Monroeville	US	28176
2891832	Kelkheim	DE	28175
2381291	Ayoun El Atrous	MR	28174
11446369	Kottaikādu	IN	28172
709900	Dobropillya	UA	28170
5327550	Benicia	US	28167
13607919	Fredericton Northside	CA	28167
3859828	Cruz del Eje	AR	28166
6317308	Itabela	BR	28165
1270435	Hāngal	IN	28159
3680840	Honda	CO	28158
10062607	Naujamiestis	LT	28157
2745783	Veendam	NL	28155
1862471	Hiratachō	JP	28154
1164064	Talamba	PK	28151
13157135	Jhadeshwar	IN	28148
8593855	Neustadt/Nord	DE	28146
3385920	Tupanatinga	BR	28141
3984790	San Sebastián el Grande	MX	28138
348507	Sīdī Ghāzī	EG	28136
3994604	Nuevo México	MX	28135
8224233	Batubulan	ID	28131
3532254	Berriozábal	MX	28128
1008261	Driefontein	ZA	28127
8403881	Longsha	CN	28127
2651485	Daventry	GB	28123
3457191	Miguel Pereira	BR	28123
1259434	Polūr	IN	28123
6822122	Ōuda-yamaguchi	JP	28121
2755123	Groot IJsselmonde	NL	28120
4760059	프레더릭스버그	US	28118
3644571	Dabajuro	VE	28117
3019897	에르몽	FR	28117
1256597	Sheohar	IN	28116
1642437	Jogonalan	ID	28114
10311204	Miyaodai	JP	28114
576566	베제츠크	RU	28114
2266621	Massamá	PT	28112
5399629	Suisun	US	28111
3187719	빈코브치	HR	28111
3205924	Neukirchen-Vluyn	DE	28110
7279739	Perumbavoor	IN	28110
1270686	Gundlupēt	IN	28105
2878784	Lennestadt	DE	28102
788654	Lipkovo	MK	28102
1257901	Sachīn	IN	28102
5225857	애버딘	US	28102
3465731	Conchal	BR	28101
232652	Kakiri	UG	28100
1742815	Sungai Dua	MY	28100
581126	아르군	RU	28100
8643098	Cranberry Township	US	28098
5155499	Garfield Heights	US	28097
4911863	South Chicago	US	28095
4563298	Cataño	PR	28093
4461941	Cornelius	US	28092
421600	Badr	EG	28091
1265881	Koynanagar	IN	28091
2876185	Lohne	DE	28089
2813390	Wegberg	DE	28089
3466824	Casa Branca	BR	28083
5039978	Oakdale	US	28080
1494276	Poykovskiy	RU	28080
2356454	Pô	BF	28079
1686728	Sibulan	PH	28079
559317	Goryachiy Klyuch	RU	28078
314136	Gölbaşı	TR	28078
2879315	Leichlingen	DE	28078
2983536	릴리외라파프	FR	28076
10541309	Gotegaon	IN	28074
4904286	Oak Forest	US	28074
2756559	Dronten	NL	28073
3845330	Machagai	AR	28070
2737824	Matosinhos	PT	28070
3911409	Llallagua	BO	28069
8349381	Bundoora	AU	28068
495260	Shcherbinka	RU	28065
2891258	Kevelaer	DE	28064
202352	Shangi	RW	28064
1268300	Kalwākurti	IN	28060
1815249	Chengjiang	CN	28056
13156692	Yahaba	JP	28056
11612574	Mima	JP	28055
4467657	Garner	US	28053
1256598	Sheoganj	IN	28053
1273123	Devanahalli	IN	28051
2471012	Rhennouch	TN	28051
5193955	Holmesburg	US	28046
2927043	Stuttgart Feuerbach	DE	28046
4557606	Drexel Hill	US	28043
3461022	Irará	BR	28043
5142296	Vestal	US	28043
5223672	North Kingstown	US	28042
3994469	Ojinaga	MX	28040
153482	Mkuranga	TZ	28037
8405692	Xinmin	CN	28033
3533126	Ajalpan	MX	28031
2508152	’Aïn el Hammam	DZ	28029
1634954	Mranggen	ID	28026
1494456	Polysayevo	RU	28026
6691235	Heywood	GB	28024
2842688	Saalfeld	DE	28023
1511783	알레이스크	RU	28019
3841390	Pichanal	AR	28017
3515042	Tultitlán de Mariano Escobedo	MX	28017
2516336	Javea	ES	28016
1927558	Leifeng	CN	28014
1278365	Āron	IN	28010
3832756	Villa Dolores	AR	28009
582993	Aleksandrovskoye	RU	28006
1504769	Kamyshlov	RU	28006
1688017	Santa Maria	PH	28002
12277237	Yinqiao Zhen	CN	28002
1549651	Yitang	CN	28002
2968653	빌몽블	FR	28001
97825	Batifa	IQ	28000
2654724	Brierley Hill	GB	28000
1805419	Jinqiao	CN	28000
232834	Kagadi	UG	28000
831129	Mirnyy	RU	28000
1513023	Pop	UZ	28000
1057277	Sahavato	MG	28000
150044	Shanwa	TZ	28000
691605	Terny	UA	28000
3042091	세인트헬리어	JE	28000
1859234	Kitsuki	JP	27999
4101114	벨라비스타	US	27999
2924770	Friedenau	DE	27998
4943677	Melrose	US	27997
5253219	Fitchburg	US	27996
1014747	Bultfontein	ZA	27994
6316666	Buritis	BR	27992
1926142	Hōjō	JP	27992
6694222	Muswell Hill	GB	27992
4018404	Apaseo el Alto	MX	27991
7184841	Gramercy Park	US	27988
3639922	Guasipati	VE	27988
3988651	Rincón de Romos	MX	27988
629454	Byaroza	BY	27986
3457107	Mirandópolis	BR	27983
4954738	Wellesley	US	27982
11397285	Ukiha	JP	27981
1865232	Aoto	JP	27980
1583503	Dịch Vọng	VN	27979
4060791	Enterprise	US	27978
5515345	윈체스터	US	27978
2475764	Tizi Gheniff	DZ	27974
2419498	Kintinian	GN	27969
295657	Arad	IL	27967
1269849	Hadagalli	IN	27967
1281015	Houqiao	CN	27965
7910929	Patran	IN	27963
469178	Yanaul	RU	27963
3922414	Camiri	BO	27961
3519290	San Francisco Acuautla	MX	27960
1254638	Tharād	IN	27954
2204582	Labasa	FJ	27949
3650121	Yaguachi Nuevo	EC	27947
4341727	Slidell	US	27942
1215199	Deli Tua	ID	27940
2542147	Missour	MA	27937
3519531	Sanctorum	MX	27936
5141963	University Heights	US	27935
3456724	Morro Agudo	BR	27933
1260612	Panāgar	IN	27932
2746420	Terneuzen	NL	27930
2951923	Baunatal	DE	27929
2231881	Eséka	CM	27928
1273416	Dāsna	IN	27926
2030474	Bogd	MN	27924
2964405	에니스	IE	27923
12156875	Wexford/Maryvale	CA	27917
3072649	크로메르지시	CZ	27917
2481639	Sfizef	DZ	27914
2987271	피에르피트쉬르센	FR	27914
4955089	West Springfield	US	27912
5445298	도지시티	US	27912
1620875	Ban Bang Kadi	TH	27911
1265723	Kulittalai	IN	27910
729559	로베치	BG	27910
1037370	Mocímboa	MZ	27909
1255484	Sulur	IN	27909
3109442	Sant Vicenç dels Horts	ES	27901
2755619	Geldrop	NL	27900
332938	Kofelē	ET	27900
4125388	Paragould	US	27900
715337	Szentes	HU	27898
2520447	El Campello	ES	27893
1175870	Jhawarian	PK	27893
1258492	Rangia	IN	27889
5371261	메이우드	US	27888
3394958	Melgaço	BR	27881
2885908	Königsbrunn	DE	27879
1502862	Kolpashevo	RU	27876
12156820	South Riverdale	CA	27876
160877	Bungu	TZ	27873
426423	Zanandore	BI	27867
3003737	르크레믈랭비세트르	FR	27867
4727756	Seguin	US	27864
1735282	Tapah Road	MY	27863
1277442	Bāmor Kalān	IN	27860
1253869	Umargām	IN	27859
3190813	시사크	HR	27859
178245	Watamu	KE	27857
2411700	Welingara	GM	27856
5138022	셜리	US	27854
5100572	Livingston	US	27853
4908237	Round Lake Beach	US	27852
3117331	Martorell	ES	27850
1802523	Longhua	CN	27849
3670520	Sabana de Torres	CO	27845
2513509	Morón de la Frontera	ES	27844
2156813	Mosman	AU	27844
13495378	Marpole	CA	27843
1262078	Nalbāri	IN	27839
3834502	Termas de Río Hondo	AR	27838
1804687	Kuangshi	CN	27836
2501465	Cheraga	DZ	27835
567290	Dagestanskiye Ogni	RU	27835
1220981	Muchun	TJ	27835
2953302	Baesweiler	DE	27834
1849817	Toyoshina	JP	27834
3386198	Traipu	BR	27826
2953391	Bad Neuenahr-Ahrweiler	DE	27823
4787534	Sterling	US	27822
293308	Tirat Karmel	IL	27822
10910174	Pallikunnu	IN	27820
686875	Zolotonosha	UA	27818
733776	Giannitsá	GR	27817
165060	Şāfītā	SY	27815
1636121	Margasari	ID	27814
3861678	Charata	AR	27813
1858283	Kurihashi	JP	27813
5126842	Middletown	US	27812
6232305	Remuera	NZ	27810
1169254	Nasirabad	PK	27809
1784669	Zhengxing	CN	27804
1914915	Guangcun	CN	27803
1254165	Trittāla	IN	27796
3642390	Elorza	VE	27795
63571	Buurhakaba	SO	27792
1253577	Vadnagar	IN	27790
336760	Gasuba	ET	27789
1627185	Sijunjung	ID	27786
2636534	Sunbury-on-Thames	GB	27784
1269158	Jaswantnagar	IN	27777
3027014	샹쉬르마른	FR	27776
3868308	Vicuña	CL	27771
295525	Be’er Ya‘aqov	IL	27768
5422191	Fountain	US	27767
2613102	쇠네르보르	DK	27766
5136334	새러토가스프링스	US	27765
2932924	Ehingen	DE	27764
659717	Haaga	FI	27761
1485445	Zarechnyy	RU	27758
2641581	뉴리	GB	27757
1608191	Nong Phai	TH	27756
13665233	St. James-Assiniboia East	CA	27755
1279307	Afzalgarh	IN	27753
3601494	Santa Rosa de Copán	HN	27753
3394640	Monção	BR	27751
4393739	Kirkwood	US	27750
1513567	Qibray	UZ	27750
5293183	Drexel Heights	US	27749
13562531	Dogomet	GN	27748
3427626	Tristán Suárez	AR	27746
1814921	Chongkan	CN	27745
5114731	Deer Park	US	27745
1271680	Gangāpur	IN	27745
2486284	Nedroma	DZ	27742
8405732	Xinsheng	CN	27741
2748083	Rijssen	NL	27740
2642763	Melton Mowbray	GB	27737
3472528	Presidente Tancredo Neves	BR	27734
10249538	Mahna	IN	27733
2809138	Wiesloch	DE	27731
1528735	밧켄	KG	27730
5427771	라페이엣	US	27729
2258080	Loutété	CG	27726
3397319	João Alfredo	BR	27725
12324555	Lijun	CN	27723
2526359	Zawyat ech Cheïkh	MA	27723
2655076	Bow	GB	27720
1021360	Ballitoville	ZA	27718
750468	Boyabat	TR	27717
797781	Neftekumsk	RU	27716
2220153	Al Aşābi‘ah	LY	27713
5027482	프리들리	US	27713
3866242	Allen	AR	27707
706380	Khmilnyk	UA	27707
4982720	West Scarborough	US	27706
5133279	Queensbury	US	27703
1258967	Rāipur	IN	27702
144269	Aleshtar	IR	27701
2501767	Charef	DZ	27700
2907585	Heiligenhaus	DE	27700
330691	Mī’ēso	ET	27700
2110893	다카하기 시	JP	27699
361871	El Dabaa	EG	27697
2521847	알무녜카르	ES	27696
12156824	Banbury-Don Mills	CA	27695
2248752	Matam	SN	27695
2738925	Gondomar	PT	27691
3592286	Nahualá	GT	27690
2155718	Narre Warren	AU	27689
3452900	Porto Belo	BR	27688
2743304	Águas Santas	PT	27686
2649833	Evesham	GB	27684
1857403	Menuma	JP	27684
4949068	Roslindale	US	27683
158289	Kasamwa	TZ	27681
926087	Mponela	MW	27681
501730	Rodniki	RU	27681
2223734	Nkoteng	CM	27677
8347736	Kellyville	AU	27676
3471940	Aparecida do Taboado	BR	27674
7340457	Hanwang	CN	27674
13494715	Mathur	IN	27674
786690	프로쿠플레	RS	27673
2656946	Ashington	GB	27670
8403872	Luotian	CN	27669
3108877	Sitges	ES	27668
3458397	Lucas	BR	27665
2413745	Brufut	GM	27664
5605242	Rexburg	US	27663
2899070	Hörde	DE	27660
3459126	Lagoa Vermelha	BR	27659
1252484	푼촐링	BT	27658
6316760	Canarana	BR	27657
2803429	아르스홋	BE	27656
2935527	Dorstfeld	DE	27655
2824655	Sundern	DE	27654
3038350	엑스레뱅	FR	27651
3456125	Nova Prata	BR	27648
5280854	휠링	US	27648
3675826	Luruaco	CO	27647
3457933	Mantena	BR	27647
5171728	셰이커하이츠	US	27646
2732649	Vila do Conde	PT	27642
3665098	Barcelos	BR	27638
1182637	Bhimber	PK	27636
1513900	Iskandar	UZ	27636
3456445	Mutum	BR	27635
293619	Sderot	IL	27635
763556	Nowy Dwór Mazowiecki	PL	27633
2370740	Plaque	GW	27633
3933024	Paramonga	PE	27631
5851030	Mililani Town	US	27629
2476915	Theniet el Had	DZ	27628
3452029	Quijingue	BR	27626
1623446	Tomohon	ID	27624
624785	나바흐루다크	BY	27624
5095611	Bergenfield	US	27621
4866371	마셜타운	US	27620
3453896	Pilar do Sul	BR	27619
3396620	Lagoa Seca	BR	27617
284486	Az̧ Z̧āhirīyah	PS	27616
3531416	Catemaco	MX	27615
1254808	Tehri	IN	27611
3530276	Contla	MX	27610
519106	Novoaleksandrovsk	RU	27610
1264514	Māgadi	IN	27605
2112555	이타코 시	JP	27604
3558315	Gibara	CU	27603
1282950	Panauti̇̄	NP	27602
543737	Kotel’nich	RU	27600
330874	Mertule Maryam	ET	27600
889215	카리바	ZW	27600
10929728	Pūvātūparamba	IN	27598
1904071	Hebao	CN	27597
3104703	Villaviciosa de Odón	ES	27596
3897557	Cabrero	CL	27595
12156817	York University Heights	CA	27593
1626698	Sofifi	ID	27591
12718653	Guerou	MR	27590
2111425	Ōmiya	JP	27588
1862136	Hōryūji	JP	27587
1164716	Sita Road	PK	27587
4227213	Tucker	US	27581
2535530	Bouknadel	MA	27577
2503033	Bou Hanifia el Hamamat	DZ	27576
2484777	Ouled Slama Fouaga	DZ	27573
697616	Shakhtarske	UA	27573
5102076	Nutley	US	27572
3032824	브종	FR	27570
289716	Mu‘aydhir Rawḑat Rāshid	QA	27569
2248409	Mékhé	SN	27566
2882588	Kulmbach	DE	27565
1855380	Ninomiya	JP	27564
8416620	Yunji	CN	27564
10524017	Bāspalli	IN	27563
3670644	Roldanillo	CO	27561
1854186	오마치 시	JP	27559
2935414	Dotzheim	DE	27557
3879200	Mulchén	CL	27557
4560691	Port Richmond	US	27554
580420	앗카르스크	RU	27554
3391556	Pombos	BR	27552
2953310	Bad Zwischenahn	DE	27550
3393783	Novo Oriente	BR	27545
3068873	Orlová	CZ	27540
2833170	Selm	DE	27540
2645309	Kirkby in Ashfield	GB	27539
2872611	Mechernich	DE	27537
3976775	Gabriel Leyva Solano	MX	27536
1264489	Mahād	IN	27536
2633976	Wickford	GB	27535
3170631	Piscinola	IT	27534
4704628	Lake Jackson	US	27533
2507155	Ammi Moussa	DZ	27530
2291391	Boboniessoko	CI	27529
2917325	그리마	DE	27529
13353544	Ezhupunna	IN	27528
2439155	Tanout	NE	27527
145427	Abarkūh	IR	27524
1864894	아와라 시	JP	27524
1257354	Sānkrāil	IN	27523
3980844	Tuxpan	MX	27523
554397	칼라치나도누	RU	27522
682729	Caransebeş	RO	27521
1152194	Mae Sai	TH	27520
3111807	Ribeira	ES	27518
6691072	Altstadt Sud	DE	27515
2258604	Bouansa	CG	27512
6111962	포트무디	CA	27512
6317459	Lambari d'Oeste	BR	27511
8456884	Mirassol d'Oeste	BR	27511
5206606	Plum	US	27505
340897	Ch’ench’a	ET	27500
334529	Huruta	ET	27500
586318	Ismayilli	AZ	27500
1232783	누와라 엘리야	LK	27500
1252946	Wārāseonī	IN	27494
1847947	신구 시	JP	27491
2701715	칼스코가	SE	27490
1276548	Beldānga	IN	27489
2158562	메리버러	AU	27489
3398264	Inajá	BR	27488
2924802	Friedberg	DE	27484
3393758	Oiapoque	BR	27482
1865207	Arai	JP	27481
11776857	Burngreave	GB	27481
3063447	Valašské Meziříčí	CZ	27481
769274	켕트신	PL	27478
3621717	San Pedro	CR	27477
1907965	Dashi	CN	27474
2235029	Bali	CM	27473
3440696	산카를로스	UY	27471
3403534	Campos Sales	BR	27470
1796799	Xiaodu	CN	27469
13494066	Chorakhe Bua	TH	27465
1694075	Peñaranda	PH	27465
2651357	Denton	GB	27464
5410004	Windsor	US	27464
1445348	Jilādiguda	IN	27461
1062842	Maevatanana	MG	27459
1256974	Sausar	IN	27459
3465769	Conceição da Barra	BR	27458
11185888	Moothakunnam	IN	27458
3515904	Tepeaca	MX	27449
712969	바흐치사라이	UA	27448
4915963	West Chicago	US	27447
6161443	Tam O'Shanter-Sullivan	CA	27446
3129827	Aravaca	ES	27445
13353543	Pathirappally	IN	27445
3109041	Sestao	ES	27445
2485551	Oued Zenati	DZ	27441
3050907	Jászberény	HU	27439
3458036	Mandirituba	BR	27439
1850600	Tarui	JP	27439
1907977	Kuanchuan	CN	27438
1270554	Hadgāon	IN	27433
2911051	Hamminkeln	DE	27433
411752	As Sulţah al Jadīdah	QA	27432
125112	Malekān	IR	27431
741771	Malkara	TR	27427
4984016	Allen Park	US	27425
11184814	Chandrapura	IN	27425
311553	Ilgın	TR	27423
617367	Soroca	MD	27423
2091996	Madang	PG	27419
1258928	Rājaldesar	IN	27419
3621659	San Rafael Abajo	CR	27419
491019	Sol’-Iletsk	RU	27419
668605	Roșiorii de Vede	RO	27416
4916732	윌멧	US	27413
3397577	Jardim	BR	27411
3174096	Manduria	IT	27411
5359054	임피리얼비치	US	27408
3123709	Eibar	ES	27406
3459435	Juquitiba	BR	27404
5118626	Glen Cove	US	27400
11496345	Muhorro	UG	27400
13580324	Rusanivka	UA	27400
3112866	Premià de Mar	ES	27399
608359	Shalqar	KZ	27399
7281850	Ferntree Gully	AU	27398
1260960	Pachor	IN	27396
5782391	Syracuse	US	27395
2652890	Cleckheaton	GB	27393
6178999	West Hill	CA	27392
13353542	Azhoor	IN	27390
1263022	Mīrānpur	IN	27390
3461591	Santa Rita de Cássia	BR	27390
3666939	Santiago de Tolú	CO	27390
1257865	Sādri	IN	27390
4019869	Abasolo	MX	27389
4397340	Maryland Heights	US	27389
12718687	Aïn Attig	MA	27384
2930523	Emmendingen	DE	27383
8504943	Tamansourt	MA	27383
2656954	Ashford	GB	27382
122869	Nā’īn	IR	27379
2270437	Caldas da Rainha	PT	27378
1465872	Kullattūr	IN	27374
12358541	Mazhan	CN	27373
705797	Khrestivka	UA	27370
1647834	Bulakamba	ID	27367
4866445	Mason City	US	27366
2787387	생조스탕노드	BE	27366
1277505	Balussheri	IN	27363
1692489	Pulupandan	PH	27363
3178631	Cisterna di Latina	IT	27362
6137633	Saint-Constant	CA	27359
6822213	Yamagata	JP	27356
1268469	Kālānwāli	IN	27355
3845181	Malargüe	AR	27355
2413393	Ibo Town	GM	27353
12450722	Akesalayi	CN	27352
2965768	Carlow	IE	27351
4352539	Crofton	US	27348
956232	Shakaskraal	ZA	27345
3526908	Huimanguillo	MX	27344
3072826	Krč	CZ	27344
3102627	Brodnica	PL	27341
9072777	Kadodara	IN	27336
4569298	앤더슨	US	27335
3013131	Paris 04 Hôtel-de-Ville	FR	27332
5774215	이글마운틴	US	27332
2040674	Sŏnbong	KP	27331
13446724	웅기	KP	27331
1805967	Jiasi	CN	27327
1052191	Boane	MZ	27325
1283401	Gaur	NP	27325
1348753	Chakapara	IN	27320
10929691	Nanminda	IN	27316
5967149	Grimsby	CA	27314
1735089	Parit Buntar	MY	27313
11778166	Payathonzu	MM	27311
3671531	Puerto Boyacá	CO	27310
3622190	Quesada	CR	27310
5113302	College Point	US	27307
5939219	Dieppe	CA	27304
10836504	Nokha	IN	27302
1718078	Castillejos	PH	27301
344102	Amba Giorgis	ET	27300
996930	Hendrina	ZA	27300
13132715	Kyaka II Refugee Camp	UG	27300
332896	K’ola Diba	ET	27300
12640446	May Cadera	ET	27300
2612045	Svendborg	DK	27300
2803160	Ans	BE	27297
1504139	Kayyerkan	RU	27295
3449500	Santo Antônio do Monte	BR	27295
8223971	카투만나르코일	IN	27294
6691640	Lancy	CH	27291
1268484	Kalamb	IN	27287
3431391	Leandro N. Alem	AR	27287
1278625	Āndippatti	IN	27287
1734506	Siburan	MY	27286
2970962	발로리	FR	27286
2522012	Algemesí	ES	27285
4794120	윈체스터	US	27284
2128983	나요로 시	JP	27282
1803979	Liangshui	CN	27281
3465405	Corrente	BR	27278
5124497	Lindenhurst	US	27277
6545097	El Viso	ES	27274
3458817	Lapão	BR	27274
1036263	Mueda	MZ	27274
2661666	Zürich (Kreis 4) / Aussersihl	CH	27273
3449711	Santo Amaro da Imperatriz	BR	27272
932035	Teyateyaneng	LS	27272
2973258	타베르니	FR	27271
3398381	Icatu	BR	27269
1278343	Arumuganeri	IN	27266
3080866	자코파네	PL	27266
1272084	Elamanchili	IN	27265
3445849	Ubatã	BR	27263
3012834	일키르슈그라펜스타덴	FR	27261
3471210	Bady Bassitt	BR	27260
107744	Badr Ḩunayn	SA	27257
1502060	Krasnoural’sk	RU	27257
3006283	라테스트드뷔크	FR	27253
1645559	Demak	ID	27251
667526	Sebeş	RO	27246
11502176	Adichānallūr	IN	27240
2467898	Grombalia	TN	27236
1844308	Hayang	KR	27236
3201984	도보이	BA	27235
2075265	Busselton	AU	27233
5811581	Spanaway	US	27227
2246922	Ouro Sogui	SN	27222
8740373	Laitumkhrah	IN	27219
5327455	Belmont	US	27218
1270763	Gulābpura	IN	27215
2643620	Longton	GB	27214
3390732	Redenção	BR	27214
2361853	Bourzanga	BF	27213
1260135	Pāthardi	IN	27211
3546242	Naranjito	CU	27209
2596834	Blangwa	CM	27208
12188855	Casal de' Pazzi	IT	27206
5121666	Hunts Point	US	27204
2855859	Overath	DE	27203
10865202	Minami-ōi	JP	27201
2473913	Akouda	TN	27200
3394745	Mocajuba	BR	27198
2393287	Kouandé	BJ	27197
1265613	Kundarkhi	IN	27197
5120987	Holbrook	US	27195
1759378	Kubang Semang	MY	27194
1750500	Permatang Kuching	MY	27191
1253904	Ukhrul	IN	27187
2498782	El Abadia	DZ	27185
1271834	가디글라지	IN	27185
4839416	뉴런던	US	27179
3151770	호르텐	NO	27178
2492345	Kerkera	DZ	27177
1275618	Bilgrām	IN	27173
8426039	Piecki-Migowo	PL	27173
2380670	Boutilimitt	MR	27170
10265188	Ali	IN	27169
703656	Kupyansk	UA	27169
5926511	Conception Bay South	CA	27168
1794203	Simen	CN	27168
1269612	Jāfarābād	IN	27167
11549969	Rios Rosas	ES	27163
1276003	Bhelai	IN	27158
1275732	Bidhūna	IN	27158
5381438	Paso Robles	US	27157
1278100	Ayakudi	IN	27156
5757506	Tualatin	US	27154
1790059	Xiaomian	CN	27154
2122850	니콜라옙스크나아무레	RU	27152
3385118	Vicência	BR	27151
2810730	Wersten	DE	27151
1908018	Zhongshan	CN	27147
2879241	Leimen	DE	27142
11487471	Vettanād	IN	27140
1732814	Yong Peng	MY	27138
12450717	Buzhake	CN	27137
3517231	Moyotzingo	MX	27137
2319257	Wamba	NG	27137
3686233	Circasia	CO	27135
2513195	Novelda	ES	27135
2224197	Njombé	CM	27130
3534094	Viñales	CU	27129
3346598	Quibala	AO	27128
3453943	Balneário Piçarras	BR	27127
4155594	Fleming Island	US	27126
1066310	Betioky	MG	27125
1278320	Āsandh	IN	27125
3168234	San Giovanni Rotondo	IT	27124
2168537	Doreen	AU	27122
98012	Baynjiwayn	IQ	27116
1301804	Panglong	MM	27115
2850213	라테노프	DE	27115
6419355	Kachidoki	JP	27113
149929	Sikonge	TZ	27113
1259857	Perumpāvūr	IN	27105
3069467	노베메스토	CZ	27105
7373656	Jiangxi	CN	27098
3677010	La Tebaida	CO	27098
3673220	Palmar de Varela	CO	27098
12503489	Chanpatia	IN	27095
2391455	Tanguiéta	BJ	27094
5053156	위노나	US	27094
2272005	Alfornelos	PT	27093
5322571	Agua Caliente	US	27090
2854655	Petershagen	DE	27090
1279306	Afzalpur	IN	27088
1859765	가쓰야마 시	JP	27088
1575655	Long Thành	VN	27084
3020062	Épernay	FR	27082
3980174	Villagrán	MX	27079
1215694	Zomin Shaharchasi	UZ	27077
1633442	Paciran	ID	27072
608362	Shalkar	KZ	27072
2429296	Laï	TD	27071
237379	Ndélé	CF	27071
1511309	아시노	RU	27070
736336	Elefthério - Kordelió	GR	27067
1500933	Labytnangi	RU	27067
3109897	Santa Uxía de Ribeira	ES	27067
1271131	Gobindpur	IN	27066
4494942	토머스빌	US	27061
3862738	Capitán Bermúdez	AR	27060
384535	Kayonza	RW	27059
312156	Hıdırbey	TR	27057
4150190	Casselberry	US	27056
12156901	Don Valley Village	CA	27051
654706	Kallio	FI	27051
1254522	Tikkotti	IN	27051
2279495	Zaliohouan	CI	27050
3354247	Ondangwa	NA	27049
12358543	Puchuan	CN	27049
248875	Jarash	JO	27046
3395686	Manari	BR	27046
1271199	Gingee	IN	27045
3695675	La Peca	PE	27045
2814270	Wangen	DE	27045
7290401	Niederrad	DE	27043
2647310	Haverhill	GB	27041
155016	Malinyi	TZ	27041
6324583	Aso	JP	27039
1258307	Rāver	IN	27039
1650888	Babat	ID	27038
2230378	Kekem	CM	27038
12440484	Yigai'erqi	CN	27038
2519690	Catarroja	ES	27035
2692475	Märsta	SE	27034
2944079	Brilon	DE	27030
3073474	Kobylisy	CZ	27030
12047623	Rejon placu Grunwaldzkiego	PL	27030
2968176	빌리에르벨	FR	27028
1783626	Zuitai	CN	27027
752278	Alaca	TR	27019
2969392	비시	FR	27019
8616055	Cầu Diễn	VN	27017
2881509	Landsberg am Lech	DE	27017
5563397	유리카	US	27017
1277909	Bāgepalli	IN	27011
1266014	Kotdwāra	IN	27009
6316340	Alexânia	BR	27008
3686479	Chiriguaná	CO	27006
4237579	East Saint Louis	US	27006
5445439	Garden City	US	27005
4232679	Alton	US	27003
3461525	Ibotirama	BR	27003
4944193	Milton	US	27003
7302842	Payakaraopeta	IN	27001
566854	데돕스크	RU	27001
414901	Al Ḩamīdīyah	AE	27000
733606	Asparuhovo	BG	27000
284335	Bayt Ḩanīnā	PS	27000
7626554	Bhawanipur	IN	27000
61360	Dhamas	SO	27000
374290	Hala'ib	EG	27000
1281003	Huatugou	CN	27000
334495	Ibnat	ET	27000
1176470	Jaglot	PK	27000
1059059	Miandrarivo	MG	27000
785753	Smederevska Palanka	RS	27000
1053778	Vohipaho	MG	27000
7117880	Zarya	RU	27000
6765385	‘Anah	IQ	27000
2181742	타우포	NZ	27000
2012593	Zeya	RU	26999
3456115	Nova Soure	BR	26998
11185182	Elamkunnapuzha	IN	26997
2643198	Maghull	GB	26997
7021499	Cyato	RW	26996
4176217	University Park	US	26995
10376566	Ettumanoor	IN	26993
3169602	Rapallo	IT	26993
2419622	Kérouané	GN	26990
775922	Biłgoraj	PL	26987
3402882	Caririaçu	BR	26987
13132729	Mapalo	ZM	26986
1490140	Tara	RU	26986
5107505	오번	US	26985
12156899	Clairlea-Birchmount	CA	26984
8992603	Tawakule	CN	26983
639853	Raseborg	FI	26982
543633	Kotovo	RU	26981
1265025	Lātehār	IN	26981
3408175	Água Preta	BR	26981
1274429	Chengam	IN	26980
5692947	Williston	US	26977
2473257	Ar Rudayyif	TN	26976
3456070	Novo Cruzeiro	BR	26975
5102387	Paramus	US	26974
3388109	São Sebastião da Boa Vista	BR	26974
5178800	Back Mountain	US	26973
234329	Bukuya	UG	26972
3456559	Mundo Novo	BR	26970
8399478	Qinglian	CN	26969
5106279	West Milford	US	26968
684156	Borşa	RO	26966
3461469	Iguaí	BR	26963
691628	Ternivka	UA	26961
3944399	Chancay	PE	26958
409682	Thuwal	SA	26957
419435	Az Zarqā	EG	26955
3848687	Las Breñas	AR	26955
3603330	Potrerillos	HN	26954
1258869	Rājgarh	IN	26953
3875070	푸콘	CL	26953
898188	Siavonga	ZM	26951
1512790	Shovot	UZ	26950
113797	Nūr	IR	26947
4296218	Jeffersontown	US	26946
102451	Şāmitah	SA	26945
359749	Aţfīḩ	EG	26943
11484935	Kumārapuram	IN	26943
3388949	São Bernardo	BR	26943
116406	Semīrom	IR	26942
3690250	Albania	CO	26940
1735199	Sungai Besar	MY	26939
1711437	이바	PH	26935
1217734	Boysun	UZ	26934
137025	Şafāshahr	IR	26933
3124932	el Clot	ES	26928
12808654	Hôpital Saint-Louis	FR	26926
2367226	Sinkassé	TG	26926
3049512	Komló	HU	26924
2817599	Verden	DE	26924
3201047	Dubrovnik	HR	26922
4993659	가든시티	US	26920
7451195	Qā’emīyeh	IR	26918
4430400	Horn Lake	US	26915
4952206	Stoughton	US	26915
5188140	이스턴	US	26915
1263532	Margherita	IN	26914
3406457	Baraúna	BR	26913
2696503	Lerum	SE	26913
3572375	Freeport	BS	26910
11501703	Kulasēkarapuram	IN	26907
2146108	트럴래건	AU	26907
1181352	Chawinda	PK	26906
3877146	Parral	CL	26904
2152329	Quakers Hill	AU	26904
2841463	Sankt Wendel	DE	26904
1528124	Kara-Kul’	KG	26901
339629	Deder	ET	26900
2657528	Aldridge	GB	26896
7348537	Weidian	CN	26896
4338012	Prairieville	US	26895
13132451	Al-Quṭaynah	SD	26893
4896728	Hyde Park	US	26893
2524006	Niscemi	IT	26893
1257545	Sāmba	IN	26893
5115107	Dix Hills	US	26892
3168209	San Giuseppe Vesuviano	IT	26888
8198709	Buzen	JP	26886
895953	Zambezi	ZM	26885
2964690	Douglas	IE	26883
1259521	Pirthīpur	IN	26883
1851169	Takada	JP	26882
1253242	Vepagunta	IN	26881
1811786	Dushi	CN	26879
9199689	Hiragi	JP	26878
4017992	Atotonilco el Alto	MX	26874
2976179	사누아	FR	26869
2844862	Rösrath	DE	26868
1213655	Stabat	ID	26862
3058202	피에슈타니	SK	26862
4387990	Gladstone	US	26861
3181683	보스코레알레	IT	26861
3990040	La Joya	MX	26860
2496643	Feidh el Botma	DZ	26857
1696718	Paete	PH	26855
1293696	Taungup	MM	26854
1882033	MacPherson	SG	26850
2745973	Uithoorn	NL	26846
3430513	Muñiz	AR	26844
3403344	Canindé de São Francisco	BR	26834
3354898	Okahandja	NA	26832
4152574	Cutler Ridge	US	26831
2637106	Stalybridge	GB	26830
1253579	바디파티	IN	26830
1645220	Driyorejo	ID	26827
3523141	Misantla	MX	26827
1794461	Shuikou	CN	26827
783508	Bulqizë	AL	26826
2757872	Culemborg	NL	26826
3451663	Reserva	BR	26825
6317277	Imbé	BR	26824
2460755	Bafoulabé	ML	26823
1256608	Shenkottai	IN	26823
2347592	Baro	NG	26821
173230	‘Āmūdā	SY	26821
351766	Mūţ	EG	26820
10924919	Edacchēri	IN	26819
4295776	Independence	US	26819
2224163	Nkambe	CM	26816
2875626	Lübbecke	DE	26815
3349723	Chinguar	AO	26811
10918003	Funabori	JP	26811
3165178	Triggiano	IT	26811
3584772	La Unión	SV	26807
1277263	Banmankhi	IN	26806
3607728	La Iguala	HN	26805
1717960	Catanauan	PH	26804
1512506	Uchkuduk	UZ	26800
5905308	Bolton	CA	26795
1255631	Srīnivāspur	IN	26793
3983216	Sayula	MX	26789
3461411	Ilha Solteira	BR	26788
12037388	Den Den	TN	26787
2868788	Mühlacker	DE	26787
3440777	로차	UY	26784
3054663	Budafok	HU	26782
377241	보르	SS	26782
5143396	Watertown	US	26780
3110986	Salou	ES	26775
351356	Naqādah	EG	26774
601475	Görogly	TM	26770
119730	Qarah Ẕīā’ od Dīn	IR	26767
3450213	Santa Helena	BR	26767
9212571	Palavakkam	IN	26766
727462	Samokov	BG	26765
3544607	Pedro Betancourt	CU	26761
3015689	고네스	FR	26758
11611643	Arida	JP	26755
1274676	Chāndur	IN	26755
3625696	Urachiche	VE	26755
2453927	Mahina	ML	26754
1269761	Indāpur	IN	26752
13353541	Varappuzha	IN	26750
5177358	Wooster	US	26749
3181125	Camaiore	IT	26746
1150246	Tha Muang	TH	26746
3433901	Fontana	AR	26745
3398902	Goianinha	BR	26741
1689549	San Jose	PH	26735
2959686	Achern	DE	26733
8725037	Quảng Phú	VN	26733
997678	Hartbeespoort	ZA	26732
1320155	Katha	MM	26732
4048023	베서머	US	26730
1267297	Kemrī	IN	26726
5089478	Merrimack	US	26726
152781	Mtinko	TZ	26725
751371	Babaeski	TR	26724
1279053	Alattūr	IN	26720
2259947	Gamboma	CG	26718
353471	Ash Shaykh Zuwayd	EG	26713
1061335	Mananjary	MG	26712
3446612	Vera Cruz	BR	26710
1634678	Muntok	ID	26709
5365893	레몬그로브	US	26709
10837461	Bela	IN	26707
3173153	Monfalcone	IT	26706
11501670	Krishnāpuram	IN	26705
1842518	Goseong	KR	26704
3925227	Brasiléia	BR	26702
1175296	Kalat	PK	26701
1267669	Kartārpur	IN	26701
146412	키레니아	CY	26701
890516	Gwanda	ZW	26700
3574194	Marabella	TT	26700
3678405	La Mesa	CO	26699
11253678	Māmidālapādu	IN	26694
1267772	Karhal	IN	26693
3465541	Coração de Maria	BR	26692
2969109	비뇌쉬르센	FR	26692
3028134	카바용	FR	26689
11427410	Kpozoun	BJ	26688
1265053	Lar	IN	26688
3453457	Pitangui	BR	26685
3183356	Albano Laziale	IT	26684
771401	Grodzisk Mazowiecki	PL	26684
2803010	Ath	BE	26681
1265795	Kūdligi	IN	26680
1518296	Tekeli	KZ	26678
4898182	Kankakee	US	26676
12718812	Praktiseer	ZA	26675
2984513	랑부예	FR	26674
3057789	루좀베로크	SK	26671
2503852	Birine	DZ	26670
3173029	Montebelluna	IT	26670
3450759	Sacramento	BR	26670
3623394	Ipís	CR	26669
4845612	Wethersfield	US	26668
4608657	Bristol	US	26666
2646976	Highbury	GB	26664
3113526	Pineda de Mar	ES	26659
3939761	Hualmay	PE	26658
4901663	McHenry	US	26657
3128273	Benicarló	ES	26655
3025466	셰르부르옥트빌	FR	26655
705809	Holubivka	UA	26654
1279023	Alīganj	IN	26652
2826082	Strausberg	DE	26649
3036903	아르망티에르	FR	26646
3532815	Apan	MX	26642
2509491	Villarrobledo	ES	26642
108773	Al Wajh	SA	26636
1863997	Fukuechō	JP	26636
615912	Stantsiya Novyy Afon	GE	26636
2657703	Acocks Green	GB	26635
3657722	Guabo	EC	26635
2451241	Sibi	ML	26633
1277530	Baloda Bāzār	IN	26632
4006194	Francisco I. Madero	MX	26632
1263723	Manihāri	IN	26629
4950267	Saugus	US	26628
8224699	Kottur	IN	26627
2391881	Sé	BJ	26627
1150921	Ron Phibun	TH	26621
3452233	Propriá	BR	26618
2129324	Makubetsu	JP	26610
1528091	Kara Suu	KG	26609
3701917	Río Abajo	PA	26607
2500904	Dar Chioukh	DZ	26605
558209	Gubakha	RU	26605
3996893	Magdalena de Kino	MX	26605
5274644	스티븐스포인트	US	26604
1271975	Faizpur	IN	26602
13580121	Rayduzhnyi Masyv	UA	26600
3120637	Horta	ES	26597
3624370	카르타고	CR	26594
5760009	West Linn	US	26593
2326811	Okuta	NG	26589
2997116	뤼넬	FR	26588
3456174	Nova Esperança	BR	26585
3919998	코비하	BO	26585
2811644	Weiterstadt	DE	26583
3659578	Cayambe	EC	26582
8418584	Shuanglu	CN	26582
11550002	Moscardó	ES	26579
5275191	Superior	US	26579
2241635	Cuilo	AO	26577
2757850	Dalfsen	NL	26575
2171168	Coburg	AU	26574
1856472	Mukai-awagasaki	JP	26574
11549966	Valdeacederas	ES	26573
752284	Akyurt	TR	26572
3178832	Chiavari	IT	26572
6074143	Milliken	CA	26572
3667697	Supía	CO	26571
305750	Kulp	TR	26569
2347057	Birnin Kudu	NG	26565
512053	파블롭스크	RU	26565
62788	Ceeldheer	SO	26562
252601	Trípoli	GR	26561
2122614	Okha	RU	26560
2458634	Diourou	ML	26559
2481207	Sidi Akkacha	DZ	26558
295127	Eṭ Ṭīra	IL	26552
1263949	Manāsa	IN	26551
264111	Agía Varvára	GR	26550
12188617	Remseck am Neckar	DE	26549
3516210	Teapa	MX	26548
3069305	Nový Jičín	CZ	26547
2411585	지브롤터	GI	26544
3029276	카샹	FR	26540
7281819	후지카와구치코 정	JP	26540
2362740	Barogo	BF	26539
2553382	Echemmaia Est	MA	26538
11663179	Sankarapatti	IN	26536
3445299	Veranópolis	BR	26533
154780	Maramba	TZ	26531
3562895	Cueto	CU	26527
1512838	Shofirkon Shahri	UZ	26527
5403767	Tujunga	US	26527
3460514	Ituporanga	BR	26525
6534275	Gravina di Catania	IT	26524
2650435	East Grinstead	GB	26523
3879123	Nacimiento	CL	26523
1863541	고세 시	JP	26522
3003952	르그랑케비	FR	26522
2540180	Oulad Barhil	MA	26521
1724088	Bongao	PH	26518
2513222	Níjar	ES	26516
2506043	Azazga	DZ	26515
4695066	Greenville	US	26515
2493918	Hennaya	DZ	26515
1255762	Songadh	IN	26515
1260016	파우리	IN	26514
1848717	Tosayamadachō-nakano	JP	26513
1256735	Shāhganj	IN	26510
5777793	Magna	US	26505
3489239	Ocho Rios	JM	26503
2169867	Croydon	AU	26502
6318712	Sooretama	BR	26502
337748	Filakit	ET	26500
335478	Gurbetē	ET	26500
3460232	Jaguarão	BR	26500
8858098	Las Pintitas	MX	26500
3802739	Río de Teapa	MX	26500
326669	Waka	ET	26500
754454	Wyszków	PL	26500
3173537	Mesagne	IT	26497
1272699	Dhrol	IN	26496
4884192	Batavia	US	26495
1512934	Salor	UZ	26494
775986	Bielsk Podlaski	PL	26493
4149956	Cantonment	US	26493
4934500	댄버스	US	26493
1260681	Pallippatti	IN	26492
3173411	Nizza Millefonti	IT	26487
570508	Buy	RU	26486
5905132	Boisbriand	CA	26483
2263284	São Martinho	PT	26482
5047234	Shoreview	US	26477
5381002	패러다이스	US	26476
5068725	Fremont	US	26474
5138539	Smithtown	US	26470
1846355	Changsu	KR	26463
4440559	Pearl	US	26462
3038789	아브빌	FR	26461
2460489	Bandiagara	ML	26460
1814430	Dafengdong	CN	26460
1276817	Barwāh	IN	26459
3890949	El Monte	CL	26459
681865	Câmpia Turzii	RO	26457
1688363	Santa Catalina	PH	26457
2128382	루모이 시	JP	26454
2360626	Gao	BF	26453
2193703	Avondale	NZ	26450
8416236	Nantuo	CN	26447
1055059	Tsaratanana	MG	26446
944531	Ventersdorp	ZA	26446
1004962	Estcourt	ZA	26444
2649301	Flint	GB	26442
2391871	Ségbana	BJ	26440
4838204	Mansfield City	US	26439
289915	Al Wakrah	QA	26436
2515096	Lebrija	ES	26434
2741551	Canidelo	PT	26431
3092856	Luboń	PL	26431
2866758	네카르줄름	DE	26431
3525424	Magdalena Atlicpac	MX	26429
456202	레제크네	LV	26429
6317991	Planalto	BR	26426
598818	요나바	LT	26423
13100482	Fajar	SG	26420
1263300	Mauganj	IN	26420
2856915	Osdorf	DE	26420
7258271	Mercerville-Hamilton Square	US	26419
2520171	Caravaca	ES	26415
2641555	Newton Aycliffe	GB	26415
655143	Kaarela	FI	26414
1624545	Tayu	ID	26413
10436834	Bablāi	IN	26412
1262296	Nādbai	IN	26411
1254727	Terdāl	IN	26411
2794730	Kapellen	BE	26410
5804953	North Creek	US	26410
2498704	El Amria	DZ	26407
2880144	Lauf an der Pegnitz	DE	26403
3110885	Sant Andreu de la Barca	ES	26401
613074	Marneuli	GE	26400
2829998	Sprockhövel	DE	26400
3861061	Cinco Saltos	AR	26399
2458359	Dougabougou	ML	26399
3434095	Esquina	AR	26399
4235193	카본데일	US	26399
1268360	Kallidaikurichi	IN	26398
1180419	Daud Khel	PK	26395
292239	Dibba Al-Hisn	AE	26395
4845585	웨스트포트	US	26391
1170222	Mitha Tiwana	PK	26390
8405694	Yong’an	CN	26390
2150767	Ryde	AU	26385
3009169	라가렌콜롱브	FR	26385
2500583	Dellys	DZ	26384
2348395	Badagry	NG	26383
11205324	Namapa-erati	MZ	26383
2744102	Zaltbommel	NL	26383
2795009	Izegem	BE	26382
2656918	Ashton in Makerfield	GB	26380
2928874	Espelkamp	DE	26378
2250982	Kahone	SN	26376
289174	Liwá	OM	26372
1737012	Lundu	MY	26372
3480652	Universidade Rural	BR	26371
261678	Kaisarianí	GR	26370
2992402	몽티니레메스	FR	26369
3167954	San Miniato Basso	IT	26365
2043677	Iwŏn-ŭp	KP	26364
3171484	Parabiago	IT	26364
1255104	Taloda	IN	26363
99759	Ad Dujayl	IQ	26362
527361	Metallostroy	RU	26361
4033936	파페에테	PF	26357
2555342	Bir Jdid	MA	26355
2640037	포티스헤드	GB	26355
3624288	Chacarita	CR	26354
120949	Poldokhtar	IR	26352
7517497	Yuanyang	CN	26352
12640693	Lei Tung	HK	26350
3380965	Matoury	GF	26350
11520292	Murugampālaiyam	IN	26349
2354176	Tougan	BF	26347
12450865	Kuoyiqi	CN	26346
2355869	Sapouy	BF	26345
142114	Bāgh-e Malek	IR	26343
1784199	Báigōng Jiēdào	CN	26341
2172832	Caboolture	AU	26341
2395568	Aplahoué	BJ	26340
2353670	Yalgo	BF	26340
2948825	Bingen am Rhein	DE	26339
5162512	Medina	US	26339
5108169	Bay Shore	US	26337
5847411	카훌루이	US	26337
3464329	Elói Mendes	BR	26336
1783782	Zhuyang	CN	26335
3839307	라우손	AR	26335
712926	발라클리야	UA	26334
410142	Bi’r al ‘Abd	EG	26330
2726756	Alingsås	SE	26329
1262824	Mon	IN	26328
1266762	Kheri	IN	26327
3467604	Canarana	BR	26325
4161797	Leisure City	US	26324
9884161	Onyar	CN	26322
1275590	Bilsi	IN	26320
296852	Erzin	TR	26316
4914738	Vernon Hills	US	26314
921753	Moutsamoudou	KM	26313
8400137	Yihe	CN	26313
173530	Al Mālikīyah	SY	26311
2468018	Kebili	TN	26310
1176948	Hazro City	PK	26309
618356	Durleşti	MD	26308
515938	Oktyabr’sk	RU	26306
2584420	Dar el Haj Taïeb	TN	26304
342788	Bambesi	ET	26300
3406001	Batalha	BR	26300
8404770	Xialu	CN	26300
343244	Āt’aye	ET	26300
2524955	Comiso	IT	26298
11612460	Miyawaka	JP	26298
3883629	라우니온	CL	26298
1633986	Ngunut	ID	26297
3442568	프라이벤토스	UY	26297
4267336	Zionsville	US	26296
1276765	Basi	IN	26295
10924994	Āyanchēri	IN	26293
1690194	Sanchez-Mira	PH	26292
2809517	Wiehl	DE	26291
2447416	Ayorou	NE	26290
3398614	Guaiúba	BR	26290
1278588	Anjad	IN	26289
1265905	Kottūru	IN	26289
5377199	Norco	US	26289
3825011	Isla	MX	26287
2782067	바덴바이빈	AT	26286
11184821	Chinnalapatti	IN	26285
7117203	Budapest V. kerület	HU	26284
3519076	San Jerónimo	MX	26281
1261853	Narasannapeta	IN	26280
5550368	Wasco	US	26279
109998	Al ‘Awwāmīyah	SA	26276
11612561	Saikai	JP	26275
1818385	Wah Fu	HK	26275
1645978	Colomadu	ID	26274
12156877	Westminster-Branson	CA	26274
2093685	Kokopo	PG	26273
13353540	Ongallur-II	IN	26273
697637	Pereiaslav	UA	26273
8478941	Mount Pleasant	US	26272
3617522	Nagarote	NI	26270
5295143	Fortuna Foothills	US	26265
2238876	Piri	AO	26265
12306362	Quinze-Vingts	FR	26265
2847666	Rheinbach	DE	26262
3458786	Laranjal Paulista	BR	26261
2475921	Tirmitine	DZ	26261
2634387	Westhoughton	GB	26260
1513655	Haqqulobod	UZ	26257
3520407	Reforma	MX	26257
1258598	Rāmpur	IN	26257
497206	세밀루키	RU	26257
2090990	Mendi	PG	26252
13546372	Pyan Lel Nay Yar Cha Htar Ye	MM	26250
2477255	Telerghma	DZ	26248
1690313	San Antonio	PH	26247
3689589	Ariguaní	CO	26246
12432232	Lago Sul	BR	26244
3667158	Tierralta	CO	26242
1279115	Aklera	IN	26240
8439149	Mirganj	IN	26240
1622138	Wanaraja	ID	26240
10846588	Kūdlu	IN	26235
5146491	Barberton	US	26234
372386	Kināna	SD	26233
2649312	Fleetwood	GB	26232
11612682	Kunisaki	JP	26232
3671497	Puerto Colombia	CO	26227
3386874	Tamboril	BR	26225
4703384	킹스빌	US	26225
1254795	Tekkalakote	IN	26224
6949461	Indre By	DK	26223
1796841	Sangzhe	CN	26221
4493316	Statesville	US	26221
3042237	더글러스	IM	26218
5131638	Plainview	US	26217
4360369	로럴	US	26215
3461499	Igarapava	BR	26212
3471368	Astorga	BR	26209
2290173	Diawala	CI	26206
377690	Berber	SD	26203
4186416	Carrollton	US	26203
2649024	Frome	GB	26203
1691606	Rizal	PH	26201
749795	Çan	TR	26201
337864	Felana	ET	26200
1528283	Iradan	KG	26200
13580118	Livoberezhnyi Masyv	UA	26200
1851390	Susaki	JP	26195
2262912	신트라	PT	26193
1262485	Mungaoli	IN	26192
1854028	Ōno-hara	JP	26190
3526696	Ixtaczoquitlán	MX	26187
3177438	Eboli	IT	26183
2803073	아를롱	BE	26179
2652464	Congleton	GB	26178
2496681	Fedj M’Zala	DZ	26176
1275147	Budhlāda	IN	26172
6690839	Sant Martí de Provençals	ES	26169
2812145	Weinstadt-Endersbach	DE	26166
11549776	la Prosperitat	ES	26166
2252685	Diaoubé	SN	26165
1857560	Matsubase	JP	26163
8948705	Romano Banco	IT	26163
1621659	Welahan	ID	26163
1060007	Marolambo	MG	26160
11664493	Anuppānadi	IN	26158
2638977	Rugeley	GB	26156
3559416	Encrucijada	CU	26155
13591680	Altınşehir	TR	26153
2130332	후카가와 시	JP	26152
5397717	사우스패서디나	US	26151
1880650	Hong Kah	SG	26150
2168943	데본포트	AU	26150
5121407	Howard Beach	US	26148
2502239	Bou Tlelis	DZ	26144
1794949	Shituo	CN	26144
2286023	Kaouara	CI	26142
12640238	Maâtkas	DZ	26142
1861586	Innoshima	JP	26141
2158626	Marrickville	AU	26140
1258140	Reengus	IN	26139
2327513	Ogwashi-Uku	NG	26137
2838053	Schmallenberg	DE	26132
1255290	Sutrāpāra	IN	26132
2165290	Glen Iris	AU	26131
155310	Magugu	TZ	26131
13118149	Bandar Sri Sendayan	MY	26127
8572883	Hikarigaoka	JP	26127
2906331	Hennigsdorf	DE	26122
3345437	캠던타운	GB	26122
4018403	Apaseo el Grande	MX	26121
3641008	Encontrados	VE	26121
4891176	Englewood	US	26121
3983631	Santiago Papasquiaro	MX	26121
11550000	Marroquina	ES	26120
7259780	Four Corners	US	26116
1525462	Aksu	KZ	26115
3401552	Craíbas	BR	26115
2870974	Misburg	DE	26114
1620442	Ban Talat Bueng	TH	26113
3460648	Itapuranga	BR	26113
4369978	South Laurel	US	26112
2288010	Guépaouo	CI	26111
2867993	Stuttgart Mühlhausen	DE	26111
2110735	도노 시	JP	26110
304916	Malazgirt	TR	26108
13353683	Kodoli	IN	26106
3467680	Campos Gerais	BR	26105
4453035	Asheboro	US	26103
2240416	Lubalo	AO	26103
1009863	Dimbaza	ZA	26099
3468023	Camanducaia	BR	26097
2434985	Bokoro	TD	26095
361098	Al ‘Idwah	EG	26092
1259744	Phulera	IN	26091
6316885	Colniza	BR	26090
13005706	São José da Lapa	BR	26090
3838561	Rosario de Lerma	AR	26086
2163990	Hampton Park	AU	26082
4149269	Buenaventura Lakes	US	26079
107117	Ḑamad	SA	26079
2961123	트럴리	IE	26079
2501525	Chellalat el Adhaouara	DZ	26077
3675668	Mahates	CO	26075
154551	Matundasi	TZ	26073
2970761	Vanves	FR	26068
3860828	Colón	AR	26067
4018762	Ciudad de Allende	MX	26065
4852022	Clinton	US	26064
1667121	Tianwei	TW	26063
2743949	Zevenaar	NL	26063
3408100	Alagoa Grande	BR	26062
2498183	El Hadjar	DZ	26060
5002714	Mount Pleasant	US	26060
1514174	Dardoq	UZ	26055
2785778	Temse	BE	26054
2655583	Bishop Auckland	GB	26050
2497796	El Kseur	DZ	26050
658132	Herttoniemi	FI	26047
3621819	San Juan	CR	26047
2111999	Mashiko	JP	26045
1734757	Sungai Udang	MY	26044
757357	Szczytno	PL	26044
6316937	Costa Rica	BR	26037
2969766	Vernon	FR	26037
2279841	Yabayo	CI	26037
3465713	Conde	BR	26035
1258213	Renigunta	IN	26031
2926565	Fischeln	DE	26030
1276767	Basi	IN	26029
3453661	Piracaia	BR	26029
5404198	투웬티나인팜스	US	26025
3489227	Old Harbour	JM	26024
2922530	가르미슈파르텐키르헨	DE	26022
379535	Al Fūlah	SD	26020
3682682	El Zulia	CO	26019
1942248	Zouma	CN	26017
8468820	Khoni	IN	26016
3522445	Ocoyoacac	MX	26015
620181	Vileyka	BY	26015
8740819	Areraj	IN	26014
11520318	Muttanampālaiyam	IN	26014
6316432	Aripuanã	BR	26010
2105033	Nggosi	SB	26009
2540207	Oulad Ayad	MA	26008
3622881	Mercedes Norte	CR	26007
3623593	Guadalupe	CR	26005
4896691	Huntley	US	26005
1737589	Lawas	MY	26002
13118431	Al Furjan	AE	26000
3660559	Arenillas	EC	26000
297090	Didim	TR	26000
1221614	Ishqoshim	TJ	26000
2641290	Northolt	GB	26000
4560303	Pennsport	US	26000
1513010	Poytug‘	UZ	26000
6311111	Saaxo	SO	26000
1268761	Junnar	IN	25997
3388615	São João dos Patos	BR	25996
1263181	Mehsi	IN	25995
11502206	Edavai	IN	25994
2541210	Zawyat an Nwaçer	MA	25991
1263787	Mangaldai	IN	25989
12750572	Taman OUG	MY	25989
2659601	몽트뢰	CH	25984
3862583	Carmen de Patagones	AR	25982
3674885	Melgar	CO	25980
2749680	Oisterwijk	NL	25980
1262285	Naduvannūr	IN	25979
2796542	Harelbeke	BE	25978
3096003	Kluczbork	PL	25978
4528810	Xenia	US	25976
3176322	Garbagnate Milanese	IT	25974
2265326	Paço de Arcos	PT	25974
1860341	Kamo	JP	25971
3395483	Maracanã	BR	25971
3082704	Wałcz	PL	25971
3117409	Marín	ES	25969
4366647	Reisterstown	US	25968
2751771	Leiderdorp	NL	25966
1072879	Ankazoabo	MG	25961
3832662	Villa Nueva	AR	25961
1324385	Hmaw Bi	MM	25960
2359317	Kokologo	BF	25958
3172170	Novi Ligure	IT	25957
3177250	Falconara Marittima	IT	25948
3724233	Gressier	HT	25947
1265852	Krishnarājpet	IN	25946
1254413	Tirāwari	IN	25944
540030	Kubinka	RU	25942
1150624	Si Satchanalai	TH	25942
2263432	Santo António	PT	25940
2734434	São Mamede de Infesta	PT	25940
1862968	Hayashino	JP	25939
3448828	São Joaquim	BR	25939
1682537	Telabastagan	PH	25935
3394116	Murici	BR	25933
8223924	Mannachanallur	IN	25931
1259878	Periyanayakkanpalaiyam	IN	25930
10929727	Kuttikkāttūr	IN	25929
1268339	Kālol	IN	25929
2975536	사비니르탕플	FR	25925
12324285	Longchi	CN	25923
2361586	Dano	BF	25922
1269094	Jaynagar Majilpur	IN	25922
1853280	Sagara	JP	25922
1268624	Kailāras	IN	25920
164328	Shaykh Miskīn	SY	25920
8399050	Wuma	CN	25919
293426	Tamra	IL	25917
3176041	Giussano	IT	25916
2494554	Hammam Bou Hadjar	DZ	25912
2796009	Herentals	BE	25912
2077895	앨리스스프링스	AU	25912
3187297	브르바스	RS	25907
1504972	Kaltan	RU	25903
3676720	La Virginia	CO	25900
3394884	Milagres	BR	25900
1497795	Nev’yansk	RU	25900
513378	Ozëry	RU	25900
696877	Podil	UA	25900
584954	Siyazan	AZ	25900
692909	Stara Darnytsya	UA	25900
13526888	Central 14th Street / Spring Road	US	25899
1274116	Chīpurupalle	IN	25898
5156371	Green	US	25898
5330567	Brawley	US	25897
3166989	Scandiano	IT	25896
2938376	델리치	DE	25895
1269694	Iringal	IN	25894
3457202	Miguel Calmon	BR	25894
1179463	Dunga Bunga	PK	25893
1818950	Sham Tseng	HK	25893
11185501	Jamjodhpur	IN	25892
4556165	Yukon	US	25892
3439781	트레인타이트레스	UY	25890
2862104	Nordenham	DE	25889
2515072	Lepe	ES	25886
12523443	Chumukedima	IN	25885
2515698	La Oliva	ES	25884
13353539	Thodiyoor	IN	25884
4620732	Ellendale	US	25882
13513215	Sofiivska Borschahivka	UA	25882
13132762	Ginan	JP	25881
7870890	Beltline	CA	25880
13494063	Inner Huai Khwang	TH	25879
3021263	Dole	FR	25878
1269289	Jāmul	IN	25878
1262065	Nalhāti	IN	25878
5805782	Opportunity	US	25877
3624848	Aserrí	CR	25874
2639409	Rhyl	GB	25874
11462062	Kāladi	IN	25872
2128147	Shimo-furano	JP	25872
7372475	Luotang	CN	25871
1864055	Tōyō	JP	25870
1050871	Catandica	MZ	25869
2968515	빌뇌브쉬르로트	FR	25869
2624843	Allerød	DK	25867
4993125	Forest Hills	US	25867
2469230	Mégrine	TN	25863
13353538	Muhamma	IN	25861
1513364	Qo‘rg‘ontepa	UZ	25861
3644767	Cumanacoa	VE	25858
3463124	Formosa do Rio Preto	BR	25857
11612707	Semboku	JP	25857
10930086	Ponmundam	IN	25855
13353537	Mulamthuruthy	IN	25852
1271064	Gokarna	IN	25851
1849183	Ureshinomachi-shimojuku	JP	25848
9977407	Ganguwa	IN	25847
2647044	하트퍼드	GB	25847
1266116	Koregaon	IN	25846
640124	라이시오	FI	25846
1268124	Kāndla	IN	25845
3084074	Świecie	PL	25843
5364226	라페이엣	US	25843
12749904	Óhegy	HU	25842
751817	아르트빈	TR	25841
542464	크라스노아르메이스크	RU	25841
1704781	Maao	PH	25837
2521909	Almassora	ES	25831
5042561	Ramsey	US	25828
2015310	포키노	RU	25827
313331	Güroymak	TR	25826
2507169	Amizour	DZ	25825
4370616	Suitland	US	25825
11747175	Neapoli	GR	25822
149812	Sokoni	TZ	25821
739209	Suşehri	TR	25820
10922741	Erannoli	IN	25818
1806657	Huolu	CN	25818
4304713	Pleasure Ridge Park	US	25813
5134395	Rosedale	US	25812
3533433	Acatzingo	MX	25811
3165788	Terlizzi	IT	25811
1151211	Tha Kham	TH	25810
45628	Shahrak-e Ţāleqānī	IR	25808
11669493	Altona-Nord	DE	25802
1267739	Kārkala	IN	25800
331671	Maksenyit	ET	25800
4903535	New Lenox	US	25800
2016910	Severobaykal’sk	RU	25800
13580129	Tatarka	UA	25800
4434663	Madison	US	25799
3395404	Marco	BR	25799
12156887	Bay Street Corridor	CA	25797
5264223	Neenah	US	25792
4670592	Alvin	US	25791
1273440	Dārwha	IN	25791
6173570	Vaudreuil-Dorion	CA	25789
3078773	브르제츨라프	CZ	25789
1274285	Chhota Udepur	IN	25787
6615536	레윌리스	FR	25785
13156699	Tōin	JP	25784
1213495	Teluk Dalam	ID	25780
7284883	Marseille 02	FR	25779
792814	베체이	RS	25774
2537368	Gueznaia	MA	25771
121240	Pāveh	IR	25771
2148088	Strathfield	AU	25769
6615442	Almozara	ES	25767
6317800	Novo Progresso	BR	25766
2128279	Sarubetsu	JP	25766
2500401	Didouche Mourad	DZ	25764
2111429	Omigawa	JP	25763
1278122	Avanigadda	IN	25761
6545107	La Bonanova	ES	25761
2156878	Mornington	AU	25759
2509553	Villanueva de la Serena	ES	25759
4160812	키웨스트	US	25755
3197753	Koper	SI	25753
1262374	Mussoorie	IN	25753
3542137	Río Guayabal de Yateras	CU	25753
1705572	Lopez	PH	25752
2521857	Almonte	ES	25751
3516076	Tecax	MX	25751
1265395	Kuttippuram	IN	25750
4033779	Punaauia	PF	25750
3077882	체스키테신	CZ	25750
3126577	Cangas do Morrazo	ES	25748
1269413	Jaleshwar	IN	25747
8604596	Retreat	ZA	25745
3527639	Felipe Carrillo Puerto	MX	25744
1858041	Kushikino	JP	25744
3654536	Machachi	EC	25742
12434388	Cruzeiro	BR	25741
1803395	Linjiang	CN	25740
2896736	Idstein	DE	25736
708901	Haysyn	UA	25735
2755633	Geldermalsen	NL	25734
256621	Néa Filadélfeia	GR	25734
8469295	Randolph	US	25734
2804034	Zirndorf	DE	25734
11612328	Tosa	JP	25732
4174969	Temple Terrace	US	25731
3080944	Żagań	PL	25731
141676	Bandar-e Deylam	IR	25730
1269509	Jais	IN	25726
2633883	Wilmslow	GB	25725
5040647	오와토나	US	25725
6318165	Rio Preto da Eva	BR	25723
2636995	Staveley	GB	25719
3096053	Kłodzko	PL	25717
3689952	Anaime	CO	25715
1787019	Yanzibu	CN	25714
1268489	Kallam	IN	25713
3181548	Bresso	IT	25712
6316350	Alto Alegre do Pindaré	BR	25710
4067927	Homewood	US	25708
1260003	Pawāyan	IN	25708
1189638	Raojān	BD	25708
3694666	Monsefú	PE	25707
5312544	사후아리타	US	25707
6943827	Thetford-Mines	CA	25704
3548993	Los Palacios	CU	25703
172469	Aş Şanamayn	SY	25702
2488202	Melouza	DZ	25701
3761202	Valente Diaz	MX	25700
2357931	Mogtédo	BF	25699
2843106	Rummelsburg	DE	25697
2988888	오요나	FR	25697
2111677	Narutō	JP	25696
11549961	Berruguete	ES	25694
1843585	임실	KR	25693
1269690	Irugūr	IN	25691
2361342	Diébougou	BF	25688
542463	크라스노아르메이스크	RU	25688
5919248	Centretown	CA	25687
1698921	Nabua	PH	25687
5802340	Maple Valley	US	25686
2857306	Olpe	DE	25686
1269057	제바르기	IN	25686
2516255	Jumilla	ES	25685
2218983	Az Zahrā’	LY	25684
3526953	Huejotzingo	MX	25684
7669012	Walnut Grove	CA	25683
1485357	Zavodoukovsk	RU	25682
2652586	Coleraine	GB	25681
3398573	Guaraí	BR	25681
2649650	Farnworth	GB	25680
3398428	Humberto de Campos	BR	25680
2955439	Arnstadt	DE	25678
8442536	Mechcheri	IN	25676
294210	Migdal Ha‘Emeq	IL	25675
1256295	Silao	IN	25674
2363908	Tchamba	TG	25668
13132730	Mufumbwe	ZM	25667
3982693	Tacámbaro de Codallos	MX	25665
6871926	Al-'Alam	IQ	25662
1267154	Khajuraho Group of Monuments	IN	25662
8576625	Noborito	JP	25662
7302857	Silapathar	IN	25662
4389967	Hazelwood	US	25661
5174358	트로이	US	25659
1273665	Dākor	IN	25658
163476	Tall Rif‘at	SY	25658
150099	Sepuka	TZ	25657
13512933	Coquitlam West	CA	25656
1848194	Yoshii	JP	25655
6619280	Sydney Central Business District	AU	25654
2899101	Horb am Neckar	DE	25651
1253056	Wadgaon	IN	25651
106102	Ḩaql	SA	25649
1796209	Shanghuang	CN	25648
3082712	Wągrowiec	PL	25648
2955168	Aschersleben	DE	25647
202048	Kirimbi	RW	25647
5365918	Lemoore	US	25647
3694939	Marcavelica	PE	25645
2620214	Hjørring	DK	25644
1128265	Rustāq	AF	25636
418723	Kelīshād va Sūdarjān	IR	25635
1174720	Karor	PK	25634
8336885	Núi Sập	VN	25633
1273191	Deori Khās	IN	25632
1269269	Jandiāla	IN	25631
3982121	Tejupilco de Hidalgo	MX	25631
1817553	Baima	CN	25629
1717008	Concepcion Ibaba	PH	25628
13494714	Balakrishnapuram	IN	25627
4479759	Mint Hill	US	25627
5103269	Ridgewood	US	25621
1619363	Bang Pakong	TH	25620
2652730	클라이드뱅크	GB	25620
1732915	Cangkat Jong	MY	25618
2906152	Herdecke	DE	25618
1173302	Kot Diji	PK	25616
3398355	Igaci	BR	25613
1854648	Ogikubo	JP	25609
11502044	Panayāttur Vadakkumbhāgam	IN	25607
938694	White River	ZA	25607
2660727	프라우엔펠트	CH	25607
6559488	Quinta Do Conde	PT	25606
1817862	Qilian	CN	25603
2846523	Rinteln	DE	25602
1137079	Khān Neshīn	AF	25600
229872	Lukaya	UG	25600
330789	Metemma	ET	25600
293207	Yehud	IL	25600
1636657	Malinau	ID	25596
284572	‘Aţārūt	PS	25595
5125125	롱아일랜드시티	US	25595
3385645	Urucurituba	BR	25592
2988998	울랭	FR	25592
8611025	Mochibaru	JP	25591
2156643	마운트갬비어	AU	25591
3182599	Bacoli	IT	25590
3004427	르크뢰조	FR	25590
11835536	Riyāḑ al Khabrā’	SA	25588
1022982	Amandelbult	ZA	25587
4103957	캐벗	US	25587
1788272	Xituo	CN	25585
3097528	Jarocin	PL	25582
1260206	Pāsighāt	IN	25581
5208117	Rhawnhurst	US	25581
1266809	Kheda	IN	25575
932218	Qacha’s Nek	LS	25573
1262253	나가르	IN	25572
2343720	Eket	NG	25569
5386984	Reedley	US	25569
2335333	Kamba	NG	25568
13132448	Ad-Dindar	SD	25567
3387204	Soure	BR	25565
3448846	São João Nepomuceno	BR	25565
2235186	Bafut	CM	25563
11549774	el Baix Guinardó	ES	25563
4354087	Edgewood	US	25562
2754692	헤임스테더	NL	25562
12719555	Shek Kip Mei Estate	HK	25561
171694	Batabo	SY	25560
4163918	Meadow Woods	US	25558
2759016	Beuningen	NL	25557
4979244	South Portland	US	25556
12076998	Downtown Halifax	CA	25555
13494713	Viswanatham	IN	25555
3980621	Valle de Bravo	MX	25554
3407367	Aracoiaba	BR	25553
8441674	Kamalāpuram	IN	25552
563551	Ekazhevo	RU	25549
7601921	Zhongxing New Village	TW	25549
3461151	Ipameri	BR	25548
2641609	New Milton	GB	25546
166331	Nubl	SY	25546
3179684	Castelfranco Veneto	IT	25545
10778956	Poranki	IN	25545
406472	Shāhedshahr	IR	25544
2820621	Übach-Palenberg	DE	25544
1514615	Oltiariq	UZ	25543
1214302	Pangkalan Brandan	ID	25542
1073482	Anjozorobe	MG	25541
8223969	Parangipettai	IN	25541
6173017	Val-d'Or	CA	25541
7262518	West Whittier-Los Nietos	US	25540
11184131	Andipalayam	IN	25539
8572886	Sakuradai	JP	25537
6096582	Panorama Hills	CA	25535
1843163	강화군	KR	25535
5197517	레버넌	US	25534
7646705	Adampur	IN	25531
11073561	Kakkanad	IN	25531
2414545	Tougué	GN	25531
2652249	Coulsdon	GB	25530
3460267	Jacutinga	BR	25525
2651831	Crowthorne	GB	25522
11549794	Vilapicina i la Torre Llobeta	ES	25522
9188982	Ōwa	JP	25522
3430866	Mar de Ajó	AR	25520
6316424	Arame	BR	25517
3928993	San Vicente de Cañete	PE	25517
2906676	Helmstedt	DE	25515
1269762	Indāpur	IN	25515
2872582	Meckenheim	DE	25515
164025	Subaykhān	SY	25514
2647303	Hawarden	GB	25513
6822187	Ninohe	JP	25513
548506	키레옙스크	RU	25513
9891157	Nakatsukuma	JP	25511
3523127	Mixquiahuala de Juarez	MX	25510
2843636	로트바일	DE	25510
13353536	Talikkulam	IN	25507
3396101	Luzilândia	BR	25504
1273850	Colonelganj	IN	25503
13118198	SS2	MY	25500
328880	Sendafa	ET	25500
6691113	The Palm Jumeirah	AE	25500
1848210	Yoshida-kasugachō	JP	25500
2519068	Quart de Poblet	ES	25499
4528923	Zanesville	US	25498
6113355	Prince Edward	CA	25496
1263185	Mehndāwal	IN	25495
1266372	Koelwār	IN	25494
1626673	Soko	ID	25494
1789787	Xiasi	CN	25490
4682478	콜리빌	US	25487
1647638	Bungku	ID	25477
2295684	살라가	GH	25472
6690863	Hornchurch	GB	25470
2297505	Navrongo	GH	25470
3445941	Tupaciguara	BR	25470
4186213	Canton	US	25469
2756507	Duiven	NL	25469
1270265	Harūr	IN	25469
11549999	Quintana	ES	25469
3670874	Repelón	CO	25467
2756723	Dongen	NL	25464
2636049	Thatcham	GB	25464
2284787	Luénoufla	CI	25463
1106213	Mmopone	BW	25460
3387926	Senador Pompeu	BR	25456
1277255	Bannūr	IN	25455
1262574	Mūl	IN	25449
6317748	Nova Mamoré	BR	25444
3448652	São José do Norte	BR	25443
2906268	Heppenheim an der Bergstrasse	DE	25442
256750	Moskháton	GR	25441
5130045	Ossining	US	25441
2638879	Saddleworth	GB	25441
1877046	Hŭkkyo-ri	KP	25437
3631791	Motatán	VE	25437
1265401	Kuttampuzha	IN	25436
3446087	Três Passos	BR	25436
3452085	Queimadas	BR	25433
11502046	Karuva	IN	25432
4784112	Salem	US	25432
209856	Malemba-Nkulu	CD	25430
250198	Aţ Ţafīlah	JO	25429
3587308	Ayutuxtepeque	SV	25426
902620	Mwinilunga	ZM	25425
1272375	Dorāha	IN	25424
1265400	Koothanallur	IN	25423
783926	Zelino	MK	25422
3549835	Limonar	CU	25421
2853924	Pfungstadt	DE	25415
1266847	Khātegaon	IN	25413
2639381	Rickmansworth	GB	25413
1832257	Yŏngwŏl	KR	25413
4849826	Burlington	US	25410
3621689	San Rafael	CR	25410
3467353	Capão do Leão	BR	25409
5781087	Saratoga Springs	US	25407
1261394	Nīlēshwar	IN	25405
1857659	Kamimaruko	JP	25403
340754	Chinahsen	ET	25400
334478	Idaga Hamus	ET	25400
12640452	Worabe	ET	25400
2113779	마주로	MH	25400
3869716	토코피야	CL	25400
593672	우테나	LT	25397
3693057	Querecotillo	PE	25396
315720	Elmadağ	TR	25394
2639866	Pudsey	GB	25393
11204695	Kamaqhekeza	ZA	25390
255588	Pérama	GR	25389
905789	Mpongwe	ZM	25388
3405304	Bom Jesus	BR	25387
189741	라무	KE	25385
3526674	Ixtepec	MX	25381
401118	Showţ	IR	25381
3461624	Ibatiba	BR	25380
4901868	Melrose Park	US	25379
786093	Saraj	MK	25379
13494712	Edaicode	IN	25378
3465542	Coração de Jesus	BR	25377
2484846	Ouled Mimoun	DZ	25377
3696847	Guadalupe	PE	25376
3013525	에냉보몽	FR	25371
3574636	Diego Martin	TT	25370
254144	Salamína	GR	25370
4447161	스탁빌	US	25366
515267	Omutninsk	RU	25364
709782	Dolynska	UA	25362
10628608	Kadakkavoor	IN	25362
293835	Qiryat Mal’akhi	IL	25362
2639436	Rhosllannerchrugog	GB	25362
13353438	Haludbani	IN	25360
8449855	King Khalid Military City	SA	25356
1524889	Shardara	KZ	25356
2416443	Pita	GN	25355
11550028	Arcos	ES	25354
2744991	Wassenaar	NL	25353
2633749	Witham	GB	25353
3645360	Coloncito	VE	25352
522594	네레흐타	RU	25352
2745726	페헐	NL	25352
522775	넬리도보	RU	25349
2953435	Bad Honnef	DE	25348
3453542	Pirapozinho	BR	25348
2763423	Traun	AT	25345
2744549	Wierden	NL	25342
1274673	Chāndor	IN	25341
1255434	Sundarnagar	IN	25338
2745096	Waddinxveen	NL	25338
2989170	오르보	FR	25338
1278895	Amarpur	IN	25336
1267657	Karungappalli	IN	25336
4360954	Lochearn	US	25333
5020881	Chanhassen	US	25332
13157134	Gadkhol	IN	25332
1175712	Jiwani	PK	25332
2873352	Markkleeberg	DE	25331
3840259	Profesor Salvador Mazza	AR	25328
1277330	Banganapalle	IN	25325
466171	Yushkovo	RU	25324
3407682	Anajatuba	BR	25322
3615069	Arizona	HN	25320
1579635	Khánh Hòa	VN	25320
1695283	Pangil	PH	25318
688746	Vynohradiv	UA	25317
2858763	Obertshausen	DE	25316
2508297	Aïn Arnat	DZ	25315
5356451	허큘리스	US	25314
3681596	Guamal	CO	25312
1054035	Vohibinany	MG	25311
8858099	Emiliano Zapata	MX	25309
1538378	Panjim	CN	25307
1278507	Anūpshahr	IN	25306
1722005	Cabagan	PH	25304
5351428	Galt	US	25303
1269446	Jalālābad	IN	25302
345902	Abala	ET	25300
3930835	Quillabamba	PE	25300
3692895	Requena	PE	25300
933018	Thamaga	BW	25300
714419	Újszeged	HU	25300
12719978	Chitaguppa	IN	25298
13308373	Dimtu	ET	25294
1799714	Nantou	CN	25294
2345094	Daura	NG	25289
3522845	Nanchital de Lázaro Cárdenas del Río	MX	25289
3087705	Pszczyna	PL	25288
2917412	Griesheim	DE	25287
2804008	Zittau	DE	25286
5042373	Prior Lake	US	25282
2155001	Northcote	AU	25276
5416357	Castlewood	US	25271
1278054	Bābra	IN	25270
3472808	Aimorés	BR	25269
3461941	Guaporé	BR	25268
9000266	Phú Quý	VN	25267
1256659	Shamsābād	IN	25266
287832	Ibrā’	OM	25265
3446979	Tanabi	BR	25265
1266461	Kithor	IN	25262
2848845	Reinbek	DE	25261
11463563	Kallūr Vadakummuri	IN	25259
3637721	라과이라	VE	25259
3557801	Guanajay	CU	25258
9291689	Itogawa	JP	25258
2525655	Assemini	IT	25257
4388460	Grandview	US	25256
4422133	Clinton	US	25254
2806919	Wolfen	DE	25251
6316765	Cândido Sales	BR	25247
1264643	Machhlīshahr	IN	25247
1842153	Kinzan	KR	25243
4956335	Yarmouth	US	25243
281715	Surif City	PS	25242
12746532	Choi Wan Estate (I & II)	HK	25241
2148876	South Yarra	AU	25237
13645744	Luanda	GW	25236
418556	Goldasht	IR	25235
670969	Petrila	RO	25234
1734537	Tebedu	MY	25232
658120	Hervanta	FI	25231
6138121	Sainte-Thérèse	CA	25224
740230	Sapanca	TR	25224
7669271	Donghol-Sigon	GN	25222
7602285	Steveston	CA	25220
1861825	Ijūin	JP	25217
924102	Rumphi	MW	25216
3979855	Yuriria	MX	25216
2817873	Varel	DE	25212
5170691	선더스키	US	25212
4672059	Balch Springs	US	25210
3576686	Gros Islet	LC	25210
2483746	Reguiba	DZ	25210
2279240	Zou	CI	25210
3395162	Mata Grande	BR	25207
1277902	Bagha Purana	IN	25206
5052658	White Bear Lake	US	25205
1276178	Bhānder	IN	25204
2118647	빌류친스크	RU	25204
3468902	Brodowski	BR	25201
2791964	마세이크	BE	25201
3023356	쿠드케르크브랑슈	FR	25201
5020938	Chaska	US	25199
3446783	Taquari	BR	25198
3396270	Limoeiro de Anadia	BR	25197
1611424	Chai Badan	TH	25196
8441383	Azhikkōd	IN	25195
3841309	Pico Truncado	AR	25194
1253623	Uttiramerūr	IN	25194
4895298	하비	US	25194
1273410	Dasūya	IN	25192
1270618	Gursarāi	IN	25191
3058986	Lučenec	SK	25191
4362344	Middle River	US	25191
4917123	우드스톡	US	25189
524809	Mostovskoy	RU	25188
1169684	Murree	PK	25186
3062339	Vsetín	CZ	25185
1676909	Erlun	TW	25183
3391965	Piranhas	BR	25183
1260421	Pāonta Sāhib	IN	25183
10571120	Tirorā	IN	25181
3460887	Itaí	BR	25180
746983	겔리볼루	TR	25178
4529469	Ardmore	US	25176
4900292	Lockport	US	25175
5761708	Woodburn	US	25173
702116	Malyn	UA	25172
2690580	Nacka	SE	25170
4013727	Ciudad Altamirano	MX	25168
1822895	Phumĭ Véal Tônsay	KH	25168
12489793	Fuhuan	CN	25164
1080522	Ambohidratrimo	MG	25163
2866375	Netphen	DE	25163
2802247	Berchem-Sainte-Agathe	BE	25162
3894406	Coihueco	CL	25159
3533107	Álamo	MX	25159
744873	Kağızman	TR	25157
13405659	Prachin Buri Town	TH	25157
2783979	와테르말부아포르	BE	25157
2940512	Butzbach	DE	25156
5015599	Wyandotte	US	25156
738167	Vezirköprü	TR	25155
6822201	오가 시	JP	25154
3013477	에르블레	FR	25153
124647	Bardsīr	IR	25152
2749604	Ommoord	NL	25150
1490003	Tatarsk	RU	25150
2414341	Wendou Borou	GN	25150
8408335	Zhoubai	CN	25147
1258859	Rājgurunagar	IN	25146
1213493	Teluk Nibung	ID	25146
878223	Luchingu	TZ	25145
3929295	Santa Ana	PE	25145
2798307	Flémalle-Haute	BE	25144
575349	Bologoye	RU	25142
1864180	Enzan	JP	25142
2171707	Chatswood	AU	25140
1519673	Saryaghash	KZ	25139
3832934	Victoria	AR	25139
1658073	Ban Xénô	LA	25135
4586523	Mauldin	US	25135
717902	머코	HU	25135
11556532	Pottaneri Nallakavundanpatti	IN	25133
4884453	Belvidere	US	25132
2480198	Sidi Mérouane	DZ	25129
10263051	Kamaruddinnagar	IN	25126
1271453	Gauripur	IN	25124
1258477	Rānia	IN	25123
1570243	Phước An	VN	25120
12420917	Awati	CN	25119
1213530	Tanjungtiram	ID	25118
1465623	Mugalivakkam	IN	25117
13353535	Thazhecode	IN	25116
6947041	블랙히스	GB	25116
8335226	Ayala Alabang	PH	25115
1848633	Yamazakichō-nakabirose	JP	25115
1257771	Saiha	IN	25110
1274146	Chinna Salem	IN	25106
2869120	Mosbach	DE	25106
3529981	Cuautlancingo	MX	25104
142768	Āshkhāneh	IR	25104
3403360	Canhotinho	BR	25103
2468285	El Fahs	TN	25100
148106	Fuzuli	AZ	25100
1560551	Xuân Mai	VN	25100
11549953	Palos de Moguer	ES	25097
1815494	Changxin	CN	25095
1253340	Vayalār	IN	25094
295089	Ganei Tikva	IL	25093
3106492	Valls	ES	25092
2412186	Sanchaba	GM	25091
336511	Raqo	ET	25090
1865401	Akune	JP	25089
3054646	Budaörs	HU	25089
759603	산도미에시	PL	25087
3453767	Pinheiral	BR	25085
2844265	Roth	DE	25083
2983440	리조랑지스	FR	25082
6822186	하치만타이 시	JP	25076
1279219	Ahraura	IN	25075
3431788	Las Flores	AR	25075
1801740	Lushan	CN	25074
1274021	Rampachodavaram	IN	25074
3164153	Villaricca	IT	25074
2867613	Hannoversch Münden	DE	25073
1263751	Māngrol	IN	25073
3565951	Campechuela	CU	25069
752288	Akyazı	TR	25068
3182210	Belluno	IT	25064
3453512	Pirenópolis	BR	25064
1861400	Ishii	JP	25062
1256421	Shrīrangapattana	IN	25061
5601538	모스코	US	25060
3692863	Rioja	PE	25057
1802686	Longcheng	CN	25055
4943958	Milford	US	25055
2235660	Ambam	CM	25052
4135865	웨스트멤피스	US	25052
1267976	Kantai	IN	25051
1266891	Kharkhauda	IN	25051
12156865	Stonegate-Queensway	CA	25051
3109689	Santa Perpètua de Mogoda	ES	25048
7909705	Santa Cruz de los Taques	VE	25047
478071	Ust’-Katav	RU	25046
1268059	Kanigiri	IN	25045
4505542	애선스	US	25044
1274428	Chengannūr	IN	25043
2745154	Vught	NL	25043
5803139	Mercer Island	US	25042
985011	Lady Frere	ZA	25041
1255884	Sohāgpur	IN	25040
2650122	엘긴	GB	25040
648366	Lempäälä	FI	25036
2909240	Hattersheim	DE	25035
2760910	Wolfsberg	AT	25035
1274770	찬다울리	IN	25035
4500942	Bridgeton	US	25031
102744	Rumāḩ	SA	25031
347863	Sīwah	EG	25031
1780890	Batu Berendam	MY	25028
2361845	Boussé	BF	25022
1320974	Kanbalu	MM	25022
2168607	Doncaster	AU	25020
1013550	Christiana	ZA	25019
297917	Yahyalı	TR	25019
3456324	Nepomuceno	BR	25018
6316880	Cocalzinho de Goiás	BR	25016
1886598	Yŏnmu	KR	25015
1608033	Pak Phanang	TH	25014
2973745	쉬시앙브리	FR	25014
12501142	Paramathi Velur	IN	25012
1253278	Velur	IN	25012
1308946	모가웅	MM	25012
2707684	헤르뇌산드	SE	25012
3175238	Lainate	IT	25011
1261699	Naubatpur	IN	25011
3385077	Conde	BR	25010
4006783	Encarnación de Díaz	MX	25010
2660104	Kriens	CH	25010
118805	Rāmshīr	IR	25009
2646004	Isleworth	GB	25008
5100854	Maplewood	US	25008
1257461	Sāndi	IN	25008
1854868	Nyūzen	JP	25007
1795179	Xianglong	CN	25006
5941905	Dorset Park	CA	25003
5397018	솔리다드	US	25003
2930889	Ellwangen	DE	25001
2646862	Hindley	GB	25001
1078966	Ampahana	MG	25000
292688	Ar Ruways	AE	25000
11429145	Bandar Puncak Alam	MY	25000
1929434	Bojia	CN	25000
5909483	Brooklin	CA	25000
3349515	Chitembo	AO	25000
295365	Daliyat al Karmel	IL	25000
3348896	Dombe Grande	AO	25000
563822	Dyat’kovo	RU	25000
13494192	Ecopark	VN	25000
12070742	Fallingbrook	CA	25000
4834272	Farmington	US	25000
5957564	Fraser Heights	CA	25000
337614	Funyan Bīra	ET	25000
2919095	Gonsenheim	DE	25000
1506073	Gur’yevsk	RU	25000
2753996	Hoensbroek	NL	25000
159380	Igurusi	TZ	25000
6619277	Knjazevac	RS	25000
155921	Liwale	TZ	25000
11288653	Lucento	IT	25000
154837	Manyoni	TZ	25000
1263566	Marayur	IN	25000
3173935	Marina di Carrara	IT	25000
8549608	Mhalamba	TZ	25000
1170436	Mian Sahib	PK	25000
8030233	Midstream	ZA	25000
13580125	Mostytskyi Masyv	UA	25000
1655078	Muang Xay	LA	25000
2750039	Nijverdal	NL	25000
1260942	Padam	IN	25000
2640246	Pitsea	GB	25000
119374	Qeshm	IR	25000
293837	Qiryat HaYovel	IL	25000
12382295	Quang Minh	VN	25000
3387987	Satuba	BR	25000
13100483	Saujana	SG	25000
7084521	Seririt	ID	25000
495957	Shali	RU	25000
8714565	Shiraguppi	IN	25000
1216115	Sho‘rchi	UZ	25000
149854	Sirari	TZ	25000
1822029	Stung Treng	KH	25000
13118381	Taman Desa	MY	25000
1655087	Vang Vieng	LA	25000
472433	볼로콜람스크	RU	25000
1266258	콜라시브	IN	25000
1666323	Citong	TW	24998
2896020	Ingelheim am Rhein	DE	24998
11549973	Argüelles	ES	24997
169179	Jarābulus	SY	24997
4255056	Brownsburg	US	24996
3456234	Nossa Senhora das Dores	BR	24996
3389459	Santa Maria do Pará	BR	24995
3578682	Petit-Bourg	GP	24994
7259480	Saginaw Township North	US	24994
2221802	Souza Gare	CM	24994
4237717	Edwardsville	US	24992
3590529	San Andrés Itzapa	GT	24992
1859436	Kinoshita	JP	24989
2156942	South Morang	AU	24989
3663142	Novo Aripuanã	BR	24987
3621922	San Felipe	CR	24985
786565	Radovis	MK	24984
1279396	Ābu	IN	24981
12501475	Sadulshahar	IN	24980
461910	Zverevo	RU	24978
6690583	Chalk Farm	GB	24977
1275302	Borāwar	IN	24975
4522586	Riverside	US	24972
3045971	Rákoskeresztúr	HU	24971
1683860	Talisay	PH	24969
1729324	Baggabag B	PH	24967
12750392	Woodbridge	US	24966
4830668	애선스	US	24966
3453494	Piritiba	BR	24964
1317682	Kutkai	MM	24963
11477730	Marutharōd	IN	24963
137436	Darreh Shahr	IR	24961
1271777	Gajwel	IN	24961
2941501	Burg bei Magdeburg	DE	24958
2145461	Upper Coomera	AU	24956
11453083	Devarshola	IN	24954
1861261	Itsukaichi	JP	24954
11071594	Liliha - Kapalama	US	24953
3396675	Lagoa Grande	BR	24951
5392868	Sanger	US	24950
1861406	Ishige	JP	24948
1463081	Zee Kone	MM	24948
1265632	쿤다	IN	24948
4916207	Westmont	US	24941
3014646	Grigny	FR	24940
2951648	Bedburg	DE	24937
11475280	Boeng Kak Pir	KH	24937
3165207	Treviglio	IT	24937
12157074	La Banda	PE	24932
4954265	Wakefield	US	24932
1257698	Sakleshpur	IN	24931
5391945	샌퍼넌도	US	24931
2945601	Brackel	DE	24930
1259855	Perundurai	IN	24930
1325443	Hakha	MM	24926
4170358	Rockledge	US	24926
662284	Zărnești	RO	24926
5069802	Hastings	US	24924
3183364	Alba	IT	24923
4751421	Cave Spring	US	24922
3167327	Santeramo in Colle	IT	24922
1262516	Mundargi	IN	24919
617638	오르헤이	MD	24918
5404122	North Tustin	US	24917
1264644	Māchhīwāra	IN	24916
3446130	Três de Maio	BR	24916
1796427	Shahe	CN	24915
5115699	East Amherst	US	24914
1262116	Nainpur	IN	24914
1809963	Guandu	CN	24913
11776907	Nogi	JP	24913
262752	Elefsína	GR	24910
278832	En Nâqoûra	LB	24910
1280003	Gar	CN	24910
3526838	Hunucmá	MX	24910
1254909	Tarāna	IN	24908
3563145	Cruces	CU	24906
3433349	Jardín América	AR	24905
295655	‘Ara-‘Ar‘ara	IL	24904
1797213	Renhe	CN	24903
12523370	Keirao Bitra	IN	24900
331226	Mehal Mēda	ET	24900
329432	Sagurē	ET	24900
3827263	San Francisco Cuaxusco	MX	24900
1512372	Yangiobod	UZ	24900
1512320	Yaypan	UZ	24900
3386966	Tacaratu	BR	24898
2173741	Brunswick	AU	24896
4058219	Daphne	US	24896
5219287	Whitehall Township	US	24896
3397119	Jucás	BR	24892
1356491	Ahmadpur Sial	PK	24889
3063739	Uherské Hradiště	CZ	24887
3471927	Apiaí	BR	24886
2641599	뉴포트	GB	24884
1267972	Kānth	IN	24883
3453659	Piracanjuba	BR	24883
1274574	Charkhāri	IN	24881
3457595	Martinópolis	BR	24881
3652584	푸요	EC	24881
10339095	Cobly	BJ	24878
1265446	Kushtagi	IN	24878
11624842	Churi	IN	24876
2637762	Skegness	GB	24876
2647057	Herne Bay	GB	24875
6822176	나스카라스야마 시	JP	24875
4012693	Costa Rica	MX	24874
3044475	Szigetszentmiklós	HU	24874
8441952	Vellalūr	IN	24872
2786420	Soignies	BE	24869
2810716	Wertheim	DE	24869
1255630	Srīperumbūdūr	IN	24864
4048662	퍼듀카	US	24864
2948000	Blasewitz	DE	24863
2032007	Dalandzadgad	MN	24863
2931396	Eißendorf	DE	24863
11462322	Muthutala	IN	24861
13494071	Bangbontai	TH	24860
384181	Gitesi	RW	24859
1801862	Luoping	CN	24859
2638235	Selby	GB	24859
2797844	강소랑	BE	24859
5096686	Cliffside Park	US	24857
1734793	Jenjarum	MY	24857
1514011	Gagarin Shahri	UZ	24856
3467612	João Dourado	BR	24854
2843355	Rudolstadt	DE	24852
2513115	Onda	ES	24850
8050879	Iturrama	ES	24846
1264323	마화	IN	24846
1268153	Kandahār	IN	24843
4891051	Elmwood Park	US	24840
13156773	Avilala	IN	24839
10805222	Fālna	IN	24839
284890	Ar Rām wa Ḑāḩiyat al Barīd	PS	24838
1271250	Ghoti Budrukh	IN	24838
2288357	Gonaté	CI	24838
7176039	Vineyard	US	24836
5100604	Lodi	US	24835
3449851	Santa Rita do Passa Quatro	BR	24833
2636032	Thetford	GB	24833
3596421	Guastatoya	GT	24831
2309332	에베비인	GQ	24831
3397898	Itaporanga	BR	24828
5193011	헤이즐턴	US	24825
2399371	Makokou	GA	24823
2322552	Takum	NG	24822
1875632	고산	KP	24822
13512545	South Granville	CA	24820
11549772	Sarrià	ES	24819
160464	Chimala	TZ	24817
697650	Perevalsk	UA	24817
150037	Shelui	TZ	24817
300058	Susurluk	TR	24816
12358539	Hehua	CN	24814
1802685	Longchi	CN	24814
1462681	Manikchari	BD	24813
5339663	Coronado	US	24812
5120824	Hillside	US	24808
2929853	Eppendorf	DE	24806
3017178	Fresnes	FR	24803
1257854	Safīpur	IN	24801
336481	Gimja Bēt Maryam	ET	24800
12640455	Ginja Bet	ET	24800
11522310	Brāhmana Periya Agrahāram	IN	24798
3852374	La Calera	AR	24796
586925	Buzovna	AZ	24795
2955770	Apolda	DE	24793
5861187	이글 리버	US	24793
1863598	Gohyakkoku	JP	24792
3680944	Hatonuevo	CO	24792
3448597	São Lourenço do Oeste	BR	24791
11002689	Thirunavaya	IN	24790
13157133	Anklesvar INA	IN	24789
3164028	Vittorio Veneto	IT	24789
5781794	South Salt Lake	US	24788
3127065	Calahorra	ES	24787
1268480	Kalamnūri	IN	24784
2355404	Solenzo	BF	24783
4717560	Paris	US	24782
1512287	Zafar	UZ	24781
2283456	Niellé	CI	24780
2643027	Market Harborough	GB	24779
294492	Kfar Yona	IL	24778
5851096	Mō‘ili‘ili	US	24778
2954932	Attendorn	DE	24773
1513011	Payshamba Shahri	UZ	24772
4080555	노스포트	US	24772
2983026	로맹빌	FR	24772
1268739	Kabrāi	IN	24771
2793446	Lanaken	BE	24771
368230	Rahad al Bardi	SD	24768
1818002	Anping	CN	24767
11903639	Geidorf	AT	24767
1269796	Ilaiyankudi	IN	24767
2862118	Norden	DE	24767
206289	Pepa	CD	24767
7858028	Kampung Jelutong Tengah	MY	24765
2658010	Wetzikon	CH	24764
1538371	Yengitam	CN	24761
4738606	University Park	US	24759
5141927	유니언데일	US	24759
4548267	Ponca City	US	24758
5264049	Muskego	US	24755
3450036	Santana	BR	24755
4236191	Collinsville	US	24754
3090768	노바루다	PL	24753
2444219	Gouré	NE	24752
1255076	Talwāra	IN	24752
1271881	Fīrozpur Jhirka	IN	24750
6534264	Orta di Atella	IT	24750
6318823	Ubiratã	BR	24749
4948462	Reading	US	24747
1254538	Tijāra	IN	24747
3833794	Tres Isletas	AR	24747
13494079	Bang Yi Khan	TH	24745
8403617	Chenjiaba	CN	24745
1648691	Bintuni	ID	24742
2234941	Bamusso	CM	24741
3602272	San Francisco de Yojoa	HN	24740
3386622	Taquaritinga do Norte	BR	24736
679995	Cugir	RO	24734
1259244	Pūnāhāna	IN	24734
11962388	Jaguara	BR	24730
4930282	Belmont	US	24729
4785576	Short Pump	US	24729
4934664	데덤	US	24729
7284844	Budapest I. kerület	HU	24728
3848353	Las Heras	AR	24728
3047450	Naphegy	HU	24728
5884238	Alta Vista	CA	24726
2807360	Wittenau	DE	24726
5250201	De Pere	US	24724
2680075	산드비켄	SE	24724
3513967	Zumpango del Río	MX	24719
8550580	Brasil Novo	BR	24718
2177394	Bacchus Marsh	AU	24717
3432079	La Paz	AR	24716
3466703	Castro Alves	BR	24712
1249145	칠라오	LK	24712
3397292	João Lisboa	BR	24709
11522111	Tattānkuttai	IN	24708
1795587	Chentuan	CN	24706
3388760	São Geraldo do Araguaia	BR	24705
6317188	Garrafão do Norte	BR	24703
2293428	Adiaké	CI	24701
1514008	G’allaorol Shahri	UZ	24700
1736973	Kanowit	MY	24700
1609324	Kut Chap	TH	24696
12324554	Minning	CN	24696
2272790	New Yekepa	LR	24695
2454674	Koro	ML	24694
3695617	Laredo	PE	24691
2338772	Igbeti	NG	24690
1266117	Koregaon	IN	24690
2295672	Saltpond	GH	24689
158563	Kakonko	TZ	24688
1259775	Phillaur	IN	24688
12450869	Tuwaite	CN	24685
5247415	Caledonia	US	24684
1185164	Muktāgācha	BD	24684
9972516	Cranbourne North	AU	24683
3173302	Mola di Bari	IT	24682
2140066	Mont-Dore	NC	24680
1260830	Pākāla	IN	24680
1787162	Yanjing	CN	24680
3017924	퐁트네오로즈	FR	24680
9972515	Cranbourne East	AU	24679
3589822	San Luis Jilotepeque	GT	24679
195298	Kajiado	KE	24678
548392	키롭스크	RU	24678
2814874	Waldkraiburg	DE	24676
3021662	데신샤르피외	FR	24674
4832554	Inkster	US	24672
1270066	Hinjilicut	IN	24671
3430598	Monte Caseros	AR	24671
1608452	난	TH	24670
8348596	Ellenbrook	AU	24668
4504618	Vincentown	US	24664
2525791	Aci Catena	IT	24663
10535156	Damua	IN	24663
195821	Kabarnet	KE	24661
3899462	아라우코	CL	24659
4530801	Bixby	US	24657
13494711	Ezhudesam	IN	24657
1282770	Siraha	NP	24657
2514073	Martos	ES	24655
360531	Al Quşayr	EG	24653
149050	Uvinza	TZ	24650
4857486	Fort Dodge	US	24649
4271086	엠포리아	US	24649
151211	Nyalikungu	TZ	24648
5013924	Walker	US	24647
3605000	Marcovia	HN	24646
1278621	Andol	IN	24645
2641546	Newton-le-Willows	GB	24642
11592272	Vale of Leven	GB	24640
2204575	Lami	FJ	24639
691037	Oleshky	UA	24639
1256673	Shāmgarh	IN	24637
464687	Zaraysk	RU	24637
3468823	Boquim	BR	24636
1258362	Ratanpur	IN	24636
12718757	Phomolong	ZA	24635
1266414	코다르마	IN	24633
1791119	Wuling	CN	24632
463340	Zheleznovodsk	RU	24632
88835	Al Qubbah	LY	24631
2980827	생디에데보주	FR	24628
1267226	Keshorai Pātan	IN	24627
4870380	오텀와	US	24624
6155938	Steeles	CA	24623
4273680	Junction City	US	24621
11549967	Trafalgar	ES	24621
5394086	실비치	US	24619
1701692	Manibaug Pasig	PH	24618
3408251	Agrestina	BR	24615
1261667	Navalgund	IN	24613
11467676	San Borja	BO	24610
1848976	와지마 시	JP	24608
3461638	Iaçu	BR	24607
3601932	San Luis	HN	24606
13157132	Bholav	IN	24605
4174855	Tarpon Springs	US	24605
11549785	Porta	ES	24604
342558	Bedēsa	ET	24600
4828382	프랭클린	US	24598
7701509	Williamnagar	IN	24597
586968	Biny Selo	AZ	24596
11611950	Etajima	JP	24596
2863240	Nieder-Ingelheim	DE	24596
3792389	Isnos	CO	24593
3646296	Casigua El Cubo	VE	24592
13527002	Tandai	SB	24592
1275692	Bijbehara	IN	24590
3018095	Fontaine	FR	24588
3452490	Poxoréu	BR	24587
1270923	Gorantla	IN	24586
2759544	바른	NL	24584
727337	Sevlievo	BG	24582
3390280	Rio Tinto	BR	24581
656688	이마트라	FI	24581
1296614	Shwegyin	MM	24579
1798886	Pianjiao	CN	24575
1007514	Duiwelskloof	ZA	24572
3640324	Guama	VE	24570
4763793	Herndon	US	24568
2164837	골번	AU	24565
5016884	Austin	US	24563
3071748	Líšeň	CZ	24563
7475889	Taluker Char Doani	BD	24563
1855087	Ōyanomachi-noboritate	JP	24563
1273409	Dātāganj	IN	24562
3516385	Tamazunchale	MX	24562
1150965	Ranong	TH	24561
2842131	Salzkotten	DE	24561
1698740	Nagcarlan	PH	24560
13118140	Teck Whye	SG	24560
748167	Devrek	TR	24559
3525596	La Isla	MX	24558
3446922	Tapejara	BR	24557
1818501	짐사저이	HK	24557
749502	Çayeli	TR	24556
2230873	Guidiguis	CM	24554
4724564	Sachse	US	24554
1254347	Tiruppuvanam	IN	24554
302824	Pasinler	TR	24553
1607983	빠툼타니	TH	24547
1276455	Beohāri	IN	24545
1129648	Qarāwul	AF	24544
6317226	Guabiruba	BR	24543
7538520	Rocinha	BR	24543
3397963	Ilha de Itamaracá	BR	24540
2521923	Almansa	ES	24537
3896410	Casablanca	CL	24537
13353534	Pantheeramkavu	IN	24537
1274346	Chharra	IN	24535
5316205	Sun City West	US	24535
1863341	Hakui	JP	24529
118705	Ravānsar	IR	24527
1815878	Longxing	CN	24526
2790676	Mortsel	BE	24525
4740214	Watauga	US	24525
12450725	Jiahanbage	CN	24524
2649579	Felixstowe	GB	24521
3391397	Porto Calvo	BR	24520
2877550	Lindau	DE	24518
3577887	킹스타운	VC	24518
2112692	Hobaramachi	JP	24515
3465524	Cordeirópolis	BR	24514
3472234	Angatuba	BR	24512
3464618	Dois Córregos	BR	24510
746232	Gürsu	TR	24510
2794860	Jumet	BE	24510
8425959	Gądów-Popowice Południowe	PL	24508
2542826	Mediouna	MA	24506
687432	Zdolbuniv	UA	24501
161974	Bereket	TM	24500
8521418	Espargos	CV	24500
1217262	G‘uzor	UZ	24500
335063	Harbu	ET	24500
231990	Kasozi	UG	24500
345818	Ābderafī	ET	24500
514171	오스트로프	RU	24500
10469872	Hudkeshwar Buzurg	IN	24499
12214073	Josefstadt	AT	24499
2161540	Kew	AU	24499
4931737	Burlington	US	24498
4726290	San Benito	US	24496
8198723	Sastamala	FI	24495
3036281	오슈	FR	24494
3393766	Ocara	BR	24493
2228977	Maga	CM	24492
2392781	Matéri	BJ	24490
1578904	Kim Liên	VN	24489
3071677	리토메르지체	CZ	24489
7281805	Caroline Springs	AU	24488
8348466	Campsie	AU	24487
3435963	Coronel Brandsen	AR	24487
1259638	Pindwāra	IN	24487
1214776	Lahewa	ID	24485
182880	Nyamira	KE	24483
2885536	Korbach	DE	24481
1172779	Kulachi	PK	24481
1562538	Vị Thanh	VN	24477
11549937	Nueva España	ES	24476
4893171	프리포트	US	24476
3457161	Mimoso do Sul	BR	24475
3451215	Wenceslau Guimarães	BR	24474
3029825	브뤼에라비시에르	FR	24474
2998150	리지외	FR	24473
6930327	Slavutych	UA	24464
6544577	Barri Gòtic	ES	24460
5727190	Forest Grove	US	24457
1445156	Singāpur	IN	24457
1680018	Victoria	PH	24456
8347325	Endeavour Hills	AU	24455
8405731	Hucheng	CN	24453
11611944	Isa	JP	24453
1257802	Sahaspur	IN	24452
7373724	Xiyu	CN	24452
3664525	Codajás	BR	24451
790015	인지야	RS	24450
2814462	Walsrode	DE	24448
3816739	Arriaga	MX	24447
2317569	Zungeru	NG	24447
3590288	San Felipe	GT	24446
483883	Tbilisskaya	RU	24446
3194351	노보메스토	SI	24446
2975964	사르그민	FR	24446
3058210	Pezinok	SK	24443
2262581	Torres Vedras	PT	24443
713203	Armyansk	UA	24442
1645565	Delanggu	ID	24440
10549556	Ugrākheri	IN	24440
4167634	Palmetto Bay	US	24439
3841500	Pérez	AR	24436
2924625	Friedrichsdorf	DE	24435
2783175	Zottegem	BE	24434
2236053	Abong Mbang	CM	24433
418830	Gaz-e Borkhar	IR	24433
2216645	Hūn	LY	24431
8417596	Laitan	CN	24431
2243646	Belize	AO	24430
1267979	Kānt	IN	24430
1948720	Lixi	CN	24429
3448227	São Sebastião do Caí	BR	24428
2027968	알단	RU	24426
4004153	Jalostotitlán	MX	24423
3385109	Viçosa	BR	24423
6232067	Otara	NZ	24420
2264299	Quarteira	PT	24420
3446137	Três Coroas	BR	24420
1285457	Yedashe	MM	24420
3398003	Itabaiana	BR	24419
1275863	Bhokardan	IN	24416
4787440	Staunton	US	24416
5394329	셀마	US	24414
4843353	South Windsor	US	24412
2280743	Tiébissou	CI	24412
1264385	Maheshwar	IN	24411
4363990	North Potomac	US	24410
3454578	Pedra Azul	BR	24410
518383	Novopavlovsk	RU	24408
8399045	Jiagao	CN	24407
1708217	La Castellana	PH	24407
2737039	Oliveira do Douro	PT	24407
2143255	Wollert	AU	24407
3457152	Minas Novas	BR	24405
1254341	Thiruthuraipoondi	IN	24404
621729	Smaliavičy	BY	24402
1734316	Kertih	MY	24401
235574	Abim	UG	24400
5908737	Bridlewood	CA	24400
6176722	Waterdown	CA	24400
2448518	Yanfolila	ML	24399
8858100	San Antonio Tecómitl	MX	24397
4896336	Homer Glen	US	24395
1793614	Taiping	CN	24393
3203982	벨로바르	HR	24392
6137540	Saint-Bruno-de-Montarville	CA	24388
2972444	Torcy	FR	24386
3015419	그라디냥	FR	24385
2221408	Tombel	CM	24384
3397063	Junqueiro	BR	24381
1830098	Tbeng Meanchey	KH	24380
3896774	Carahue	CL	24377
4151921	Coral Terrace	US	24376
1860321	Kamojimachō-jōgejima	JP	24374
2522430	Adra	ES	24373
1573844	Thị Trấn Na Dương	VN	24369
3103556	Białogard	PL	24368
8426041	Przymorze Wielkie	PL	24368
5073965	노퍽	US	24366
6137146	Saddle Ridge	CA	24365
360577	Al Qaşşāşīn	EG	24364
2749812	Noordwijk-Binnen	NL	24363
2756888	Diemen	NL	24361
8348574	Greenacre	AU	24361
933959	Triolet	MU	24361
2638853	St Austell	GB	24360
2234536	Bélabo	CM	24359
492376	스코핀	RU	24357
2563191	Birkirkara	MT	24356
3075919	Havlíčkův Brod	CZ	24356
3648506	Barrancas	VE	24354
6073363	Midland	CA	24353
3007794	라네스테르	FR	24352
3393174	Pão de Açúcar	BR	24351
4443296	Ridgeland	US	24351
3446752	Taquarituba	BR	24350
10866555	Asagayakita	JP	24345
1693401	Pio	PH	24345
11549787	Sants - Badal	ES	24344
2317548	Zuru	NG	24338
9972728	Meenambakkam	IN	24334
4368918	Scaggsville	US	24333
3888523	우알키	CL	24333
2364079	Sotouboua	TG	24332
3395077	Matriz de Camaragibe	BR	24330
8425974	Osiedle Powstańców Śląskich	PL	24329
1489907	Tayga	RU	24328
3189075	벨레녜	SI	24327
2953385	Bad Oldesloe	DE	24322
6317916	Pedro do Rosário	BR	24320
2520283	Candelaria	ES	24319
1855215	Nishinippori	JP	24319
2814153	Warburg	DE	24317
3030257	브레티니쉬르오르주	FR	24317
1794592	Shuangshi	CN	24315
2991153	Muret	FR	24313
2290849	Bouna	CI	24312
1040201	Massinga	MZ	24312
5341051	Cudahy	US	24311
793111	Aranđelovac	RS	24309
12958725	Santa Luzia do Paruá	BR	24307
3398028	Irauçuba	BR	24305
13132739	Ōguchi	JP	24305
3401340	Cupira	BR	24301
2450972	Siribala Coro	ML	24301
521776	Nikol’sk	RU	24300
497450	Semënov	RU	24300
327913	Tarch’a Sodo	ET	24300
3032070	부아콜롱브	FR	24300
5549222	Washington	US	24299
4165913	New Smyrna Beach	US	24298
3529619	Ébano	MX	24296
2473937	Ajim	TN	24294
11146328	La Unión	AR	24293
935248	Sainte-Suzanne	RE	24293
1274219	Chiknāyakanhalli	IN	24292
5104844	South Plainfield	US	24290
4364990	Pasadena	US	24287
3380387	Saint-Laurent-du-Maroni	GF	24287
1246000	갬폴라	LK	24283
13512932	Coquitlam Town Centre	CA	24282
1264436	Mahārājgani	IN	24282
285799	Al Jahrā’	KW	24281
5417657	Columbine	US	24280
1791867	Wangwu	CN	24274
2824461	쉬케	DE	24274
2130050	Hitokawame	JP	24273
4356847	Greenbelt	US	24272
601138	Aleksotas	LT	24270
2639495	렌프루	GB	24270
11501853	Ayanavelikulangara Vadakku	IN	24268
3127066	Calafell	ES	24265
1713053	General Emilio Aguinaldo	PH	24264
3032469	블라냐크	FR	24263
3123104	Erandio	ES	24262
3628918	Sabana de Parra	VE	24262
6318317	Santa Terezinha de Itaipu	BR	24262
1267213	Kaithoon	IN	24260
3998291	Loreto	MX	24260
1793725	Tai’an	CN	24258
3013403	에루빌생클레르	FR	24258
1712819	Glan	PH	24256
4786667	South Riding	US	24256
416047	Ar Riyāḑ	EG	24254
4151157	Citrus Park	US	24252
1273272	Denkanikota	IN	24252
8416623	Haitang	CN	24252
12718664	Moulay Ali Cherif	MA	24251
10924961	Chekkiād	IN	24246
4148399	Boca Del Mar	US	24244
4007673	El Salto	MX	24241
2456018	Kabala	ML	24241
3445575	Valparaíso	BR	24241
2998517	리부른	FR	24240
1263255	Mayāng Imphāl	IN	24239
1167821	Pishin	PK	24239
3402648	Carutapera	BR	24238
1496421	Ob’	RU	24238
1270482	할리야일	IN	24238
2905457	Herzogenaurach	DE	24237
7517450	Shandan	CN	24235
11186050	Vilankurichi	IN	24235
1312649	Madaya	MM	24234
4003923	Jiquilpan de Juárez	MX	24233
10530672	Rajākheri	IN	24232
5223593	뉴포트	US	24232
3005066	르부스카	FR	24232
2759631	Assendelft	NL	24230
2457430	Finnkolo	ML	24229
304964	Mahmutlar	TR	24227
3844899	Marcos Juárez	AR	24226
13494078	Bang O	TH	24225
1255963	Sitārganj	IN	24225
2522203	Alboraya	ES	24222
11257324	Spinaceto	IT	24219
2468245	Carthage	TN	24216
133884	Gotvand	IR	24216
3072934	Královo Pole	CZ	24212
3655185	누에바로하	EC	24211
710229	Debaltseve	UA	24209
2517436	Gáldar	ES	24209
1261971	Nāndgaon	IN	24209
1810870	Wofo	CN	24209
5004005	Norton Shores	US	24208
2910278	Harsewinkel	DE	24207
3748746	Calliaqua	VC	24205
2787769	Ronse	BE	24204
5326305	Barstow Heights	US	24202
13353437	Siuliban	IN	24202
5134203	Rockville Centre	US	24201
1853193	Sakai	JP	24201
1794050	Songgang	CN	24201
2814632	Wallenhorst	DE	24201
2361946	Boulsa	BF	24200
233886	Buwenge	UG	24200
3463762	Estrela	BR	24200
334700	Hīrna	ET	24200
1733376	쿠알라픈유	MY	24200
3860801	Colonia Caroya	AR	24197
4130430	서시	US	24196
5697939	노스플랫	US	24194
3577159	Noord	AW	24193
3455777	Ortigueira	BR	24192
11549946	Arapiles	ES	24190
4908052	Rolling Meadows	US	24190
3443413	Canelones	UY	24185
8858101	Licenciado Benito Juárez	MX	24185
3176090	Gioia del Colle	IT	24184
962847	Reitz	ZA	24181
1272881	Dharampur	IN	24178
1256328	Sikandarpur	IN	24177
3399445	Forquilha	BR	24173
2993760	미라마	FR	24173
5096316	Carteret	US	24170
8349051	Dianella	AU	24169
3402724	Carolina	BR	24165
12324549	Ligang	CN	24165
2875379	Ludwigsfelde	DE	24164
1630649	Prigen	ID	24164
3034126	본	FR	24162
13118122	Margaret Drive	SG	24160
3171786	Ostuni	IT	24157
4159553	Immokalee	US	24154
108617	An Nimas	SA	24153
1606640	Samphanthawong	TH	24150
4917067	Woodlawn	US	24150
2936705	Ditzingen	DE	24149
2790101	Nivelles	BE	24149
1150490	딱	TH	24149
294078	Nesher	IL	24148
2917737	Greiz	DE	24147
1262625	Muhammadābād	IN	24146
2246608	Poukham Un	SN	24146
8549745	Thị Trấn Vân Du	VN	24146
2754516	Heiloo	NL	24144
5126518	Medford	US	24142
1255621	Srīsailain	IN	24142
3446218	Amélia Rodrigues	BR	24138
2524618	Giarre	IT	24138
2755030	Haaksbergen	NL	24137
3460669	Itaporã	BR	24137
2852673	Poppenbüttel	DE	24135
1276919	Barki Saria	IN	24134
5197430	Lawndale	US	24134
2395870	Adjarra	BJ	24132
2172303	Carlingford	AU	24131
704885	Korostyshiv	UA	24129
8347896	Roxburgh Park	AU	24129
3389780	Salvaterra	BR	24129
1264987	Loha	IN	24125
10866689	Yoyogi	JP	24125
5387844	Riverbank	US	24122
2518949	Cullera	ES	24121
1263083	Mhaswad	IN	24120
3522343	Ometepec	MX	24120
3518650	San Juan Ixtayopan	MX	24120
3164582	Ventimiglia	IT	24120
2389691	Batangafo	CF	24119
3652065	Samborondón	EC	24118
4917358	자이언	US	24117
704000	Krolevets	UA	24115
1278964	알롯	IN	24115
3472284	Anastácio	BR	24114
3564394	Chambas	CU	24114
2838634	Schleswig	DE	24114
2516480	Ibi	ES	24113
3385883	Uauá	BR	24113
13156772	Suryaraopeta	IN	24112
2223226	Okoa	CM	24110
2464804	Takelsa	TN	24109
7279600	Aluva	IN	24108
3455045	Paraopeba	BR	24107
12157091	Yanacancha	PE	24105
2640190	플림스톡 던스톤	GB	24103
3463993	Espera Feliz	BR	24102
2524410	Lentini	IT	24102
3172227	Nola	IT	24101
2698739	쿤갤프	SE	24101
331630	Mambuk	ET	24100
2469386	Medjez el Bab	TN	24100
2850995	Radevormwald	DE	24100
3357114	그루트폰테인	NA	24099
2715573	팔켄베리	SE	24099
108048	As Sulayyil	SA	24097
3095151	Kościan	PL	24096
2638911	Ryde	GB	24096
4526576	Trotwood	US	24096
3029748	브뤼누아	FR	24096
3020601	오본	FR	24096
3454131	Pereira Barreto	BR	24095
2875417	Lüdinghausen	DE	24094
3407194	Areia Branca	BR	24093
1270237	Hastināpur	IN	24093
4839704	North Haven	US	24093
3456806	Monte Sião	BR	24089
3057174	Topoľčany	SK	24086
1215326	Blangpidie	ID	24085
2453681	Moribabougou	ML	24085
7262622	Summerlin South	US	24085
136280	Bandar-e Deyr	IR	24083
2023782	Gusinoozyorsk	RU	24083
1630416	Pundong	ID	24081
1274389	Chettipālaiyam	IN	24080
1037021	Mossuril	MZ	24079
1037044	Morrumbala	MZ	24076
2640908	Ormskirk	GB	24073
3544393	Perico	CU	24073
3181631	Bra	IT	24072
3462374	Goiás	BR	24071
154638	Matai	TZ	24070
146286	Mórfou	CY	24070
3116562	Molins de Rei	ES	24067
3665566	Zaragoza	CO	24067
3673976	Nechí	CO	24066
10846361	Sōmēshvara	IN	24066
3404394	Cachoeira do Arari	BR	24064
5100776	Mahwah	US	24062
12358508	Nanling	CN	24059
1505074	칼라친스크	RU	24059
11549788	la Maternitat i Sant Ramon	ES	24058
10180082	Nuevo Belén	PA	24056
2803204	Andenne	BE	24055
1175098	Chak One Hundred Twenty Nine Left	PK	24053
2721259	Boo	SE	24052
294245	Mevasseret Tsiyyon	IL	24052
13494710	Pacode	IN	24050
6316349	Alto Alegre do Maranhão	BR	24048
12358477	Xingdaohu	CN	24048
1526973	Abay	KZ	24047
3441354	판도	UY	24047
2703396	Jakobsberg	SE	24046
5367696	로마린다	US	24045
6697344	Ytrebygda	NO	24044
11777262	Oji	JP	24043
5130831	픽스킬	US	24043
3397763	Jacareacanga	BR	24042
4160822	Keystone	US	24039
3618954	Jalapa	NI	24037
2322263	Tegina	NG	24037
3125915	Castellar del Vallès	ES	24036
3625963	Tucaní	VE	24034
5107760	Baldwin	US	24033
3459084	Laje	BR	24032
3468732	Buritis	BR	24030
3381303	Kourou	GF	24029
1832909	양구	KR	24027
2516474	Icod de los Vinos	ES	24024
3398255	Independência	BR	24024
8572992	Ukima	JP	24024
11662007	Pāppākurichchi	IN	24023
2509031	Abou el Hassan	DZ	24022
1262426	Morinda	IN	24022
3587543	Zaragoza	GT	24022
2648356	Golborne	GB	24021
3155041	그림스타드	NO	24017
2129034	나카시베쓰 정	JP	24014
3149312	Kristiansund	NO	24013
738662	Tosya	TR	24013
4758023	페어팩스	US	24013
3354147	Ongwediva	NA	24012
4901514	메이우드	US	24012
350560	Qifţ	EG	24010
1863521	Gōtsuchō	JP	24009
1602708	Ban Khlong Bang Bon	TH	24008
3459925	Jequitinhonha	BR	24007
4172372	Sebastian	US	24007
2065740	Morphett Vale	AU	24002
2817576	Verl	DE	24002
3594575	La Gomera	GT	24001
235178	Anaka	UG	24000
2367660	Badou	TG	24000
234004	Butaleja	UG	24000
12032531	Chinatown	CA	24000
1514219	Chinobod	UZ	24000
8469811	Dubai Internet City	AE	24000
1810672	Gantang	CN	24000
337114	Gedeb	ET	24000
158904	Itigi	TZ	24000
1514109	Jalolquduq	UZ	24000
13132462	Ruaha	TZ	24000
53904	Waal	ET	24000
1821294	Zhuojiacun	MO	24000
3439297	카사파	PY	23996
2112181	Kogota-ekimae	JP	23994
2207618	Cheltenham	AU	23992
1481671	Pawgan	MM	23992
5945707	East Gwillimbury	CA	23991
1272502	디우	IN	23991
3685435	Cumaribo	CO	23990
3687644	Candelaria	CO	23989
3599788	Alotenango	GT	23986
1852673	Setakamachi-takayanagi	JP	23985
1262318	Nabīnagar	IN	23984
3622507	Patarrá	CR	23983
790367	Gornji Milanovac	RS	23982
3985323	San Miguel el Alto	MX	23982
3460087	Jardim	BR	23981
672926	Moineşti	RO	23981
1221714	Hisor	TJ	23978
1574113	Mỹ Khê	VN	23978
1574109	Mỹ Lại	VN	23978
2857472	Olching	DE	23978
12626156	Mile End	CA	23977
1272546	Dīnānagar	IN	23976
1853564	오쓰키 시	JP	23976
6316793	Capivari de Baixo	BR	23975
2232102	Ekondo Titi	CM	23975
2648273	Gosforth	GB	23975
3458778	Laranjeiras	BR	23975
4996306	Holt	US	23973
4868404	Muscatine	US	23968
1861383	Ishiki	JP	23966
1315749	카요파요	MM	23966
3398408	Ibiapina	BR	23965
12640381	Yūsuf aṣ-Ṣiddīq	EG	23965
5025471	Elk River	US	23963
5836898	Rock Springs	US	23962
3856231	Embarcación	AR	23961
4156920	Golden Gate	US	23961
1058390	Morombe	MG	23961
3449056	São Gonçalo do Sapucaí	BR	23959
2506519	Arhribs	DZ	23958
3469451	Bom Jesus de Goiás	BR	23958
10793741	Nasu	JP	23956
924492	Ntcheu	MW	23956
1821993	Svay Rieng	KH	23956
2657996	Wil	CH	23955
12626165	Outremont	CA	23954
259973	히오스	GR	23953
4683462	Corsicana	US	23952
2301184	Elubo	GH	23952
567006	다블레카노보	RU	23952
613988	Khashuri	GE	23949
956878	Scottburgh	ZA	23949
3402199	Chaves	BR	23948
145233	Ābdānān	IR	23946
3602680	Sabanagrande	HN	23943
1560121	Yên Phụ	VN	23942
12358707	Changdao	CN	23940
3523240	Miahuatlán de Porfirio Díaz	MX	23940
2829457	슈타른베르크	DE	23940
3168770	Ruvo di Puglia	IT	23938
2646393	헌팅던	GB	23937
2968496	Villeparisis	FR	23931
3448892	São João da Ponte	BR	23930
3470117	Belo Oriente	BR	23928
1844751	해남	KR	23928
4158482	Hialeah Gardens	US	23926
12156905	High Park-Swansea	CA	23925
5014208	Waverly	US	23925
1908009	Xingfeng	CN	23922
3445818	Umbaúba	BR	23917
1914265	Yufengshan	CN	23917
2739756	Fânzeres	PT	23916
4358701	Hunt Valley	US	23915
6317970	Pinheiros	BR	23915
994432	Itsoseng	ZA	23913
1263259	Māyābandar	IN	23912
2636564	Sudbury	GB	23912
3452141	Quatro Barras	BR	23911
3468720	Buritizeiro	BR	23910
1466019	Kaikalapettai	IN	23910
3448861	São João do Paraíso	BR	23910
2831250	Sonneberg	DE	23908
4467485	Fuquay-Varina	US	23907
1057996	Boriziny	MG	23906
3391371	Porto Franco	BR	23903
3170335	Pompei	IT	23902
1067531	Belo sur Tsiribihina	MG	23900
1276642	Bāzpur	IN	23900
232371	Kamwenge	UG	23900
11048861	Shendi	ET	23900
5295177	Fountain Hills	US	23899
3468899	Brotas	BR	23898
8549410	Guanba	CN	23898
1641977	Kalianget	ID	23897
3173473	Miano	IT	23896
5141930	Unionport	US	23895
5020859	Champlin	US	23894
4979245	South Portland Gardens	US	23893
613273	Lebedyn	UA	23892
1702263	Mamburao	PH	23892
196251	Isebania	KE	23891
743615	Kazan	TR	23889
5909294	Brockville	CA	23886
4508204	Centerville	US	23882
8948706	Casa Santa	IT	23880
3461023	Iraquara	BR	23879
3396009	Macaparana	BR	23879
2758598	Borne	NL	23877
11550024	Santa Eugenia	ES	23876
6158027	Strathroy	CA	23871
743537	Kelkit	TR	23870
1651852	Agats	ID	23869
295080	Gan Yavne	IL	23869
2924894	Freudenstadt	DE	23868
11522389	Karumāndi Chellipālaiyam	IN	23868
1803564	Linfeng	CN	23868
3453300	Poço Verde	BR	23867
3925590	Yauri	PE	23867
3097367	Jawor	PL	23865
3394796	Miranda do Norte	BR	23864
1273628	Dalsingh Sarai	IN	23862
10530675	Makronia	IN	23861
933271	Mosopa	BW	23858
643487	Oulunkylä	FI	23854
2747169	Sliedrecht	NL	23854
1784994	Zhanhe	CN	23854
7373672	Luhe	CN	23852
1816851	Batang	CN	23851
5329408	Bloomington	US	23851
7645181	Longowal	IN	23851
1256968	Sāvantvādi	IN	23851
302800	Pazarcık	TR	23850
2641134	Oadby	GB	23849
13132716	Kyangwali Refugee Camp	UG	23847
3979856	Yurécuaro	MX	23843
11461632	Vīrakeralam	IN	23841
5816320	Bainbridge Island	US	23840
3168257	San Giovanni a Teduccio	IT	23839
3388660	São João	BR	23837
1859335	Kitahama	JP	23836
520574	Nizhniy Lomov	RU	23835
2650983	Droitwich	GB	23834
829005	Lesnoy	RU	23834
2282800	Oupoyo	CI	23834
11962421	Se	BR	23832
3465083	Cruzeiro do Oeste	BR	23831
12156842	Newtonbrook West	CA	23831
3468121	Cajuru	BR	23830
13118136	Senja	SG	23830
2992616	몽페르메유	FR	23829
3530584	Ciudad Serdán	MX	23824
1153464	Dok Kham Tai	TH	23824
2523577	Rossano Stazione	IT	23824
294604	Kafr Qāsim	IL	23823
669289	Rădăuți	RO	23822
4480285	Morrisville	US	23820
4709272	마셜	US	23820
2936658	Döbeln	DE	23819
3464255	Encruzilhada do Sul	BR	23819
1261722	Nāsriganj	IN	23819
1260925	Pādiyanallūr	IN	23819
1258203	Reoti	IN	23819
6154636	스쿼미시	CA	23819
5278005	워터타운	US	23819
2641617	뉴몰든	GB	23818
3570412	Le Robert	MQ	23814
3833112	Veinticinco de Mayo	AR	23814
3467026	Carandaí	BR	23812
315639	Emet	TR	23812
4474221	Kernersville	US	23811
1271929	Fatehganj West	IN	23810
2812204	Weingarten	DE	23802
6232192	New Lynn	NZ	23800
13580111	Teremky-II	UA	23800
301537	Şarkışla	TR	23800
293153	Yoqne‘am ‘Illit	IL	23796
2165200	Glenroy	AU	23792
1306443	Nansang	MM	23792
1257895	Sadalgi	IN	23790
678301	Fetești-Gară	RO	23789
1261721	Nasrullāhganj	IN	23788
13353436	Sarjamda	IN	23788
155125	Makongolosi	TZ	23787
173819	Al Ḩirāk	SY	23784
3680434	Ituango	CO	23784
3092906	Lubliniec	PL	23784
2394576	Djidja	BJ	23781
720276	Hajdúszoboszló	HU	23781
2521804	Altea	ES	23780
6316465	Aurora do Pará	BR	23774
3843803	Monteros	AR	23771
11703857	Providenciales	TC	23769
5688789	디킨슨	US	23765
2464979	Sbeitla	TN	23764
10339148	Klouékanmè	BJ	23763
1261864	Narakal	IN	23760
3166387	Sora	IT	23758
12156888	Agincourt South-Malvern West	CA	23757
3522926	Motozintla	MX	23755
5102162	Old Bridge	US	23753
3169724	Qualiano	IT	23752
2010971	Ngemplak	ID	23750
2177565	Ashfield	AU	23749
150885	Old Shinyanga	TZ	23747
2017487	Raychikhinsk	RU	23745
481605	Troitskaya	RU	23745
12718700	Xilembene	MZ	23742
1696165	팔라얀	PH	23742
677429	Gherla	RO	23741
2940383	Calw	DE	23740
747135	Ferizli	TR	23740
1265163	Lalgudi	IN	23740
2511247	San Pedro del Pinatar	ES	23738
3542167	Río Cauto	CU	23737
13118057	Al-Barka	PH	23736
576590	Bezenchuk	RU	23736
3428577	San Pedro	AR	23736
1266511	Ulundurpet	IN	23734
1000937	Gonubie	ZA	23733
681017	Comăneşti	RO	23729
1265169	Lālganj	IN	23728
2246606	Pout	SN	23728
10263098	Malakpur Kohi Rangpur	IN	23726
3982034	Teocaltiche	MX	23726
2412738	Latri Kunda	GM	23724
10524858	Nivāri	IN	23724
2974678	세브르	FR	23724
2807594	Wipperfürth	DE	23723
2284477	M’Batto	CI	23722
153600	Mkoani	TZ	23719
3017609	푸제르	FR	23719
2443623	Guidan Roumdji	NE	23718
154097	Mgandu	TZ	23718
2616235	Nørresundby	DK	23718
4355355	Fort Washington	US	23717
1847050	Gaigeturi	KR	23717
1253073	Vypīn	IN	23717
609404	Khromtau	KZ	23715
3406954	Aurora	BR	23714
3626302	Tía Juana	VE	23714
3991253	Purépero de Echáiz	MX	23713
6534216	Lumezzane	IT	23712
1914825	Lanyang	CN	23711
3219114	Spinea-Orgnano	IT	23710
1262566	Muluppilagadu	IN	23709
2657345	암마포드	GB	23709
7870039	Ouerdanine	TN	23707
1690060	San Fernando	PH	23706
1278941	Alwaye	IN	23703
2633406	Yate	GB	23703
5343171	Dinuba	US	23702
1254317	Tisaiyanvilai	IN	23702
1514215	Chinoz	UZ	23700
233563	Dokolo	UG	23700
13580127	Kurenivka	UA	23700
5142182	Van Nest	US	23700
344267	‘Alem T’ēna	ET	23700
2268436	이스토릴	PT	23700
2270157	Carnaxide	PT	23698
1222107	Boshkengash	TJ	23696
2791726	Marcinelle	BE	23696
2020838	렌스크	RU	23694
3649005	Araya	VE	23693
1282714	Tānsen	NP	23693
5326297	바스토	US	23692
2650962	Droylsden	GB	23689
3654541	Macas	EC	23687
1491230	Sovetskiy	RU	23685
1586798	Buôn Trấp	VN	23683
4013094	Comonfort	MX	23683
4354573	Fairland	US	23681
11500836	Srīkandamangalam	IN	23681
467120	Yershov	RU	23681
2655582	Bishopbriggs	GB	23680
12358572	Jiuhe	CN	23680
2877673	Limbach-Oberfrohna	DE	23673
1221970	Dalyoni Bolo	TJ	23670
515698	Olenegorsk	RU	23670
6180961	화이트록	CA	23670
1265418	Kutiatodu	IN	23669
1800089	Nanfeng	CN	23669
740088	Sarıkamış	TR	23665
8349108	Thornlie	AU	23665
3455784	Orleans	BR	23661
10453729	Pipri	IN	23661
3169742	Putignano	IT	23661
1810822	Fujia	CN	23660
1261705	Natham	IN	23660
3469294	Bonito	BR	23659
5226534	Brookings	US	23657
3389358	Santa Quitéria do Maranhão	BR	23657
13494709	Unnamalaikadai	IN	23656
1259907	Penugonda	IN	23654
3170446	Poggioreale	IT	23654
4885186	블루아일랜드	US	23652
3453622	Piraí do Sul	BR	23651
1854460	Ōji	JP	23651
5026291	Faribault	US	23650
4015022	Castaños	MX	23649
4932957	Chestnut Hill	US	23649
1277535	Balod	IN	23648
2264428	Porto de Mós	PT	23648
3085807	Skawina	PL	23647
4745272	Baileys Crossroads	US	23643
3460774	Itaocara	BR	23643
2915613	Groß-Gerau	DE	23641
2657215	Arbroath	GB	23640
1263522	Mariāni	IN	23640
2423459	Banko	GN	23638
2859103	Oberschöneweide	DE	23638
2391833	Semi	BJ	23636
2977388	Saint-Pol-sur-Mer	FR	23635
1259110	Qadian	IN	23632
3077539	Chrudim	CZ	23630
13494708	Painkulam	IN	23630
3647535	Caicara	VE	23625
728742	노바자고라	BG	23625
9019368	Ying’awati	CN	23624
1509852	보고톨	RU	23622
6691076	Neuehrenfeld	DE	23621
3533056	Allende	MX	23620
2641942	Musselburgh	GB	23620
1507116	두딘카	RU	23619
3088034	Pruszcz Gdański	PL	23618
149775	Songwa	TZ	23618
1851282	Tadotsu	JP	23618
2111461	Ōkawara	JP	23618
5591778	Eagle	US	23612
3450225	Santa Gertrudes	BR	23611
1061912	Maintirano	MG	23609
8400059	Gaoqiao	CN	23608
2174580	Boronia	AU	23607
3569546	Aguada de Pasajeros	CU	23606
3044681	Szentendre	HU	23606
2534515	시디이프니	MA	23606
1861799	Ikedachō	JP	23605
4166066	Norland	US	23604
2656169	배스게이트	GB	23600
3175384	Ivrea	IT	23599
2453079	Nara	ML	23599
11550001	San Fermín	ES	23598
8541964	Prāntij	IN	23596
7849877	Belleville	CI	23595
12688221	Belleville	CI	23595
2789471	Oupeye	BE	23594
1527260	Tash-Kumyr	KG	23594
13546371	Min Ga Lar Don Zay	MM	23588
1840413	Namsa	KR	23587
2250677	Kayar	SN	23585
5104473	Scotch Plains	US	23584
1623223	Trucuk	ID	23584
1265734	쿨감 테실	IN	23584
12420915	Alamaiti	CN	23583
497218	Semikarakorsk	RU	23583
2746804	Steenbergen	NL	23582
1316173	Kyeintali	MM	23581
1274142	Chinnūr	IN	23579
3669736	San Jacinto	CO	23576
1283323	Jaleshwar	NP	23573
7302834	Katheru	IN	23572
3008379	La Madeleine	FR	23572
532715	Lyskovo	RU	23570
2749182	Oud-Beijerland	NL	23569
3905658	San Ignacio de Velasco	BO	23569
1645663	Daruba	ID	23566
640276	Raahe	FI	23566
6822144	마쓰우라 시	JP	23566
1264282	Mairwa	IN	23565
2647514	Hanworth	GB	23563
1724435	Bogo	PH	23562
2510725	Tacoronte	ES	23562
3386931	Tamandaré	BR	23561
1735096	Balik Pulau	MY	23559
5155858	Glenville	US	23559
1254282	토다라이징	IN	23559
3934356	Nazca	PE	23556
1259460	Pokaran	IN	23554
4005864	Juan José Ríos	MX	23553
12718696	Malema	MZ	23553
2537469	Selouane	MA	23553
193827	Karatina	KE	23552
3166706	Seriate	IT	23552
788771	Lazarevac	RS	23551
361391	Al Bayāḑīyah	EG	23550
5345623	El Cerrito	US	23549
3391172	Princesa Isabel	BR	23549
3516060	Teloloapan	MX	23549
3492984	Santa Cruz de El Seibo	DO	23547
1730097	Asia	PH	23546
3471005	Bambuí	BR	23546
2783456	Wondelgem	BE	23546
2448024	Aguié	NE	23545
2634103	Whitefield	GB	23545
2302002	Damongo	GH	23544
1538369	Kax	CN	23543
2481389	Sidi Abdelli	DZ	23543
3016078	지프쉬르이베트	FR	23541
1265655	Kūmher	IN	23540
3626595	Tabay	VE	23539
3388301	São Miguel	BR	23537
2458747	Dioïla	ML	23535
1635116	Mojoagung	ID	23534
2033685	Xinlin	CN	23533
3465512	Corinto	BR	23532
3669997	San Carlos	CO	23532
4419290	Brandon	US	23529
587378	Ağdaş	AZ	23528
13353533	Sreekaryam	IN	23528
173598	Al Kiswah	SY	23526
1348785	Pānchla	IN	23526
2112903	Funehikimachi-funehiki	JP	23524
90353	Tallkayf	IQ	23524
157198	Kiomboi	TZ	23519
2513029	Paiporta	ES	23519
3836951	San Martín de los Andes	AR	23519
3075654	Hodonín	CZ	23517
1262651	Mudkhed	IN	23517
3047651	Nagykőrös	HU	23517
1854629	Ogōri-shimogō	JP	23516
13156959	Shivpur Charcha	IN	23514
2514824	Los Barrios	ES	23513
8348582	Greystanes	AU	23511
12719443	Wu Kai Sha	HK	23511
2264718	Pinhal Novo	PT	23510
1620371	Ban Bueng	TH	23509
4270356	Derby	US	23509
697488	Pisochyn	UA	23509
741160	Oltu	TR	23504
6128577	Rouyn-Noranda	CA	23504
3033881	베글	FR	23504
5190311	Frankford	US	23503
706900	카니우	UA	23503
6317661	Mojuí dos Campos	BR	23501
11549949	Palacio	ES	23501
3817649	San Martín Cuautlalpan	MX	23501
535334	L’govskiy	RU	23500
1655107	Muang Sing	LA	23500
344272	‘Alem Ketema	ET	23500
1177169	하라파	PK	23500
1268962	Jhīnjhak	IN	23499
1060673	Manjakandriana	MG	23498
1259843	Pethāpur	IN	23497
1264037	Malpe	IN	23496
2962026	Portlaoise	IE	23494
1275488	Birūr	IN	23493
3095797	Koło	PL	23493
5795906	Graham	US	23491
3178141	Copertino	IT	23489
2789413	Overijse	BE	23486
776337	Bartoszyce	PL	23482
2562704	Mosta	MT	23482
3618411	La Paz Centro	NI	23481
1863614	고보 시	JP	23481
709054	Hadyach	UA	23480
1857260	Mikuni	JP	23480
3466903	Carmo do Cajuru	BR	23479
3407010	Assaré	BR	23478
1263917	Māndal	IN	23478
3462975	Francisco Sá	BR	23476
4358864	Ilchester	US	23476
754351	Ząbki	PL	23473
2827552	Stellingen	DE	23472
3986088	San José Iturbide	MX	23471
1256468	Shīshgarh	IN	23471
1265821	Kuchera	IN	23468
4146901	Bayonet Point	US	23467
1723983	Bontoc	PH	23466
3058117	Podunajské Biskupice	SK	23464
3075745	Hlubočepy	CZ	23461
1260041	Pattiyūrgrāmam	IN	23460
4935623	Easton	US	23459
2643776	Lofthouse	GB	23458
257365	메가라	GR	23456
4900579	Loves Park	US	23455
1806020	Jiaoshi	CN	23454
11442958	Sevilimedu	IN	23454
5146286	Avon Lake	US	23453
3172243	Nocera Superiore	IT	23452
5392281	San Lorenzo	US	23452
1670157	싼즈 구	TW	23452
1260022	Pawni	IN	23450
2220061	Al Ghurayfah	LY	23449
8405248	Báishí Zhèn	CN	23448
4902763	Morton Grove	US	23448
9915464	Mānesar	IN	23448
2661337	Bulle	CH	23438
2640496	Penarth	GB	23437
783148	지로카스터르	AL	23437
5123477	킹스턴	US	23436
2167280	Epping	AU	23435
13494766	Laukkai	MM	23435
6822198	니카호 시	JP	23435
157429	Kilindoni	TZ	23426
1848113	Yugawara	JP	23426
1274342	Chhātāpur	IN	23425
3073254	코프르지브니체	CZ	23424
3451791	Raul Soares	BR	23423
10924934	Tūnēri	IN	23421
2292180	Bangolo Tahouake	CI	23420
2356467	Pissila	BF	23420
3671936	Ponedera	CO	23420
1253685	Urmar	IN	23419
2655942	Belper	GB	23417
4208442	McDonough	US	23417
5007531	Romulus	US	23417
2421690	Douako	GN	23416
2845222	Ronnenberg	DE	23416
1264794	로나르	IN	23416
554679	Kabanovo	RU	23414
1791925	Wangpu	CN	23414
5043779	Rosemount	US	23413
2647655	Hailsham	GB	23411
3449793	Santa Rosa de Viterbo	BR	23411
12450866	Manglai	CN	23408
1259286	Pugalūr	IN	23408
3461572	Ibirapitanga	BR	23404
1258553	Rāmtek	IN	23404
330811	Metahāra	ET	23403
170044	Ḩalfāyā	SY	23403
2662689	비스뷔	SE	23402
3077216	Dejvice	CZ	23401
3675287	María la Baja	CO	23401
12070059	Chiaiano	IT	23396
625818	Luninyets	BY	23396
3171778	Ottaviano	IT	23396
12324286	Xiaying	CN	23395
134282	Gālīkesh	IR	23394
1610459	Kamalasai	TH	23393
3392075	Pindoretama	BR	23391
11204123	Marikana	ZA	23389
13526898	Northwest One	US	23386
1117656	Ban Talat Nua	TH	23381
2643160	Maldon	GB	23380
4943021	맨스필드	US	23380
2812515	Weilheim	DE	23378
12070067	Scampia	IT	23377
11886891	Fedorovskiy	RU	23375
73560	Laḩij	YE	23375
2265927	Monte Estoril	PT	23375
3653295	Pedro Carbo	EC	23372
1851622	Sobue	JP	23372
2287970	Guibéroua	CI	23371
535886	Lermontov	RU	23369
2158051	Mernda	AU	23369
11808385	Misburg-Nord	DE	23369
2270258	Caniço	PT	23368
6534280	Cesano Boscone	IT	23368
2110891	Takahata	JP	23367
4154396	Eloise	US	23366
5364275	러구나비치	US	23365
2921139	Geretsried	DE	23364
8426045	Środmieście	PL	23364
4561407	Springfield	US	23363
1349041	Monoharpur	IN	23362
3792376	Ciudad Bolívar	CO	23361
987648	Koster	ZA	23361
1861772	Ikeno	JP	23360
2521215	Baza	ES	23359
2783089	Zwevegem	BE	23358
6049863	La Prairie	CA	23357
12261368	thị xã Quảng Trị	VN	23356
4147290	Bellview	US	23355
1323949	Hopin	MM	23352
2420985	Forécariah	GN	23350
1064311	Iharan̈a	MG	23349
3672197	Pinillos	CO	23349
3616682	San Marcos	NI	23347
2841693	장거하우젠	DE	23347
9212569	Injambakkam	IN	23346
9409821	Manoa	US	23343
3088065	Prudnik	PL	23343
3436230	Avellaneda	AR	23341
3117232	El Masnou	ES	23340
2482447	Salah Bey	DZ	23339
1611135	Chok Chai	TH	23337
1010962	Deneysville	ZA	23337
3393190	Panelas	BR	23337
1263883	Mandāwa	IN	23335
3182518	Bagnoli	IT	23333
7646709	Srimangal	BD	23332
3465459	Coronel Vivida	BR	23331
3029213	카오르	FR	23331
2649198	Formby	GB	23329
1285094	예자조	MM	23329
10493516	Mahārājpur	IN	23328
3095126	Kościerzyna	PL	23327
2520496	Calp	ES	23326
2654269	Burnham-on-Sea	GB	23325
1851936	Shirahama	JP	23325
8858102	Teotihuacán de Arista	MX	23325
712423	베레호베	UA	23325
3894177	Collipulli	CL	23321
2431573	Guelendeng	TD	23320
1255667	Soygaon	IN	23320
2521985	Alhaurín el Grande	ES	23319
1268476	Kalānaur	IN	23319
4343327	Terrytown	US	23319
380348	Abū Zabad	SD	23317
1267629	Chitrakoot Dham	IN	23316
3467261	Capinzal	BR	23314
782519	Librazhd	AL	23312
1258061	Ron	IN	23311
2187454	Mangere	NZ	23310
132382	Ḩājjīābād	IR	23309
1750974	Ladang Seri Kundang	MY	23307
2993875	미요	FR	23307
3013619	아즈브루크	FR	23307
881164	Shurugwi	ZW	23304
3492517	Tamboril	DO	23304
4004267	Ixtlán del Río	MX	23303
3592237	Nebaj	GT	23301
3115171	Olesa de Montserrat	ES	23301
3888749	그라네로스	CL	23301
2798873	Ekeren	BE	23300
337083	Gēdo	ET	23300
3456127	Nova Petrópolis	BR	23300
1283711	Bāgluṅ	NP	23296
1153513	Damnoen Saduak	TH	23296
152376	Mwadui	TZ	23296
933000	Tonota	BW	23296
514706	Osa	RU	23292
1732706	Pekan Nenas	MY	23292
1466089	Vengattūr	IN	23292
762381	Piastów	PL	23290
1750582	Peringat	MY	23288
2395635	Allada	BJ	23287
6316335	Aldeias Altas	BR	23286
2523166	Selargius	IT	23285
11664530	Nāyanakulam	IN	23284
2654635	Broadstairs	GB	23283
2701223	카트리네홀름	SE	23283
408919	An Nūbārīyah	EG	23282
1276381	Bewar	IN	23280
2795783	Heverlee	BE	23278
1567167	Tam Giang	VN	23277
13353531	Marampilly	IN	23272
4152311	Crestview	US	23270
5088262	Keene	US	23265
8403607	Lihe	CN	23264
2392595	Ndali	BJ	23264
2262968	Sete Rios	PT	23261
2364812	니암투구	TG	23261
7538677	Estácio	BR	23260
4580569	Greenwood	US	23260
957178	Schoemansdal	ZA	23257
3427431	Villa Gesell	AR	23257
3566134	Calimete	CU	23255
1639337	Kroya	ID	23255
11549814	el Besòs i el Maresme	ES	23254
618365	두버사리	MD	23254
12513572	Al Mash‘ilīyah	SA	23252
2174039	Brighton	AU	23252
1261084	Od	IN	23250
2264526	Pontinha	PT	23249
586763	Divichibazar	AZ	23248
10255848	Tapa	IN	23248
2758927	빌토번	NL	23248
7697762	Bandar Tun Razak	MY	23247
11611936	Mine	JP	23247
3449518	Santo Antônio de Posse	BR	23244
3388626	São João de Pirabas	BR	23244
1168544	Pallandri	PK	23243
706571	Kozyatyn	UA	23241
5468773	Gallup	US	23240
2725901	Ängelholm	SE	23240
3522924	모툴	MX	23240
3401729	Coreaú	BR	23239
2747584	Schijndel	NL	23239
12156896	Bedford Park-Nortown	CA	23236
3924752	Senador Guiomard	BR	23236
101322	Turabah	SA	23235
1253544	Vaikam	IN	23234
3387305	Sobradinho	BR	23233
5104835	South Old Bridge	US	23233
2291666	Biankouma	CI	23232
3126890	Cambre	ES	23231
4535389	Duncan	US	23231
146516	Káto Polemídia	CY	23231
3177315	Fabriano	IT	23230
11460573	Kērkandi	IN	23229
6162416	Tecumseh	CA	23229
2802433	Beersel	BE	23228
1042456	Macomia	MZ	23228
3167744	San Sebastiano	IT	23228
3084084	Świebodzice	PL	23228
1275441	Bissāu	IN	23227
1266322	Colachel	IN	23227
4138321	Dupont Circle	US	23226
3458479	Loanda	BR	23225
1257793	Sāhibganj	IN	23224
2749780	Nuenen	NL	23223
2160706	Lalor	AU	23219
9633180	Tatsuno-kita	JP	23219
2501323	Chiffa	DZ	23218
1822207	Sisophon	KH	23218
3044083	터터	HU	23217
3689816	Santa Fe de Antioquia	CO	23216
2284777	Mabéhiri	CI	23215
1463085	Ah Lel	MM	23214
1716526	Culion	PH	23213
3015160	그랑드생트	FR	23213
3467985	Cambará	BR	23212
4198322	Griffin	US	23211
13607830	Pontbuiten	SR	23211
2171845	세스녹	AU	23211
3667728	Sucre	CO	23210
3668087	Sibaté	CO	23208
293067	Zikhron Ya‘aqov	IL	23206
2258378	Loandjili	CG	23204
336317	Gobēsa	ET	23200
8198328	Opit	UG	23200
12640460	Wegeda	ET	23200
1267716	Karmāla	IN	23199
4890009	Dolton	US	23197
3172479	Muggiò	IT	23193
2854386	Pfaffenhofen an der Ilm	DE	23192
3399684	Feira Grande	BR	23191
1254904	Tharangambadi	IN	23191
99060	Al Mishkhāb	IQ	23189
2525560	Biancavilla	IT	23188
2221607	Tcholliré	CM	23187
2474506	Zeribet el Oued	DZ	23187
3639086	Judibana	VE	23182
2829422	Staßfurt	DE	23181
1851935	Shirahamachō-usazakiminami	JP	23180
11496088	Kiên Hải	VN	23179
8522943	‘Ālī Shahr	IR	23178
8425988	Nadodrze	PL	23177
4413872	Webster Groves	US	23177
765191	마르키	PL	23177
2348783	Awgu	NG	23175
3925863	Yanacancha	PE	23175
3112761	Ponteareas	ES	23172
4376482	Belton	US	23168
4422442	Columbus	US	23168
2748392	Putten	NL	23168
3465745	Conceição do Mato Dentro	BR	23163
10896954	Hinakallu	IN	23162
741487	Mudanya	TR	23161
13353530	Thiruvankulam	IN	23160
1849407	우에노하라 시	JP	23158
1800333	Mu’er	CN	23157
11663359	Tiruverumbūr	IN	23156
1265811	Kudachi	IN	23154
12718837	Redhill	ZA	23153
4685892	Denison	US	23150
5115835	East Elmhurst	US	23150
8858103	Jesús del Monte	MX	23150
3451399	Ribas do Rio Pardo	BR	23150
1835096	Taesal-li	KR	23149
3272941	Riedstadt	DE	23146
1286591	Waw	MM	23143
8348930	Robina	AU	23140
1256828	선다	IN	23140
1000006	Greytown	ZA	23139
2851465	크베들린부르크	DE	23139
4703078	Kerrville	US	23136
616435	Masis	AM	23136
3005825	라발레트뒤바르	FR	23134
711416	브로디	UA	23134
4216948	Pooler	US	23133
5262649	Mequon	US	23132
1265521	Kurduvādi	IN	23131
2841374	Sasel	DE	23131
4449620	빅스버그	US	23131
1263329	Mattigiri	IN	23129
3532964	Alvarado	MX	23128
2621356	Glostrup	DK	23128
6317220	Governador Nunes Freire	BR	23128
5127550	Morrisania	US	23127
4178775	Wright	US	23127
3451927	Quissamã	BR	23126
475938	Vel’sk	RU	23126
3514134	Zacualtipán	MX	23125
12501265	Lalganj	IN	23124
2647227	Heanor	GB	23122
5380378	퍼시픽팰리세이즈	US	23121
4167536	Palm City	US	23120
1259446	Polasara	IN	23119
2665171	Vänersborg	SE	23119
3550209	Víbora	CU	23118
11669497	Hoheluft-Ost	DE	23116
4943888	Middleborough	US	23116
11189027	Iroopara	IN	23113
3148129	라르비크	NO	23113
2667569	Trångsund	SE	23110
8858104	San Jorge Pueblo Nuevo	MX	23107
4347426	Arnold	US	23106
3461501	Igaraçu do Tietê	BR	23106
2953339	바트 조덴	DE	23103
585225	Hacıqabul	AZ	23102
1810107	Gongmen	CN	23100
13308662	Guanlong	CN	23100
333421	Kele	ET	23100
2473489	La Mornaghia	TN	23100
330546	마사와	ER	23100
3045960	Rákosszentmihály	HU	23098
3522251	Oxkutzkab	MX	23096
785113	Tearce	MK	23096
5359864	아일라비스타	US	23096
2991481	Moulins	FR	23095
1645749	Dampit	ID	23094
2956005	Annaberg-Buchholz	DE	23092
7260233	Vero Beach South	US	23092
2721946	Björlanda	SE	23088
2614764	Ringsted	DK	23086
11549997	Orcasitas	ES	23085
1262089	Nakūr	IN	23084
11685075	Narasingapuram	IN	23084
4134716	Van Buren	US	23081
4890549	East Peoria	US	23080
4360287	Landover	US	23078
3545040	Palmira	CU	23078
1162285	Zafarwal	PK	23078
2992003	몽생테냥	FR	23078
2829777	Stadthagen	DE	23076
1763378	Kampung Tanjung Minyak	MY	23074
13157156	Palwal Rural	IN	23072
4845898	Windham	US	23072
285812	Al Finţās	KW	23071
1693574	Pinamungahan	PH	23068
1260685	Pallikonda	IN	23067
603570	Piteå	SE	23067
2318933	Wudil	NG	23066
2874946	Lütgendortmund	DE	23065
4160023	Jacksonville Beach	US	23064
1139085	Jurm	AF	23064
7458188	Yakınca	TR	23063
2833475	Sehnde	DE	23060
1278282	Asifābād	IN	23059
1851170	Bungo-Takada-shi	JP	23059
2156977	Mooroolbark	AU	23059
5332593	칼라바사스	US	23058
11549965	Almenara	ES	23057
2653353	Chapeltown	GB	23056
3400969	Dom Pedro	BR	23053
2273312	Voinjama	LR	23051
5909204	Broadmoor	CA	23050
12070066	Montecalvario	IT	23050
3356264	케이트만스호프	NA	23049
324768	Akdağmadeni	TR	23048
1259552	Pīpri	IN	23047
1528702	Belovodskoye	KG	23046
1269757	Indargarh	IN	23045
1850307	Tochio-honchō	JP	23045
1701516	Mansalay	PH	23044
5172387	Solon	US	23043
2635412	트루로	GB	23041
1255951	Sivagiri	IN	23040
4751935	Chantilly	US	23039
3533402	San Lorenzo Acopilco	MX	23037
1783557	Lintan Chengguanzhen	CN	23035
3065281	Starý Bohumín	CZ	23034
11184312	Vadakkanandal	IN	23034
3599287	Cabricán	GT	23033
3470339	Bataguassu	BR	23031
3394591	Monte Alegre	BR	23031
2513601	몬티야	ES	23031
13353529	Ancharakandy	IN	23030
877597	Nangomba	TZ	23028
3045332	시오포크	HU	23028
7260019	Candler-McAfee	US	23025
2649622	Faversham	GB	23024
2502686	Boumahra Ahmed	DZ	23022
1067565	Beloha	MG	23021
3691954	Sechura	PE	23020
3178745	Chivasso	IT	23017
1914255	Huimin	CN	23017
7602078	Ladner	CA	23016
3346497	Quipungo	AO	23014
3180496	Carmagnola	IT	23012
3019459	Étampes	FR	23012
1735681	Simunjan	MY	23011
2993207	Mons-en-Barœul	FR	23006
3038638	아그드	FR	23001
343759	Ara Ali	ET	23000
343562	Arerti	ET	23000
335425	El Bahay	ET	23000
2751456	Loon op Zand	NL	23000
2866650	Neheim	DE	23000
2857185	Opladen	DE	23000
2639586	Rawtenstall	GB	23000
2237128	Sanza Pombo	AO	23000
785615	Sremčica	RS	23000
149158	Urunda	TZ	23000
3534332	Víbora Park	CU	23000
98822	‘Aqrah	IQ	23000
2747599	스헤베닝언	NL	23000
2524819	Enna	IT	22998
1860750	Kajiki	JP	22997
1814712	Cizhu	CN	22996
1723822	Botolan	PH	22994
4908173	Roselle	US	22994
12750396	Westpark	US	22993
5113683	코페이그	US	22993
2760134	Aalsmeer	NL	22991
2454285	Kouri	ML	22991
10878443	Trikarpūr South	IN	22991
7465130	Mojtame‘-e Maskūnī-ye Nāmjū	IR	22990
6946669	São Jorge de Arroios	PT	22990
1269908	Hukeri	IN	22988
2696329	Lidköping	SE	22988
2571932	Azla	MA	22985
513911	Otradnaya	RU	22985
195197	Kakuma	KE	22984
4924014	Munster	US	22984
3460484	Ivoti	BR	22983
2129163	Mombetsu	JP	22983
578638	Bavly	RU	22982
1246924	Eravur Town	LK	22982
5364199	Ladera Ranch	US	22980
2742136	Bomfim	PT	22978
2977800	Saint-Ouen-l'Aumône	FR	22977
1254283	토다힘	IN	22977
306207	Kovancılar	TR	22976
2936985	Dillenburg	DE	22974
626450	Krychaw	BY	22973
2515036	Llíria	ES	22972
2127383	Motomachi	JP	22972
2644386	Litherland	GB	22971
556951	Il’skiy	RU	22970
1804618	Labuleng	CN	22970
536518	Lebedyan’	RU	22970
527579	Mendeleyevsk	RU	22969
3815447	Papalotla	MX	22969
12519446	Dooru Verinag	IN	22968
10261416	Pehlādpur Bāngar	IN	22968
1844045	화천군	KR	22965
4900080	Lisle	US	22964
12718704	Helao Nafidi	NA	22963
13156771	Tiruchanur	IN	22963
3464274	Encantado	BR	22962
13118138	Anak Bukit	SG	22960
311704	İdil	TR	22960
11549943	Gaztambide	ES	22959
294387	Maghār	IL	22957
6096729	Paradise	CA	22957
3996737	Rodolfo Sánchez Taboada	MX	22957
2522960	Termini Imerese	IT	22957
2953449	Bad Harzburg	DE	22954
1172888	Kot Samaba	PK	22953
7262110	Picnic Point-North Lynnwood	US	22953
4154031	East Naples	US	22951
7529299	Tuban	ID	22947
10469715	Kanhān	IN	22945
2634096	Whitehaven	GB	22945
92002	Ṟuwandiz	IQ	22943
5023571	크리스털	US	22943
4682127	Cloverleaf	US	22942
8605041	Dixiana	US	22940
1860659	Kamata	JP	22939
11271185	Gopavaram	IN	22936
4921402	Highland	US	22936
146796	Aradíppou	CY	22934
1712520	Guihulñgan	PH	22931
2636373	Swinton	GB	22931
2783763	Wetteren	BE	22930
91772	Şafwān	IQ	22929
1253352	Vattalkundu	IN	22928
4900801	Machesney Park	US	22927
751952	아르다한	TR	22927
4902667	Morgan Park	US	22924
2969612	베르투	FR	22921
9035005	Dhamanagar	IN	22920
2329562	Nafada	NG	22920
1244773	Hanwella Ihala	LK	22918
735736	Kilkís	GR	22914
567109	Dankov	RU	22913
263312	Dhafní	GR	22913
2867164	Nagold	DE	22912
13645359	Narian-Mar	RU	22912
11475247	Chrang Chamreh Muoy	KH	22911
6534268	Volla	IT	22911
618405	콤라트	MD	22911
2934728	Duderstadt	DE	22910
3429248	San Antonio de Areco	AR	22909
3389557	Santa Luzia	BR	22909
2864252	Neusäß	DE	22904
1257776	Saidpur	IN	22904
1283217	Khā̃dbāri̇̄	NP	22903
1220571	Shahriston	TJ	22903
637067	Sibbo	FI	22903
1778262	Bukit Tambun	MY	22900
336491	Gīmbīcho	ET	22900
333680	Kachīsī	ET	22900
328598	Sheno	ET	22900
8400151	Zhuxi	CN	22900
1830783	Dar	KH	22898
3439748	트리니다드	UY	22897
3465881	Colorado	BR	22896
2380066	El ’Ayoûn	MR	22896
1254300	Tittagudi	IN	22894
8449772	Noe Valley	US	22893
2796637	Hamme	BE	22891
2523664	Quattromiglia	IT	22889
5116083	East Tremont	US	22886
1259735	Phulpur	IN	22886
4082569	Pelham	US	22885
3602444	San Antonio de Cortés	HN	22884
9406963	Lafey	KE	22882
3177650	Dalmine	IT	22881
11463890	Kunnatnād	IN	22881
241131	빅토리아	SC	22881
10263301	Jharoda Mazra Burāri	IN	22878
3670692	Rivera	CO	22877
617076	에디네츠	MD	22872
1634010	Ngoro	ID	22871
4956976	오번	US	22871
5141342	Tremont	US	22870
3313472	애슬론	IE	22869
654137	Karhula	FI	22867
3467314	Capela do Alto	BR	22866
1267842	Karanjiā	IN	22865
7302642	Glenmore Park	AU	22863
1481706	Sinngu	MM	22861
3578466	Sainte-Anne	GP	22859
2634843	Waltham Abbey	GB	22858
753895	Zambrów	PL	22857
3170055	Posillipo	IT	22856
3119123	Sant Pere, Santa Caterina i La Ribera	ES	22856
4769608	Lincolnia	US	22855
10803337	Sāngaria	IN	22853
2509650	Vícar	ES	22853
3447997	Sarandi	BR	22851
723358	트레비쇼프	SK	22851
496267	Severskaya	RU	22849
2639015	Royton	GB	22848
2742804	Arcos de Valdevez	PT	22847
1277634	Balarāmpur	IN	22847
996918	Hennenman	ZA	22847
1278463	Aramboli	IN	22846
3386309	Tocantinópolis	BR	22845
1254005	Ubaidullāhganj	IN	22845
3352593	추메브	NA	22845
3858677	엘칼라파테	AR	22844
657531	Hollola	FI	22843
2992536	몽주롱	FR	22843
2925832	포르스트	DE	22843
157268	Kingori	TZ	22839
765927	Lubartów	PL	22839
3999325	Las Pintas de Arriba	MX	22838
1274073	Chitarpur	IN	22837
709835	Dokuchayevsk	UA	22835
11549926	Almendrales	ES	22834
13132764	Kumano	JP	22834
2634825	Walton-on-Thames	GB	22834
3979727	Zapotiltic	MX	22833
1261828	나라인가르	IN	22832
3629102	Río Chico	VE	22830
1257539	Sāmbhar	IN	22828
3515510	Tixtla de Guerrero	MX	22826
1221965	Danghara	TJ	22824
5405326	Valinda	US	22822
2772173	루스테나우	AT	22821
1795164	Shima	CN	22820
2485636	Oued el Abtal	DZ	22819
5162077	메리즈빌	US	22817
3887344	Illapel	CL	22816
11487382	Vellūr	IN	22816
2634573	Wellington	GB	22816
13494614	Fatehnagar	IN	22812
3074149	Jindřichův Hradec	CZ	22812
453754	발미에라	LV	22812
3447537	Siqueira Campos	BR	22811
3687758	Campo de la Cruz	CO	22810
159398	Igugunu	TZ	22810
3449782	Santa Teresa	BR	22808
2783632	Willebroek	BE	22808
4157827	Haines City	US	22807
9633110	Kanmaki	JP	22807
2282650	Para	CI	22807
3467673	Campo Verde	BR	22806
2429344	Kyabé	TD	22806
771506	Grajewo	PL	22803
2633655	Woodford Green	GB	22803
8593861	Kalk	DE	22802
1259049	Raghunathpur	IN	22802
226690	Rubanda	UG	22800
326333	Wenago	ET	22800
174979	아르타샤트	AM	22800
3448638	São José do Vale do Rio Preto	BR	22799
5066001	콜럼버스	US	22797
5221077	Bristol	US	22795
3527545	Frontera	MX	22795
3392657	Pedra	BR	22795
5373129	밀브레	US	22795
2522160	Alcalá la Real	ES	22783
5916896	Cariboo	CA	22780
5742726	Newberg	US	22780
1490042	Tashtagol	RU	22779
7871311	Eglinton East	CA	22776
3532617	Atlacomulco de Fabela	MX	22774
2550419	El Gara	MA	22773
2510394	Tomares	ES	22772
2996564	메종라피트	FR	22772
714581	Törökszentmiklós	HU	22770
457065	Ogre	LV	22767
1260304	Pariyāpuram	IN	22766
2857565	Öhringen	DE	22765
3587498	Acajutla	SV	22763
3073660	Klatovy	CZ	22763
141407	Baravāt	IR	22761
3406085	Barro	BR	22758
4175091	The Crossings	US	22758
2339287	Ibi	NG	22757
4311963	Valley Station	US	22756
248923	‘Izrā	JO	22756
3460813	Itambé	BR	22754
7259705	East Lake-Orient Park	US	22753
2546128	Imi-n-Tanout	MA	22753
5365937	Lennox	US	22753
3394432	Morrinhos	BR	22753
294610	Kafr Kannā	IL	22751
1267558	Kasrāwad	IN	22750
3383188	Rainville	SR	22747
1265022	Lāthi	IN	22745
2468561	Nefta	TN	22745
1851176	Takabō	JP	22745
8858105	Manuel Ojinaga	MX	22744
3165370	Tortona	IT	22743
2962290	Droichead Nua	IE	22742
2413419	Gunjur	GM	22741
257302	Melíssia	GR	22741
2029156	Sühbaatar	MN	22741
2029656	Undurkhaan	MN	22741
1272277	Dugda	IN	22740
1850405	Tennō	JP	22740
1266710	Khirkiya	IN	22737
374866	Ghubaysh	SD	22733
2838009	Schmargendorf	DE	22733
3166574	Seveso	IT	22733
5026321	Farmington	US	22731
1262664	Mudgal	IN	22731
1851064	Takanawa	JP	22731
1273788	Curchorem	IN	22730
3060308	두나이스카스트레다	SK	22730
5761287	Wilsonville	US	22729
3164083	Vimercate	IT	22727
400773	Garmdarreh	IR	22726
1817038	Banqiao	CN	22725
1564075	Tràm Chim	VN	22725
4699626	Hutto	US	22722
11549978	Comillas	ES	22721
1273970	Chorwād	IN	22720
1904048	Pulü	CN	22719
12689059	Laguna City	HK	22718
3002465	르퓌앙벌레	FR	22718
3685295	Dabeiba	CO	22717
7302827	Madhira	IN	22716
3457360	Medeiros Neto	BR	22716
11341323	Kādiganpalli	IN	22714
3524389	Lerma de Villada	MX	22713
1279144	Akaltara	IN	22712
200305	Bondo	KE	22712
4148207	Bloomingdale	US	22711
2893152	Kapellen	DE	22711
7261476	Inglewood-Finn Hill	US	22707
5533366	West Odessa	US	22707
618450	Ceadîr-Lunga	MD	22700
543018	Koz’modem’yansk	RU	22700
51228	Tog Wajaale	SO	22700
7026735	Bang Kho Laem	TH	22697
13494077	Bang Kho Laem subdistrict	TH	22697
1269646	Etmadpur	IN	22697
2878840	Lengerich	DE	22697
5805441	Oak Harbor	US	22693
515246	Onega	RU	22693
1850791	Takinomiya	JP	22693
3461214	Inhapim	BR	22692
3578967	Le Moule	GP	22692
3002880	르프티케비	FR	22691
1831112	캄포트	KH	22691
5855070	‘Ewa Gentry	US	22690
1267517	카트고라	IN	22690
2648372	고덜밍	GB	22689
13546411	Da Nyin Kone	MM	22688
646421	Matinkylä	FI	22688
8405727	Mingda	CN	22686
3078308	Bystrc	CZ	22685
4166583	Oak Ridge	US	22685
1503335	키로브그라드	RU	22685
5388873	Rosemont	US	22681
8054542	Tongyangdao	CN	22681
2208791	Yafran	LY	22680
3184517	Patos Fshat	AL	22679
747482	Erdek	TR	22678
598272	케다이네이	LT	22677
3515794	Tequixquiac	MX	22676
3473267	Abaeté	BR	22675
4984565	오번힐스	US	22672
2621927	프레데릭스하운	DK	22672
7302130	Bartley Green	GB	22670
12358538	Beihai	CN	22668
2962361	An Muileann gCearr	IE	22667
1294974	Kone Ta La Paung	MM	22667
3177610	Desenzano del Garda	IT	22665
3173671	Meda	IT	22665
1866569	Yŏnan-ŭp	KP	22665
13561902	Halifax West End	CA	22664
1264845	Lohāra	IN	22664
5207069	Pottstown	US	22664
1259429	폰다	IN	22664
2660305	Horgen	CH	22662
3178147	Conversano	IT	22661
2524533	Iglesias	IT	22659
3883035	Llaillay	CL	22659
3827254	San Mateo Otzacatipan	MX	22656
8426082	Drzetowo-Grabowo	PL	22655
3060835	Čadca	SK	22655
2523908	Palma di Montechiaro	IT	22654
1273795	Cumbum	IN	22653
762850	Ostrów Mazowiecka	PL	22653
11549956	Estrella	ES	22649
1034311	Namacurra	MZ	22647
2755464	Goirle	NL	22646
3173949	Mariano Comense	IT	22643
98589	Nāḩiyat ash Shināfīyah	IQ	22643
1263395	Mātābhānga	IN	22642
3357247	Gobabis	NA	22639
2639970	Potters Bar	GB	22639
2997556	Lormont	FR	22636
5408191	West Puente Valley	US	22636
3428071	Santo Tomé	AR	22634
3407210	Areia	BR	22633
5161803	Maple Heights	US	22631
7302683	Southbank	AU	22631
5176937	Willoughby	US	22631
517842	Novotitarovskaya	RU	22630
4673482	Benbrook	US	22629
5097017	Cranford	US	22627
3104316	Zarautz	ES	22627
3180571	Carbonara di Bari	IT	22625
7032689	Bushenge	RW	22624
160670	Chala	TZ	22624
1585531	Chiềng Cơi	VN	22624
671832	Olteniţa	RO	22624
1269498	Jaitāran	IN	22621
7352509	Shibao	CN	22621
6173614	Vedder Crossing	CA	22620
13494070	Bang Bon Nuea	TH	22619
12687199	Gabiadji	CI	22619
3518277	San Miguel Coatlinchán	MX	22619
1528193	Kant	KG	22617
363243	사란더	AL	22613
5118226	Garden City	US	22612
5919566	Chambly	CA	22608
686896	졸로치우	UA	22608
3452179	Quaraí	BR	22607
2989611	Olivet	FR	22604
3553343	Lajas	CU	22602
2895664	Isernhagen Farster Bauerschaft	DE	22601
228094	Namutumba	UG	22600
520204	Nizhnyaya Tura	RU	22600
1254948	Tāoru	IN	22599
3177171	Fasano	IT	22593
2834240	Schwetzingen	DE	22593
763111	Opoczno	PL	22592
2562501	슬리마	MT	22591
12501476	Lehragaga	IN	22588
1269377	Jāmai	IN	22587
2787356	Saint-Nicolas	BE	22586
2512282	Priego de Córdoba	ES	22585
2638311	Seaford	GB	22584
9957340	Forest Lake	AU	22581
3694725	Moche	PE	22581
250624	Qīr Moāv	JO	22581
1732893	Batu Arang	MY	22579
3468038	Camacan	BR	22579
2783801	Westerlo	BE	22579
1274005	Sholavandan	IN	22578
3996234	Pedro Meoqui	MX	22574
3406233	Barreira	BR	22573
3871286	San Vicente	CL	22572
3687806	Campoalegre	CO	22568
1262187	Nāgod	IN	22568
10628881	Apas	PH	22566
5774662	Farmington	US	22566
3174295	Magenta	IT	22566
1267174	Khairāgarh	IN	22564
2894637	Jüchen	DE	22562
10973824	Kurikuppi	IN	22560
4915539	Wasco	US	22560
13353528	Ariyallur	IN	22558
737081	Zekeriya	TR	22558
528056	Medvedevo	RU	22555
1259283	Pukhrāyān	IN	22555
13495380	Riley Park	CA	22555
3164954	Valdagno	IT	22555
5029500	Hastings	US	22554
2716166	Enköping	SE	22553
10249965	Rāman	IN	22553
954161	Somerset East	ZA	22553
2521335	Barbate	ES	22551
156080	Lalago	TZ	22551
1175436	카후타	PK	22551
2657508	Alfreton	GB	22550
9972522	Dandenong North	AU	22550
4007684	El Salto	MX	22550
2962961	Letterkenny	IE	22549
1256040	Sirsi	IN	22549
2910514	Haren	DE	22545
5146277	Avon	US	22544
2849548	Rees	DE	22544
2367656	Bafilo	TG	22543
352440	Munsha‘at Abū ‘Umar	EG	22543
4029308	San José del Valle	MX	22541
1622293	Waisai	ID	22541
1800770	Meng’a	CN	22540
8349083	Morley	AU	22539
1863824	Furukawa	JP	22538
11611937	Hida	JP	22538
8050888	Primer Ensanche	ES	22538
8050889	Segundo Ensanche	ES	22538
1732734	Kampung Sedenak	MY	22535
8449777	Visitacion Valley	US	22534
3590197	San Francisco Zapotitlán	GT	22533
2849156	Reichenbach/Vogtland	DE	22530
2988867	오주아르라페리에르	FR	22530
1277283	Bankāpur	IN	22529
1644557	Gambiran Satu	ID	22525
2533182	Sidi Rahal	MA	22525
4589368	North Augusta	US	22522
3072656	크르노프	CZ	22518
13353682	Godoli	IN	22517
2799397	Diest	BE	22516
6822113	Murayama	JP	22516
1276724	Baswa	IN	22515
1641792	Kamal	ID	22515
1258843	Rājmahal	IN	22514
6317339	Itinga do Maranhão	BR	22513
9782490	Nambol	IN	22512
293825	키르야트시모나	IL	22512
2513465	Mutxamel	ES	22510
3002650	르플레시로뱅송	FR	22510
228227	Namasuba	UG	22507
3098966	Goleniów	PL	22505
7284571	아이슬레벤	DE	22505
700507	Nadvirna	UA	22504
560142	Gorelovo	RU	22503
1737314	Belaga	MY	22502
13607980	Chieti Scalo	IT	22500
2787416	Saint-Ghislain	BE	22500
2013399	Vikhorevka	RU	22500
3427387	Villa Ortúzar	AR	22500
2451029	Sirakoro Méguétana	ML	22499
3868210	Vilcún	CL	22499
4835512	Guilford	US	22498
3178619	Città di Castello	IT	22497
1712162	Gumaca	PH	22496
11777085	Kaminoma	JP	22496
5790971	Cottage Lake	US	22494
314648	Genç	TR	22493
3472728	Alcobaça	BR	22490
11524864	Kadima Zoran	IL	22490
3116963	Mejorada del Campo	ES	22488
2265726	Moscavide e Portela	PT	22488
1217084	Karakul’	UZ	22487
1275656	Bikram	IN	22486
1254102	Tulsīpur	IN	22486
1276486	Belūr	IN	22484
8416813	Dawan	CN	22484
10261694	Sānehwāl	IN	22484
6318804	Trizidela do Vale	BR	22484
3464724	Diamantino	BR	22479
10166427	Sisauli	IN	22479
5339539	Corcoran	US	22477
6082231	Mount Pearl	CA	22477
3855041	General Villegas	AR	22474
2953402	Bad Mergentheim	DE	22472
5126550	Melrose	US	22470
5116004	East Patchogue	US	22469
1643898	Gongdanglegi Kulon	ID	22468
2745301	Voorschoten	NL	22468
6269470	Černý Most	CZ	22466
1818817	Shuen Wan	HK	22465
3468349	Caculé	BR	22462
2163137	Hornsby	AU	22462
2406916	Lunsar	SL	22461
3066909	Řepy	CZ	22461
4792901	West Springfield	US	22460
703428	Ladyzhyn	UA	22459
3404722	Buriti Bravo	BR	22455
3674010	Natagaima	CO	22455
3530167	Cosoleacaque	MX	22454
1268008	Kanniyākumāri	IN	22453
3391368	Porto Grande	BR	22452
2548878	New Fes	MA	22451
475777	Vereshchagino	RU	22451
6695527	Itezhi-Tezhi	ZM	22449
700829	Otamanivka	UA	22449
13645943	Wahiawā-Whitmore	US	22448
11657535	Senapparetti	IN	22447
2301424	Dambai	GH	22445
1853230	Saikū	JP	22445
1605601	Tha Mai	TH	22445
358631	Burj al ‘Arab	EG	22444
686919	Znamyanka	UA	22444
2637355	South Ockendon	GB	22440
5158164	Hudson	US	22437
168629	Kafr Takhārīm	SY	22436
2128025	Shizunai-furukawachō	JP	22436
434418	An Nāşirīyah	EG	22435
3173754	Massarosa	IT	22435
8399044	Yongle	CN	22434
3621335	Tejar	CR	22433
1261837	Naraura	IN	22432
2751424	Losser	NL	22431
3453605	Pirajuí	BR	22431
2928313	Eving	DE	22430
2519289	Conil de la Frontera	ES	22427
1854246	Ōkuchi-shinohara	JP	22425
2164129	Gympie	AU	22424
5384339	Port Hueneme	US	22423
2291924	Bédiala	CI	22419
660407	Laajasalo	FI	22419
2645822	Kenilworth	GB	22413
1861393	Ishikawa	JP	22412
1634098	Ngawi	ID	22412
3393470	Orobó	BR	22412
2815824	Vreden	DE	22412
2942073	Büdingen	DE	22411
3145580	몰데	NO	22410
1268622	Kailāshahar	IN	22405
585221	Quba	AZ	22405
2475752	Tizi-n-Tleta	DZ	22404
2814791	Waldshut-Tiengen	DE	22404
2929134	Eschborn	DE	22403
4158865	Holiday	US	22403
1725359	Bignay Uno	PH	22401
4903363	Near South Side	US	22401
11655503	Triparappu	IN	22401
231550	Kiboga	UG	22400
496012	Shakhun’ya	RU	22400
340799	Sifra	ET	22400
4032402	누쿠알로파	TO	22400
255229	Pýrgos	GR	22399
3164342	Vignola	IT	22397
3027950	스농	FR	22393
1273246	Deogarh	IN	22390
3889322	Freire	CL	22390
199284	Chuka	KE	22388
3456483	Muritiba	BR	22388
3071665	Litvínov	CZ	22387
4305504	Radcliff	US	22387
2394914	Boukoumbé	BJ	22386
11549947	Imperial	ES	22385
2810945	Werder	DE	22384
11886964	Parque das Nações	PT	22382
976358	Middelburg	ZA	22380
2347061	Sofo-Birnin-Gwari	NG	22380
1258323	Rātu	IN	22379
4764826	Hopewell	US	22378
11184488	Puthencruz	IN	22378
1786330	Yongjia	CN	22377
1252608	Tsirang	BT	22376
5203127	뉴캐슬	US	22375
4894320	Grand Boulevard	US	22373
2638302	Seaham	GB	22373
12156893	Englemount-Lawrence	CA	22372
1265539	Kurandvād	IN	22372
98677	Ar Ruţbah	IQ	22370
719404	Karcag	HU	22370
2264508	Portalegre	PT	22368
3665741	Yarumal	CO	22368
2489987	Mazouna	DZ	22366
3114567	Palafrugell	ES	22365
4911893	South Elgin	US	22365
1132495	Nahrīn	AF	22363
2878270	Leutkirch	DE	22362
496802	Sergach	RU	22361
1254447	Timurni	IN	22359
2636005	Thornaby-on-Tees	GB	22356
3065067	Strakonice	CZ	22355
13353681	Pachgaon	IN	22353
3628129	San José de Barlovento	VE	22352
5039080	New Brighton	US	22351
4084888	Prichard	US	22351
3168175	San Lazzaro	IT	22350
4830198	애니스턴	US	22347
3170342	Pomezia	IT	22346
3883457	Lebu	CL	22345
2538401	Ras el Ma	MA	22345
3402340	Cedro	BR	22344
4167583	Palm Springs	US	22341
4339348	Ruston	US	22340
1741562	Tanjung Sepat	MY	22340
1259036	Rahata	IN	22335
3451931	Quirinópolis	BR	22334
3451478	Riachão das Neves	BR	22334
1942230	Gulu	CN	22331
3609389	Gualaco	HN	22327
2412609	Manjai Kunda	GM	22327
2418596	Koundara	GN	22326
2931414	Eislingen	DE	22325
4955840	Wilmington	US	22325
1260718	Pāli	IN	22324
4562768	Barceloneta	PR	22322
2163782	Hawthorn	AU	22322
2733263	Valadares	PT	22322
3024107	콩라빌	FR	22322
2751547	Lisse	NL	22321
1276026	Bhawānīgarh	IN	22320
672757	Motru	RO	22319
1255551	Suket	IN	22319
13495388	Edmonds	CA	22318
4711156	Midlothian	US	22318
1593289	Ấp Hô Phòng	VN	22317
4440076	옥스퍼드	US	22314
6316763	Candeias do Jamari	BR	22310
3172191	Nova Milanese	IT	22310
571420	Bryukhovetskaya	RU	22309
10924946	Panniyannūr	IN	22308
1734579	Batu Kurau	MY	22307
1799084	Panghai	CN	22306
1147066	Baraki Barak	AF	22305
3021670	Dax	FR	22305
2939820	Coswig	DE	22304
2364041	Tabligbo	TG	22304
587361	Aghsu	AZ	22300
234178	Bundibugyo	UG	22300
3453435	Piúma	BR	22300
1157266	Ban Kamala	TH	22296
7932638	Malvern East	AU	22296
7538835	Catete	BR	22295
997718	Hartbeesfontein	ZA	22294
3390896	Quixeré	BR	22293
12156825	Birchcliffe-Cliffside	CA	22291
2864005	Neustrelitz	DE	22291
2635762	Tiverton	GB	22291
1063835	Ivohibe	MG	22290
12434382	Park Way	BR	22289
3601977	San Lorenzo	HN	22289
3315278	Sandyford	IE	22288
2758587	Borssele	NL	22285
12242646	Ath Thumāmah Khamsūn	QA	22284
12242644	Ath Thumāmah Sab‘ah wa Arba‘ūn	QA	22284
12242645	Ath Thumāmah Sittah wa Arba‘ūn	QA	22284
2281103	Tafiré	CI	22284
1728546	Balamban	PH	22283
2526239	Setti Fatma	MA	22283
3456450	Mutuípe	BR	22282
3669332	San Martín	CO	22281
3456866	Monte Aprazível	BR	22280
2833080	Senden	DE	22275
1859998	Kasamatsuchō	JP	22273
1174171	Khanpur Mahar	PK	22273
2738214	Lordelo do Ouro	PT	22270
3531321	Cerro Azul	MX	22268
1838722	Buan	KR	22267
2941570	Büren	DE	22263
217389	Demba	CD	22263
1176889	Hingorja	PK	22263
3197728	코프리브니차	HR	22262
5378500	Oakdale	US	22259
4889447	Darien	US	22256
1791760	Wanshun	CN	22256
11890878	Gulebage	CN	22255
3187047	부코바르	HR	22255
4885156	Bloomingdale	US	22254
2229267	Lolodorf	CM	22252
3016956	Frontignan	FR	22251
279997	El Hermel	LB	22250
11501709	Ādanāttutekkumuri Kizhakku	IN	22250
1278551	Ankola	IN	22249
1263523	Mariāhu	IN	22248
3946985	Ayaviri	PE	22247
12156859	Rockcliffe-Smythe	CA	22246
3093040	Lubań	PL	22245
3447588	Silvânia	BR	22245
2931877	Eilbek	DE	22235
3170072	Porto Sant'Elpidio	IT	22233
3902202	투피자	BO	22233
13494707	Kilapavoor	IN	22231
2469256	Menzel Jemil	TN	22231
745026	İznik	TR	22230
3461620	Ibiá	BR	22229
3430601	Montecarlo	AR	22229
2473229	Chebba	TN	22227
10778177	Rāmavarappādu	IN	22222
723559	Snina	SK	22221
1259157	Purwā	IN	22220
1605221	Uthai Thani	TH	22219
11676044	Attimarappatti	IN	22218
12750406	Northwood	US	22218
2042503	남양	KP	22218
762021	Płońsk	PL	22217
7302812	Dasnapur	IN	22216
1429898	Badāmibāgh	IN	22214
4176380	Venice	US	22211
6232390	Massey	NZ	22210
6232326	Massey East	NZ	22210
10704831	Lingiādīh	IN	22209
264670	Árgos	GR	22209
109417	Al Jumūm	SA	22207
1848447	Yatsuomachi-higashikumisaka	JP	22205
4942744	Ludlow	US	22201
1257799	Sahāwar	IN	22201
1275818	Bhuban	IN	22200
3938451	Ilave	PE	22200
5943865	Duncan	CA	22199
3657571	과란다	EC	22199
1261401	Nilakottai	IN	22197
2791814	Manage	BE	22196
191837	Kihancha	KE	22194
1256372	Sidhaulī	IN	22193
3995050	Nava	MX	22192
627800	Ivatsevichi	BY	22189
2441194	Mayahi	NE	22183
116126	Shabestar	IR	22181
516647	Nyandoma	RU	22179
1223738	Weligama	LK	22179
4173392	South Bradenton	US	22178
3389134	Santo Antônio	BR	22177
1848852	Yabu	JP	22177
13494706	Palavansathu	IN	22176
8673396	Lý Sơn	VN	22174
2148591	Springvale	AU	22174
3873983	킨테로	CL	22174
3446625	Teodoro Sampaio	BR	22173
2745932	Urk	NL	22173
3838797	Río Segundo	AR	22171
3399679	Feira Nova	BR	22169
3471868	Araçariguama	BR	22168
3454839	Posto da Mata	BR	22168
519447	Novaya Usman’	RU	22165
534560	Lodeynoye Pole	RU	22164
1564589	Thị Trấn Tiên Yên	VN	22164
7870882	High Park North	CA	22162
12489814	Qingnian	CN	22162
1279334	Adra	IN	22159
771158	Hajnówka	PL	22157
6822224	Nakagusuku	JP	22157
1851711	Shōbu	JP	22156
12156881	Willowridge-Martingrove-Richview	CA	22156
5099093	Hillside	US	22155
1861584	Ino	JP	22155
878400	Kigonsera	TZ	22155
6691096	Al Wasl	AE	22153
1262624	Muhammadābād	IN	22151
10769689	Sarapāka	IN	22149
2160582	Langwarrin	AU	22146
4138666	포기보텀	US	22146
1276147	Bhānvad	IN	22142
12777908	Campo De Ourique	PT	22140
5101938	North Plainfield	US	22140
2844437	Rotenburg	DE	22139
1255823	Someshwar	IN	22137
3665014	Beruri	BR	22136
3125082	Ciempozuelos	ES	22132
4179074	Acworth	US	22131
1908001	Wangyin	CN	22131
1784452	Zhongchao	CN	22129
1819855	Fo Tan	HK	22127
4440397	Pascagoula	US	22126
6310890	Shigang	CN	22126
3461484	Igreja Nova	BR	22125
1821279	Lai Chi Van	MO	22125
3461677	Hidrolândia	BR	22124
4174383	Sunny Isles Beach	US	22123
187231	Maua	KE	22121
5992526	Kingsville	CA	22119
485660	Svetlyy	RU	22119
698709	Ihren	UA	22118
3403309	Cantanhede	BR	22117
2490180	Mansourah	DZ	22117
2757295	De Meern	NL	22116
534015	Losino-Petrovskiy	RU	22116
5749352	로즈버그	US	22114
2967758	부아롱	FR	22114
2871486	Metzingen	DE	22112
1529279	Chapchal	CN	22111
3465010	Cunha	BR	22110
2997620	Loos	FR	22107
1261870	Nārāinpur	IN	22106
3838650	Rojas	AR	22106
1592500	Ấp Phước Tĩnh	VN	22106
4520760	Oxford	US	22104
1895695	구시마 시	JP	22102
2596484	I-n-Tillit	ML	22100
331064	Mena	ET	22100
8416817	Moskovskiy	TJ	22100
228214	Namayumba	UG	22100
489162	Staraya Kupavna	RU	22099
1262040	Nāmagiripettai	IN	22098
5126630	Merrick	US	22097
2791857	Maldegem	BE	22092
2524734	Floridia	IT	22089
1261647	Nāwa	IN	22088
2476403	Timimoun	DZ	22086
3522696	Nogales	MX	22085
1283465	Dhankutā	NP	22084
1259890	Peravurani	IN	22084
5104755	Somerset	US	22083
149512	Tinde	TZ	22082
5803990	모지스레이크	US	22082
1169367	Naukot	PK	22081
11628608	Kathhāra	IN	22080
2798297	플뢰뤼스	BE	22080
7259823	Greater Northdale	US	22079
8479411	Northdale	US	22079
4724642	Saginaw	US	22079
2523513	San Cataldo	IT	22079
2734484	São João da Madeira	PT	22079
689200	Vilnohirsk	UA	22079
1786232	Yongxing	CN	22079
974738	Moloto South	ZA	22076
2110509	Yokoshiba	JP	22075
5105127	서밋	US	22074
5232741	워터타운	US	22073
509598	Pikalëvo	RU	22072
616785	Charentsavan	AM	22071
1267495	Kathlāl	IN	22071
150436	Rulenge	TZ	22069
1255925	Siwāna	IN	22067
12358745	Xiejiawan	CN	22066
1273083	Deoli	IN	22065
2840287	Scharnhorst	DE	22065
1858591	Kozakai-chō	JP	22064
2344229	Dutsen Wai	NG	22062
11452593	Kizhuparamba	IN	22062
3076028	Háje	CZ	22059
11549805	Navas	ES	22059
2448955	Toubakoura	ML	22059
314716	Gediz	TR	22058
3003481	르메쉬르센	FR	22058
132105	Ḥamīdiyeh	IR	22057
2290555	Dagbao I	CI	22056
13353527	Palai	IN	22056
5145607	얼라이언스	US	22055
3395042	Mazagão	BR	22053
1274364	Chhanerā	IN	22052
5660340	칼리스펠	US	22052
9890410	Higashigō	JP	22051
3460869	Itaiópolis	BR	22051
787456	Orahovac	XK	22049
1524245	Kalbatau	KZ	22047
3466436	Ceres	BR	22046
2523460	San Giovanni la Punta	IT	22046
4911934	South Holland	US	22043
1849584	Tsurugi-asahimachi	JP	22042
1858187	Kurono	JP	22041
2376189	Tékane	MR	22041
500047	랴시스크	RU	22041
1803449	Dongta	CN	22040
3901301	Warnes	BO	22036
2968555	빌뇌브라가렌	FR	22036
1263564	Marakkanam	IN	22034
3395122	Matinha	BR	22034
557469	Igra	RU	22033
12359299	Maguan	CN	22032
5799587	Kenmore	US	22030
1274533	샤트라푸르	IN	22027
3447591	Silva Jardim	BR	22026
154648	Maswa	TZ	22025
2650346	Retford	GB	22023
4534934	Del City	US	22022
50672	Wanlaweyn	SO	22022
3116503	Arrasate / Mondragón	ES	22019
3179235	Cecina	IT	22018
179525	Taveta	KE	22018
3165624	Tivoli	IT	22018
1275921	바인가	IN	22016
5085374	데리	US	22015
2620964	Haderslev	DK	22011
967238	Ottosdal	ZA	22011
2963848	그레이스톤스	IE	22009
1732826	Mersing	MY	22007
3065617	소콜로프	CZ	22007
3469421	Bom Jesus dos Perdões	BR	22006
2273435	Tubmanburg	LR	22005
3018794	페캉	FR	22003
1265005	Lauri	IN	22002
4995197	햄트래믹	US	22002
2656847	Atherton	GB	22000
2520069	Carrizal	ES	22000
568012	Chishmy	RU	22000
10239401	Digih Habar Es	ET	22000
106909	Duba	SA	22000
5119211	Great Kills	US	22000
334898	Hartīshēk	ET	22000
6691884	Heavitree	GB	22000
1529452	Hoxtolgay	CN	22000
1063782	Jafaro	MG	22000
231406	Kigumba	UG	22000
12156906	Kingsview Village-The Westway	CA	22000
1172595	Kuri Dulal	PK	22000
1880469	Marsiling	SG	22000
1784074	Zhouzhuang	CN	22000
1636670	말리아나	TL	22000
2745340	폴렌담	NL	22000
4177671	Wekiwa Springs	US	21998
2655858	Berkhamsted	GB	21997
2660108	Kreuzlingen	CH	21997
1712232	Guiset East	PH	21994
4161771	Leesburg	US	21993
3464364	Ecoporanga	BR	21992
2511880	Ribarroja del Turia	ES	21992
3173314	Mogliano Veneto	IT	21991
5344147	Duarte	US	21990
1705771	Loma de Gato	PH	21990
3172228	Noicattaro	IT	21988
174259	Ad Dānā	SY	21987
4683021	Converse	US	21987
2794190	쿠켈베르흐	BE	21984
3093785	Łaziska Górne	PL	21983
125330	Maḩmūdābād Nemūneh	IR	21982
2872237	Meinerzhagen	DE	21982
3692073	Santiago de Cao	PE	21982
3875746	Pitrufquén	CL	21981
2510309	Torre del Mar	ES	21980
3110643	Sant Feliu de Guíxols	ES	21977
2172191	Carrum Downs	AU	21976
1466010	Nalambūr	IN	21973
3023645	코르메유장파리지	FR	21973
127219	Khosrowshahr	IR	21972
3453782	Pinhalzinho	BR	21972
3154209	Halden	NO	21970
4914830	Villa Park	US	21969
2395874	Adjaouèrè	BJ	21968
2783308	Zedelgem	BE	21968
2930778	Elsdorf	DE	21967
3461055	Iracemápolis	BR	21967
1655140	Pakxan	LA	21967
1783956	Zhouqu Chengguanzhen	CN	21967
2172686	Camberwell	AU	21965
317851	Menderes	TR	21965
764312	Mrągowo	PL	21965
2524085	Monreale	IT	21964
1265555	Kuppam	IN	21963
1608424	Nang Rong	TH	21961
1857712	Makurazaki	JP	21960
3385131	Vertentes	BR	21959
3471428	Arroio do Meio	BR	21958
1271936	Fatehābād	IN	21957
2794166	Koksijde	BE	21957
4191124	디케이터	US	21957
1275768	Kīl Bhuvanagiri	IN	21956
3404656	Caaporã	BR	21955
1257673	Saktī	IN	21955
3104115	Andrychów	PL	21954
4905337	Park Forest	US	21954
13494068	Khwaeng Bang Plat	TH	21953
3177029	Fidenza	IT	21952
13353526	Karuvanthuruthy	IN	21952
3447672	Serro	BR	21952
501320	Roshal’	RU	21951
245669	Adré	TD	21950
1284225	Zalun	MM	21947
3623486	에레디아	CR	21947
2831486	졸타우	DE	21945
4752665	Christiansburg	US	21943
11456498	Kollivāyal	IN	21943
2111725	Naka-niida	JP	21943
1490402	Sysert’	RU	21942
8405695	Pushun	CN	21940
2511330	Sant Joan d'Alacant	ES	21939
3052101	Gyál	HU	21937
5954579	Flemingdon Park	CA	21933
5373492	Jurupa Valley	US	21930
2754454	Hellevoetsluis	NL	21927
5198748	Logan	US	21926
5325011	애슐랜드	US	21925
258038	Artémida	GR	21924
1607838	Phanat Nikhom	TH	21924
4177960	West and East Lealman	US	21924
1734881	Batu Anam	MY	21923
1257476	Sancoale	IN	21923
4621846	Farragut	US	21919
1849850	Toyohama	JP	21917
8449910	La Porte	US	21916
8572880	Ōizumimachi	JP	21916
11549972	Costillares	ES	21914
2873211	Marsberg	DE	21914
3060346	두브니차나트바홈	SK	21914
1788720	Xinmin	CN	21912
2766429	장크트푈텐	AT	21911
1855349	Nishiarai	JP	21910
3523900	Reyes Acozac	MX	21910
2833592	Seesen	DE	21909
7373299	Paosha	CN	21907
1732877	Labis	MY	21906
13494705	Polichalur	IN	21906
6944296	St. Pauli	DE	21902
2810188	Westerstede	DE	21902
1703116	Malanday	PH	21901
1156046	Ban Na San	TH	21900
2513703	Moncada	ES	21900
3448455	São Miguel do Araguaia	BR	21900
1780841	Kampung Batu Empat	MY	21898
2335596	Kaiama	NG	21897
13526896	Mount Vernon Triangle	US	21897
1605754	Taphan Hin	TH	21895
264559	Árta	GR	21895
1276375	Bhābhar	IN	21894
2362626	Béguédo	BF	21894
2901588	Hohen Neuendorf	DE	21893
3802723	Playas del Rosario	MX	21893
760503	Rembertów	PL	21893
3449121	São Francisco de Paula	BR	21893
2980586	생트푸아레리옹	FR	21893
3456412	Muzambinho	BR	21891
1152953	Khanu Woralaksaburi	TH	21889
3086531	Rydułtowy	PL	21887
3392018	Pio XII	BR	21886
1489508	Toguchin	RU	21886
127033	Khānsār	IR	21883
12518993	Nowrozabad	IN	21883
2042249	Yŏnggwang-ŭp	KP	21882
3179443	Castel Volturno	IT	21881
2921473	Gelnhausen	DE	21881
1265007	Laungowāl	IN	21880
3173162	Mondovì	IT	21880
12687207	Gnatroa	CI	21879
2267112	Lavradio	PT	21877
4277718	Prairie Village	US	21877
1819685	Kam Tin	HK	21876
5224949	Smithfield	US	21872
2384770	Mbaïki	CF	21867
1282616	Wāliṅ	NP	21867
4255836	Clarksville	US	21866
2519367	Coín	ES	21866
2111704	Namie	JP	21866
4004555	Huetamo de Núñez	MX	21864
11916190	Siyeke	CN	21862
2292179	Bangolo	CI	21861
2640869	Ossett	GB	21861
1274943	Chāchaura	IN	21860
13353680	Ghulewadi	IN	21860
5175496	Wadsworth	US	21860
1274699	Chandrakona	IN	21855
3122912	Esparreguera	ES	21855
13494094	Chatuchak subdistrict	TH	21853
2511448	Sant Antoni de Portmany	ES	21852
1914274	Dasheng	CN	21850
3389461	Santa Maria das Barreiras	BR	21850
12156819	South Parkdale	CA	21849
5788822	Camas	US	21846
12359284	Dayang	CN	21846
1257410	Sangod	IN	21846
168620	Kafr Zaytā	SY	21845
12746541	Tsz Ching Estate	HK	21845
2756232	Elburg	NL	21844
1266774	Kherālu	IN	21843
3385467	Várzea Alegre	BR	21841
2549750	El Ksiba	MA	21840
2799007	Edegem	BE	21839
2636439	Swanley	GB	21839
293420	maalot Tarshīhā	IL	21836
1271954	Farakka	IN	21834
2020689	Luchegorsk	RU	21833
11184889	Mulavukad	IN	21833
12358504	Fubang	CN	21828
1057095	Sakaraha	MG	21826
2288404	Gohouo	CI	21824
1263777	Mangalvedha	IN	21824
3874943	Quellón	CL	21823
6317704	Nova Alvorada do Sul	BR	21822
10924880	Māniyūr	IN	21820
2639506	Reigate	GB	21820
1914267	Tongjiaxi	CN	21820
168668	Kafr Lāhā	SY	21819
1267978	Kantābānji	IN	21819
4156042	포트월턴비치	US	21817
1500532	Linëvo	RU	21816
2958516	Alfter	DE	21814
6657461	Māmūnīyeh	IR	21814
3171986	Orbassano	IT	21813
2513240	Nerja	ES	21811
1811327	Fengjia	CN	21810
3455903	Oliveira dos Brejinhos	BR	21810
1880214	Tanglin	SG	21810
2256900	Mossaka	CG	21809
3837124	San Justo	AR	21809
3345668	Ucuma	AO	21809
547875	Kizel	RU	21807
4893591	Geneva	US	21806
4148803	Brent	US	21804
3500370	Las Matas de Farfán	DO	21802
2831276	Sondershausen	DE	21802
12640453	Adebaye	ET	21800
12640454	Damboya	ET	21800
334124	Intich’o	ET	21800
231383	Kihihi	UG	21800
343081	Āyana	ET	21800
2300749	Goaso	GH	21798
2969958	베르됭	FR	21798
3455447	Palmas de Monte Alto	BR	21796
11186294	Chalthan	IN	21795
3589253	Santa María de Jesús	GT	21795
3428609	San Miguel del Monte	AR	21794
5172485	South Euclid	US	21794
5925975	Collingwood	CA	21793
8399036	Dashu	CN	21793
2283616	Niakaramandougou	CI	21793
1024680	Gorongosa	MZ	21792
9190392	Ogura	JP	21792
307623	Kırkağaç	TR	21789
3517280	Santa María Atzompa	MX	21788
90199	Tāzah Khūrmātū	IQ	21788
144696	Aghajari	IR	21785
305969	Küçükçiğli	TR	21784
1269093	Jainagar	IN	21782
2321031	Ubiaja	NG	21782
8425958	Gajowice	PL	21781
3107765	Torrelodones	ES	21781
749508	Çaycuma	TR	21773
10002798	Kopawor	IN	21771
2474638	Zemoura	DZ	21770
3465757	Conceição de Macabu	BR	21769
3359736	Vredendal	ZA	21769
3696509	Huamachuco	PE	21768
2242885	Camabatela	AO	21767
1687029	Lake Sebu	PH	21767
3515993	Tenango de Arista	MX	21765
4676920	Brushy Creek	US	21764
1257682	사크리	IN	21764
1273397	Dattāpur	IN	21763
3119631	Laguna de Duero	ES	21762
579738	바칼	RU	21762
3085045	Środa Wielkopolska	PL	21757
3084062	Świebodzin	PL	21757
2639069	Rottingdean	GB	21756
10214682	Umarsera	IN	21752
2253375	Dagana	SN	21750
1261882	Napāsar	IN	21750
1256846	Shendurjana	IN	21748
1260035	Pātūr	IN	21747
4225039	Sugar Hill	US	21747
4177779	Westchase	US	21747
1640755	Kebonarun	ID	21745
2128206	Shibetsu	JP	21744
1853486	Ōyama	JP	21744
3096779	Kamienna Góra	PL	21743
3202822	Cazin	BA	21741
2970203	벨리지빌라쿠블레	FR	21741
2447223	Baléyara	NE	21740
2042738	Musan-ŭp	KP	21739
3530932	Chiconcuac	MX	21738
12156858	Black Creek	CA	21737
1272629	Digboi	IN	21736
1220826	Farkhor	TJ	21736
1220163	Hulbuk	TJ	21736
6316415	Apuí	BR	21735
2520150	Carcaixent	ES	21735
23290	Bostānābād	IR	21734
2657356	Amersham	GB	21731
974222	Mooi River	ZA	21730
4828890	Chillicothe	US	21727
1823687	Phumĭ Tnaôt	KH	21727
2353436	Zabré	BF	21726
6317245	Herval dOeste	BR	21724
8740793	Jirapur	IN	21724
2506795	Aoulef	DZ	21723
11501867	Kalleribhāgam	IN	21723
3455155	Paraguaçu	BR	21723
2966794	Balbriggan	IE	21722
1599640	Ban Nong Wua So	TH	21722
1262346	Muthupet	IN	21722
2978758	생로	FR	21722
3047942	Monor	HU	21720
766583	웽치나	PL	21719
1182688	Bhaun	PK	21711
3461954	Guapiaçu	BR	21711
2382505	Yaloké	CF	21710
3667355	Tauramena	CO	21709
3980841	Tuxpan	MX	21709
966380	Pampierstad	ZA	21707
1272242	Dum Duma	IN	21706
5397664	South Lake Tahoe	US	21706
418446	Tīrān	IR	21703
3072137	Letňany	CZ	21702
3982887	Sombrerete	MX	21702
5551498	Anthem	US	21700
2496573	Feraoun	DZ	21700
330652	Mīlē	ET	21700
738858	Tepecik	TR	21699
5407908	West Carson	US	21699
3455082	Paramirim	BR	21695
3170504	Poggibonsi	IT	21692
2513798	Mogán	ES	21690
618120	커우셰니	MD	21690
2651852	Crowborough	GB	21688
2325437	Otukpa	NG	21686
550846	Khadyzhensk	RU	21685
5126183	Massapequa	US	21685
12493849	Al Jazeera Aba	SD	21683
3832815	Villa Allende	AR	21683
134598	Ferūnābād	IR	21682
3471902	Aquidabã	BR	21681
2742051	Bougado	PT	21680
1260618	Pāmpur	IN	21680
4932214	Canton	US	21679
2558428	El Mansouria	MA	21679
6946409	Karak City	JO	21678
908718	Maamba	ZM	21676
10910255	Munderi	IN	21676
2797713	장블루	BE	21676
132380	Ḩājjīābād	IR	21675
8531960	Lincoln	US	21670
5103500	Roselle	US	21670
4477525	Lumberton	US	21667
1255383	Sūrajgarh	IN	21666
1904091	Jinlong	CN	21665
11655500	Kadayal	IN	21665
2877142	Lindlar	DE	21665
2525362	Carbonia	IT	21664
13132461	Mwanhuzi	TZ	21664
3347111	Mungo	AO	21662
3621729	San Pablo	CR	21662
3038712	Achères	FR	21660
1692914	Porac	PH	21660
3992842	Petatlán	MX	21659
1849661	Tsukumiura	JP	21658
13132726	Lusaka West	ZM	21655
3385658	Uruçuí	BR	21655
3170069	Porto Torres	IT	21653
8426048	Wrzeszcz Dolny	PL	21648
3174922	Legnago	IT	21646
4007682	El Salto	MX	21644
1604769	Yasothon	TH	21643
2892980	Karben	DE	21642
3072463	쿠트나호라	CZ	21642
6693771	Hadley Wood	GB	21639
2327521	Oguta	NG	21639
3456049	Núcleo Bandeirante	BR	21636
6318556	São Miguel do Guaporé	BR	21635
8348460	Cabramatta	AU	21634
10261433	Kundli	IN	21633
3600254	Yamaranguila	HN	21633
1277666	Bālāchor	IN	21631
2953379	Bad Pyrmont	DE	21629
1059051	Miandrivazo	MG	21627
1259148	Pushkar	IN	21626
2472722	Beni Khiar	TN	21624
3082197	비엘룬	PL	21624
2028606	Tsetserleg	MN	21620
1808075	Honglu	CN	21618
3667070	Timbiquí	CO	21618
4598353	Taylors	US	21617
2391034	Toviklin	BJ	21617
2787989	Rixensart	BE	21616
2875484	루켄발데	DE	21616
3470177	Bela Vista	BR	21613
359823	As Sibā‘īyah	EG	21610
6691079	Al Waheda	AE	21608
2913922	Guben	DE	21608
3472298	Anagé	BR	21607
1583475	Diễn Thành	VN	21605
1272476	Doda	IN	21605
2936267	Donaueschingen	DE	21604
1255646	Karanpur	IN	21604
2955773	Aplerbeck	DE	21600
1513996	G‘azalkent	UZ	21600
6217081	애슈버턴	NZ	21600
5411079	유카밸리	US	21600
2919039	Gorbitz	DE	21599
3458249	Macarani	BR	21599
4014553	Chapala	MX	21596
8080737	Shahrak-e ‘Alā’īn	IR	21594
1605279	Trat	TH	21590
2963398	킬케니	IE	21589
3648042	Boraure	VE	21588
6169661	Tsawwassen	CA	21588
2805385	Xanten	DE	21587
4955219	웨스트퍼드	US	21587
3395497	Maracaçumé	BR	21586
3514163	Zacatepec	MX	21586
2501508	Chemini	DZ	21585
3115659	Navalcarnero	ES	21584
3461559	Ibirubá	BR	21583
3645522	Clarines	VE	21582
4560722	Rittenhouse	US	21582
1257498	Samthar	IN	21582
2997110	뤼네빌	FR	21582
1277409	Banat	IN	21580
2872225	Meiningen	DE	21580
1272790	Dhekiajuli	IN	21579
12687198	Fronan	CI	21579
2291636	Biéby	CI	21578
1789198	Xinshi	CN	21578
4565105	Guayama	PR	21575
2514946	Loja	ES	21574
2345498	Damboa	NG	21571
1263911	Māndalgarh	IN	21569
6316300	Acreúna	BR	21568
6163363	The Beaches	CA	21567
4154205	Edgewater	US	21566
3088435	Polkowice	PL	21565
2933627	Eckernförde	DE	21563
3021516	되이라바르	FR	21560
1716618	Cuenca	PH	21558
8374209	H̱ura	IL	21558
3672077	Planadas	CO	21557
3860174	Coronel Pringles	AR	21555
2065665	Mount Barker	AU	21554
2659292	Opfikon	CH	21554
1848498	Yashiro	JP	21554
154002	Mhango	TZ	21553
5178165	Allison Park	US	21552
99439	Nāḩiyat al Fuhūd	IQ	21551
1795776	Shawan	CN	21551
10152760	Barāra	IN	21545
2473654	El Jem	TN	21544
1859113	Kodamachō-kodamaminami	JP	21544
146619	Aglantziá	CY	21543
3117010	Medina del Campo	ES	21540
1626459	Suai	TL	21539
3010529	라셀생클루	FR	21539
5889745	Baie-Comeau	CA	21536
3601516	Santa Rita	HN	21536
5282526	Bloomfield	US	21535
13118276	Bandar Baru Salak Tinggi	MY	21534
5326561	Bay Point	US	21534
2473190	Sahline	TN	21533
5091383	포츠머스	US	21530
2936977	Dillingen	DE	21526
2960964	Wexford	IE	21524
3459352	Ladário	BR	21522
6317915	Pedro Canário	BR	21522
3037540	Annecy-le-Vieux	FR	21521
3079467	Beroun	CZ	21521
694677	Selydove	UA	21521
157377	Kilwa Masoko	TZ	21519
3405457	Boca da Mata	BR	21517
444987	Takaba	KE	21517
4408000	Sedalia	US	21516
1634511	Namrole	ID	21513
3395380	Mari	BR	21512
4165565	Naples	US	21512
2975469	Sceaux	FR	21511
8416627	Jiangnan	CN	21509
7656357	Nyamata	RW	21509
2875019	Lusan	DE	21507
2820577	Überlingen	DE	21507
1023366	Hlanganani	ZA	21506
2808461	Wilnsdorf	DE	21505
3470341	Bastos	BR	21503
1255044	Tammampatti	IN	21503
2661881	아라우	CH	21503
320581	Bozova	TR	21502
1274848	Chamba	IN	21502
10263225	Murādābād Pahāri	IN	21502
745714	Havza	TR	21500
2704136	Huskvarna	SE	21500
1217362	Juma Shahri	UZ	21500
1252479	Punākha	BT	21500
3577072	Tanki Leendert	AW	21500
3393017	Parelhas	BR	21499
1797172	Renxian	CN	21499
5381515	Patterson	US	21498
3469190	Boquira	BR	21497
4258285	Greenfield	US	21497
6316344	Alta Floresta d'Oeste	BR	21494
11549939	Ibiza	ES	21492
258463	리바디아	GR	21492
4792522	Waynesboro	US	21491
1875588	Kowŏn-ŭp	KP	21490
2789751	Oostkamp	BE	21489
2336251	Jebba	NG	21488
170887	Ad Darbāsīyah	SY	21481
1887985	Kampung Teluk Kumbar	MY	21481
10469681	Mahādula	IN	21481
13526894	H Street NE	US	21480
2753706	Hoogezand	NL	21480
201524	Ruhango	RW	21478
11467709	Chaksawari	PK	21475
5897321	Bedford	CA	21474
3007609	Lannion	FR	21473
2814131	Waren	DE	21470
3466430	Cerqueira César	BR	21469
2639389	Richmond	GB	21469
2016701	Shimanovsk	RU	21466
5955960	Fort St. John	CA	21465
1173025	Kotli Loharan	PK	21463
4829791	Albertville	US	21462
158178	Katesh	TZ	21462
3433801	General Juan Madariaga	AR	21461
3180541	Cardito	IT	21458
3882582	Loncoche	CL	21458
1277238	Bānsdīh	IN	21457
3617725	Masatepe	NI	21452
13156770	Srisailam Project RFC Township	IN	21452
13645746	Sintra-Nema	GW	21451
3688989	Belén de Umbría	CO	21450
8069036	Cikcilli	TR	21449
2942341	Französisch Buchholz	DE	21449
6691246	Old Trafford	GB	21447
1165507	Shahpur Chakar	PK	21446
3587428	Aguilares	SV	21445
5219843	Wissinoming	US	21445
3465527	Cordeiro	BR	21444
2362323	Bogandé	BF	21443
3393929	Nhamundá	BR	21443
2920020	Glauchau	DE	21442
2184155	Pukekohe East	NZ	21438
4952121	Stoneham	US	21437
2561124	Ahfir	MA	21435
10781410	Bacheli	IN	21435
3447005	Tambaú	BR	21435
723736	Rimavská Sobota	SK	21434
3398384	Icapuí	BR	21433
3458161	Madre de Deus	BR	21432
2464378	Moularès	TN	21431
12750416	Tustin Legacy	US	21428
1278279	Āsika	IN	21428
704388	Berestyn	UA	21426
12358473	Shangchong	CN	21425
2829804	Stadtallendorf	DE	21425
5095409	Basking Ridge	US	21424
5166516	Perrysburg	US	21423
2271337	Azambuja	PT	21422
3388618	São João do Piauí	BR	21421
5576859	Erie	US	21420
2512581	Pilar de la Horadada	ES	21418
1816929	Baoluan	CN	21417
1270603	Guruvāyūr	IN	21416
6317574	Matupá	BR	21415
3021605	드냉	FR	21412
1734715	Marang	MY	21410
3460172	Jandaia do Sul	BR	21408
4017984	Atoyac de Álvarez	MX	21407
3038159	Allauch	FR	21406
1907979	Liuping	CN	21406
2648827	Garston	GB	21403
2637241	Speke	GB	21403
3070744	Michle	CZ	21402
1852357	시모다 시	JP	21402
1281650	Bayi	CN	21400
334252	Indabaguna	ET	21400
543436	Kovylkino	RU	21400
5773001	Clinton	US	21399
5735238	Klamath Falls	US	21399
1865570	Akaike	JP	21398
3024035	Concarneau	FR	21397
513898	Otradnoye	RU	21397
5895482	Bayview Village	CA	21396
584614	Zabrat	AZ	21396
3019193	Eysines	FR	21394
10436674	Lālru	IN	21394
2911520	Halle	DE	21393
1727080	Bansalan	PH	21391
5296802	Green Valley	US	21391
1710666	Inopacan	PH	21389
2890158	Kitzingen	DE	21387
107959	Aţ Ţaraf	SA	21386
3678674	La Jagua de Ibirico	CO	21386
198636	Eldama Ravine	KE	21385
3393465	Orós	BR	21384
1513038	Paxtakor Shahri	UZ	21384
3454139	Perdões	BR	21384
5576909	Evans	US	21383
636947	Siilinjärvi	FI	21383
5690366	Mandan	US	21382
12156890	East End-Danforth	CA	21381
2521590	Armilla	ES	21380
3087307	Rawicz	PL	21380
317241	Demirci	TR	21378
3461606	Ibicaraí	BR	21378
1465809	Virugambakkam	IN	21376
4955884	윈체스터	US	21374
92362	Habhab	IQ	21373
3527596	Fortín de las Flores	MX	21370
712590	Bilohorodka	UA	21369
5004359	Okemos	US	21369
1280921	Judian	CN	21368
2222623	Penja	CM	21367
1273960	Chotila	IN	21364
11288652	Madonna di Campagna	IT	21362
3022376	Croix	FR	21361
1253357	Vāsudevanallūr	IN	21361
2954602	Auerbach	DE	21358
3017805	Forbach	FR	21358
4375087	Arnold	US	21357
2836282	Schortens	DE	21357
1265773	Kuju	IN	21356
2807218	Wittmund	DE	21355
2520645	Cabra	ES	21352
134255	Galūgāh	IR	21352
134256	Galūgāh	IR	21352
132458	Hafshejān	IR	21352
8358562	Péfki	GR	21352
2996180	마노스크	FR	21351
4890536	East Moline	US	21350
10062606	Vilkpėdė	LT	21346
2651497	Darton	GB	21345
2647209	Hebburn	GB	21345
2758177	Brummen	NL	21344
156627	Kiwira	TZ	21342
1260918	Padmanābhapuram	IN	21342
6095645	Owen Sound	CA	21341
1263879	Mandāwar	IN	21339
4177908	West Pensacola	US	21339
1517323	Zhangaqorghan	KZ	21339
13353525	Paippad	IN	21338
4474436	Kinston	US	21337
2878074	Lichtenfels	DE	21336
11348644	Kondasamudram	IN	21335
1264383	Mahgawān	IN	21335
12687206	Dagadji	CI	21333
2953424	Bad Kissingen	DE	21328
3716737	Terrier Rouge	HT	21328
2732978	Valongo	PT	21328
1276627	Bedi	IN	21327
318372	Çine	TR	21327
8403877	Guocun	CN	21326
2516431	Isla Cristina	ES	21324
1254797	Tekāri	IN	21324
1623772	Tiom	ID	21324
1272540	Dindori	IN	21323
11059676	Sugita	JP	21318
4657077	Shelbyville	US	21317
11550026	Butarque	ES	21316
2520055	Cártama	ES	21313
1274642	찬나기리	IN	21313
2177671	아미데일	AU	21312
1608539	Nakhon Nayok	TH	21309
1265387	Kuzhithurai	IN	21307
1662589	Ban Laongam	LA	21304
7932629	Balwyn North	AU	21302
343386	Assab	ER	21300
339159	Dibate	ET	21300
230753	Kiziba	UG	21300
328316	Sīrē	ET	21300
3405778	Bequimão	BR	21299
3043095	Várpalota	HU	21299
2833242	Seligenstadt	DE	21298
3374888	Assomada	CV	21297
5000947	마켓	US	21297
13353524	Kodamthuruth	IN	21295
2851396	Querenburg	DE	21294
593926	텔샤이	LT	21294
1271343	Ghātanji	IN	21293
1807916	Hongzhou	CN	21293
3858765	El Bolsón	AR	21287
1854177	Ōmamachō-ōmama	JP	21286
8347326	Fairfield Heights	US	21285
2831088	Sonthofen	DE	21285
2504385	Bensekrane	DZ	21283
4958141	Biddeford	US	21282
2170079	Cranbourne	AU	21281
3468734	Buritirama	BR	21276
2633553	Workington	GB	21275
2164495	Greenvale	AU	21274
12277236	Haidong Zhen	CN	21274
2428281	Maro	TD	21274
3174494	Lugo	IT	21273
11462031	Naduvattam	IN	21273
1798134	Qiaotou	CN	21273
5963453	Gordon Head	CA	21270
3098200	Gryfino	PL	21270
5028163	골든밸리	US	21270
3406503	Bananeiras	BR	21269
3120410	Illescas	ES	21264
6545157	Esquilino	IT	21263
3070122	Náchod	CZ	21263
4678901	Canyon Lake	US	21262
2978621	생망데	FR	21261
3350550	Capunda	AO	21260
1274343	Chhāta	IN	21260
3349324	Conda	AO	21260
5589394	Conda	US	21260
6943562	North Lakes	AU	21260
75618	Ghayl Bā Wazīr	YE	21259
3402271	Chã Grande	BR	21258
3450963	Rolante	BR	21253
3446881	Taperoá	BR	21253
944380	Verena	ZA	21252
3591523	Patzicía	GT	21249
4081914	옥스퍼드	US	21249
3182757	Arzignano	IT	21247
13495377	Dunbar-Southlands	CA	21245
12687200	Galébré	CI	21245
2914929	Groß-Umstadt	DE	21245
2821517	Traunreut	DE	21244
3356294	Katutura	NA	21243
1634904	Muara Bungo	ID	21243
3130131	Amposta	ES	21240
2167208	Essendon	AU	21240
1521379	Lenger	KZ	21238
1710103	Jose Pañganiban	PH	21236
8425972	Krzyki-Partynice	PL	21233
5273812	South Milwaukee	US	21233
8576482	Ebara	JP	21232
2646606	Horley	GB	21232
5370493	Marina	US	21229
3581194	샌이그나시오	BZ	21229
13580310	Plaine du Var	FR	21228
2732513	Vilar	PT	21227
2652204	Cowes	GB	21226
5804306	Mukilteo	US	21226
1714050	Dupax del Sur	PH	21224
2156934	Morayfield	AU	21221
3448207	São Sepé	BR	21219
2656296	Barnes	GB	21218
933885	Bobonong	BW	21216
6092125	Oakwood Village	CA	21210
3627418	Santa Cruz de Mora	VE	21209
6534235	Cassano Magnago	IT	21208
5386053	Rancho San Diego	US	21208
3608822	Iriona	HN	21207
2876683	Löbtau	DE	21205
641489	Pirkkala	FI	21204
3670280	Sampués	CO	21204
593959	타우라게	LT	21203
701347	Merefa	UA	21202
1257482	Sanaur	IN	21201
2779912	Essling	AT	21200
722439	Békés	HU	21198
495062	Sheksna	RU	21197
4235668	Charleston	US	21196
1486340	Yarovoye	RU	21195
584471	압둘리노	RU	21195
3388454	São José da Laje	BR	21193
942701	Vrede	ZA	21193
2928967	Eschwege	DE	21191
2413565	Dippa Kunda	GM	21190
5083221	Bedford	US	21188
288721	Bidbid	OM	21188
2284159	Moussadougou	CI	21186
1759486	Kuang	MY	21185
12450886	Qitang	CN	21185
142567	Shāzand	IR	21181
483495	Terek	RU	21180
1024692	Caia	MZ	21179
2929831	Eppingen	DE	21179
1181022	Chhor	PK	21178
2664203	Västervik	SE	21178
2165329	Glenferrie	AU	21177
2163776	Hawthorn South	AU	21177
13494704	Reethapuram	IN	21177
3988462	Romita	MX	21176
3460692	Teofilândia	BR	21176
6172932	Uxbridge	CA	21176
4140040	Pleasant Plains	US	21174
3754915	Jimaguayú	CU	21169
13353523	Kottappally	IN	21169
2270229	Caparica	PT	21167
313013	Hacılar	TR	21167
2464522	Tinja	TN	21167
689198	Volnovakha	UA	21166
3465184	Crisópolis	BR	21163
3176849	Follonica	IT	21163
294622	Judeida Makr	IL	21163
726320	Troyan	BG	21162
2271547	Areeiro	PT	21160
601534	Oýrat	TM	21160
1797804	Qingping	CN	21160
3564885	Cauto Cristo	CU	21159
2512990	Palma del Río	ES	21159
1256812	Serchhīp	IN	21158
4459343	Carrboro	US	21156
2992229	Montmorency	FR	21156
1850627	Tanushimarumachi-toyoki	JP	21156
2650815	Dukinfield	GB	21155
12808656	Porte Saint-Martin	FR	21154
4889107	Crest Hill	US	21153
10766938	Pudupattanam	IN	21151
4593724	Saint Andrews	US	21151
2070571	Gosnells	AU	21149
1862601	Hino	JP	21149
2749723	Oegstgeest	NL	21149
3493100	San José de Ocoa	DO	21148
1736929	Dalat	MY	21147
6534253	San Nicola la Strada	IT	21147
2742700	Arouca	PT	21146
2485633	Oued el Alleug	DZ	21146
1254787	Telhāra	IN	21146
2208305	Dee Why	AU	21145
3165698	Thiene	IT	21145
2341758	Garko	NG	21141
3016667	가르단	FR	21140
3407871	Altinho	BR	21134
7730334	Lephalale	ZA	21133
3393599	Olho d'Água das Flores	BR	21132
2130306	후라노 시	JP	21131
7091688	Oghi	PK	21129
2329981	Mokwa	NG	21128
3694119	Paiján	PE	21128
772748	Działdowo	PL	21127
1261782	Narkher	IN	21127
2650967	Dronfield	GB	21124
1686933	Sasmuan	PH	21124
2804748	Zerbst	DE	21124
3000491	레릴라	FR	21124
1527690	Lebedinovka	KG	21118
463885	Zelenchukskaya	RU	21117
1877148	Hoeyang	KP	21111
12156872	Thorncliffe Park	CA	21108
4282757	애슐랜드	US	21108
1279158	Ajnāla	IN	21107
13132449	Al-Fashaqah	SD	21106
332372	Kuyera	ET	21100
3521051	Puente de Ixtla	MX	21098
2639325	Ripley	GB	21097
6316346	Alto Alegre	BR	21096
2783274	Zemst	BE	21096
3176605	Francavilla al Mare	IT	21095
13512416	Townline	CA	21095
159045	Isaka	TZ	21094
6318408	São Domingos do Araguaia	BR	21092
4272782	헤이스	US	21092
1013266	Hlohlolwane	ZA	21089
1699388	Molave	PH	21088
13645935	ʻEwa Beach-Iroquois Point	US	21088
3460773	Itapaci	BR	21087
6318219	Santa Bárbara do Pará	BR	21087
1278622	Anthiyur	IN	21086
3166034	Sulmona	IT	21086
1275484	Bisālgarh	IN	21085
3466196	Chopinzinho	BR	21085
3018280	플뢰리레오브레	FR	21085
3448533	São Marcos	BR	21084
1348780	Dhulagari	IN	21080
8374220	Kuseifa	IL	21079
3827255	San Pedro Totoltepec	MX	21076
283806	Ḩalḩūl	PS	21076
13645942	Mililani Mauka	US	21075
3179781	Cassino	IT	21074
3514398	Xoxocotla	MX	21074
2164515	Greensborough	AU	21070
3021852	Dammarie-les-Lys	FR	21066
2887366	Klotzsche	DE	21064
3452672	Porto Real	BR	21064
934488	Goodlands	MU	21063
704143	Kremenets	UA	21063
2515219	Las Torres de Cotillas	ES	21062
1819775	Ha Tsuen	HK	21060
12518919	Talala	IN	21060
6317857	Palmeirândia	BR	21059
485888	Suvorov	RU	21059
4386387	퍼거슨	US	21059
2842112	Hansestadt Salzwedel	DE	21058
1151426	Phayao	TH	21058
2797096	Grivegnée	BE	21057
3937733	Jauja	PE	21057
3466547	Caxambu	BR	21056
2640967	오마	GB	21056
3511626	Bayaguana	DO	21055
1275097	Būndu	IN	21054
4575461	Conway	US	21053
5124078	Laurelton	US	21053
2239106	Muxaluando	AO	21052
2851584	Püttlingen	DE	21052
2643071	March	GB	21051
5034767	Lino Lakes	US	21050
12489819	Zhuantang	CN	21048
5815539	West Lake Stevens	US	21047
3460752	Itapecerica	BR	21046
1734313	Paka	MY	21044
2958975	Aichach	DE	21042
3460817	Itambacuri	BR	21042
5970149	Haney	CA	21041
516931	Novy Oskol	RU	21035
8349354	Kirwan	AU	21034
5039094	New Hope	US	21032
12523317	Teliamura	IN	21032
3394813	Mirador	BR	21031
1273104	Devgadh Bāriya	IN	21030
1852102	Shin’ichi	JP	21030
202239	Gikongoro	RW	21029
8405691	Caohui	CN	21028
2636749	Stowmarket	GB	21028
3449045	São Jerônimo	BR	21028
2754408	Hendrik-Ido-Ambacht	NL	21027
1260129	Patharia	IN	21026
13132800	Yachiyo	JP	21026
1001736	Glencoe	ZA	21024
1266510	Kiraoli	IN	21024
7260548	Palm River-Clair Mel	US	21024
1260082	Patnāgarh	IN	21024
4094212	Trussville	US	21023
2464855	Tabursuq	TN	21022
1514792	Gazojak	TM	21021
2270981	Belas	PT	21019
652305	쿠라우카라	FI	21019
88380	Az Zuwaytīnah	LY	21015
459283	예캅필스	LV	21014
3408097	Alagoa Nova	BR	21013
1276152	Bhānpura	IN	21013
13353522	Perinjanam	IN	21012
6559503	l'Alfàs del Pi	ES	21011
13100484	Bangkit	SG	21010
3609742	Esquías	HN	21009
1814612	Shuren	CN	21009
12358573	Xinyingpan	CN	21008
2817818	Vaterstetten	DE	21007
1280006	Shigu	CN	21006
5145034	Woodrow	US	21005
2550547	Al Brouj	MA	21004
11184132	Anklav	IN	21003
2652861	Clevedon	GB	21002
2643218	Maesteg	GB	21001
11102685	Abrama	IN	21000
1078171	Ampasimanolotra	MG	21000
1818042	Anju	CN	21000
7874492	Freguesia do Ribeirao da Ilha	BR	21000
2647784	Guiseley	GB	21000
159647	Hedaru	TZ	21000
5991370	Keswick	CA	21000
3119739	La Felguera	ES	21000
3574309	Laventille	TT	21000
7100777	Mahdishahr	IR	21000
877702	Nachingwea	TZ	21000
3451357	Ribeirão da Ilha	BR	21000
6958792	Sanjianzai	CN	21000
1056531	Sitampiky	MG	21000
1056381	Soanindrariny	MG	21000
2478509	Taïbet	DZ	21000
149155	Usa River	TZ	21000
149143	Usangi	TZ	21000
1225187	Vakarai	LK	21000
2641168	노팅힐	GB	21000
1277844	Bagulā	IN	20999
4683317	Corinth	US	20998
2899601	Holzminden	DE	20998
112616	Ţorqabeh	IR	20998
1524958	Burunday	KZ	20996
585184	Sabunçu	AZ	20996
2817537	Versmold	DE	20996
3190359	솔린	HR	20996
6173508	Varennes	CA	20994
2421903	Dinguiraye	GN	20993
950709	Swellendam	ZA	20993
2463941	Zaouiet Sousse	TN	20992
5804191	Mountlake Terrace	US	20989
3466750	Cassilândia	BR	20988
2267141	Laranjeiro	PT	20988
4752229	Chester	US	20987
733579	Aytos	BG	20986
2565524	Mindouli	CG	20985
4400648	Nixa	US	20984
1270674	Gunnaur	IN	20980
4620131	East Ridge	US	20979
6693242	Bordon	GB	20978
1904188	Ji’an	CN	20978
6295498	Zürich (Kreis 3) / Sihlfeld	CH	20977
318766	Çermik	TR	20975
3449749	Santa Vitória	BR	20973
2921034	Germersheim	DE	20972
11549933	Lista	ES	20969
13645940	Makakilo-Makaīwa Hills-Kunia	US	20967
646723	Mäntsälä	FI	20966
537345	Dugulubgey	RU	20965
2800438	Chaudfontaine	BE	20960
2341580	Gaya	NG	20959
1260793	Pālakkodu	IN	20959
3664684	Caracaraí	BR	20957
2653520	Caterham	GB	20957
10453829	Sindi	IN	20956
3466901	Carmo do Rio Claro	BR	20954
3153823	Harstad	NO	20953
10910247	Chelora	IN	20952
3455638	Santa Bárbara	BR	20952
2478831	Tadmaït	DZ	20952
1258816	Rajpur	IN	20947
1261835	Nāravārikuppam	IN	20946
2295385	Shama Junction	GH	20946
3607294	Langue	HN	20944
3466255	Nova Xavantina	BR	20944
3175678	Guidonia	IT	20943
2249550	Koungneul Sossé	SN	20942
11549983	Concepción	ES	20941
2755669	Geertruidenberg	NL	20941
10630004	Shonai	JP	20940
11185837	Marthandam	IN	20938
161197	Basotu	TZ	20937
1712808	Goa	PH	20936
3671519	Puerto Carreño	CO	20936
1241076	Kataragama	LK	20935
2983074	루아시앙브리	FR	20933
2322495	Tambuwal	NG	20932
634093	토르니오	FI	20932
11549945	Fuente del Berro	ES	20929
3385592	Valença do Piauí	BR	20929
10918009	Ichinoe	JP	20927
2659070	Renens	CH	20927
4009697	El Grullo	MX	20924
11424018	Vinnamāla	IN	20924
3533486	Acajete	MX	20923
12156862	Rosedale-Moore Park	CA	20923
1257219	Sarauli	IN	20923
1462733	Adampur	IN	20922
1168652	Pad Idan	PK	20919
5528450	Plainview	US	20919
3445667	Urussanga	BR	20919
1277970	Badnāwar	IN	20917
5322553	Agoura Hills	US	20915
2521415	Baena	ES	20915
1067982	Bekily	MG	20915
4894465	Grayslake	US	20915
1510255	Berëzovka	RU	20913
2242647	Canacassala	AO	20913
196752	Hola	KE	20912
2155787	Narangba	AU	20910
733014	Botevgrad	BG	20909
13156738	Shōwa	JP	20909
1283496	Dailekh	NP	20908
1277338	Banga	IN	20906
9915333	Heli Mandi	IN	20906
10971153	Sendagi	JP	20906
538913	Kurchaloy	RU	20903
340938	Chelenko	ET	20900
3697838	Contamana	PE	20900
331872	Lumamē	ET	20900
227593	Ntungamo	UG	20900
344976	Ādīs ‘Alem	ET	20900
2852218	Prenzlau	DE	20899
4928703	Acton	US	20897
1274169	Chincholi	IN	20897
127415	Khomām	IR	20897
1173272	Kot Ghulam Muhammad	PK	20897
2267067	Linda-a-Velha	PT	20895
2661015	Dietikon	CH	20893
1864263	Echigawa	JP	20893
4977762	Sanford	US	20893
7176035	Silver Firs	US	20891
752184	Alaplı	TR	20890
3456816	Monte Santo de Minas	BR	20890
2546028	Imouzzer Kandar	MA	20884
2521456	Ayamonte	ES	20883
2979985	Saint-Genis-Laval	FR	20883
5120228	Hauppauge	US	20882
5849297	키헤이	US	20881
2058430	화이앨라	AU	20880
5847530	Kaimukī	US	20878
12640501	New Jeshwang	GM	20878
898947	Senanga	ZM	20878
5397376	South El Monte	US	20878
2624112	Birkerød	DK	20877
1269876	Hungund	IN	20877
5324903	Arvin	US	20876
12625364	Thaikkattussery	IN	20874
13353613	Bangawan	IN	20873
3517917	San Rafael	MX	20873
549373	Khot'kovo	RU	20872
3402538	Catarina	BR	20871
4862760	Johnston	US	20871
2978742	Saint-Louis	FR	20871
1267934	Kapasan	IN	20869
3024440	Cognac	FR	20868
4271935	Gardner	US	20868
12358802	Hongbao	CN	20868
5365425	Lathrop	US	20866
3105803	Vila-seca	ES	20866
3546894	Minas	CU	20863
2957886	Altena	DE	20862
5711789	애슐랜드	US	20861
632672	Valkeakoski	FI	20859
5172078	Sidney	US	20858
4986172	Birmingham	US	20857
11678557	Sālamedu	IN	20854
2522057	Alfafar	ES	20853
2831403	Sömmerda	DE	20853
734883	Oraiókastro	GR	20852
2819465	Unterhaching	DE	20852
1786291	Yongning	CN	20852
1276870	Barpāli	IN	20850
7870883	Cranston	CA	20850
1859400	Kisai	JP	20850
2634867	Wallington	GB	20850
3674572	Moniquirá	CO	20848
1818614	Tai Wo Hau	HK	20848
505014	Priyutovo	RU	20847
6534284	Tor Lupara	IT	20843
1270903	Gormi	IN	20841
2897132	Husum	DE	20841
4174600	Sweetwater	US	20840
13308487	Bandariba	CW	20838
2282189	Sahoua	CI	20838
1276615	Begūn	IN	20836
284011	Dūrā	PS	20835
3399539	Flores	BR	20835
3458902	Lajinha	BR	20835
2551147	Douar Toulal	MA	20831
1264986	Lawngtlai	IN	20830
5740900	Milwaukie	US	20830
1806316	Jiangkou	CN	20829
1860563	Kamiichi	JP	20827
13494613	Nandri	IN	20827
1272768	Dhing	IN	20826
3465639	Conselheiro Pena	BR	20824
2977952	생미셸쉬르오르주	FR	20824
11834214	Maai Mahiu	KE	20823
12718647	Mai	KE	20823
518602	Novomichurinsk	RU	20821
2513026	Pájara	ES	20821
11680724	Vadakarai Kīl Pidāgai	IN	20821
2111559	오바나자와 시	JP	20821
789045	Kriva Palanka	MK	20820
2274222	Saclepea	LR	20818
5774301	East Millcreek	US	20816
2514176	Maracena	ES	20815
3172979	Montecchio Maggiore-Alte Ceccato	IT	20815
5119019	Grand Island	US	20813
13546405	Saw Bwar Gyi Kone	MM	20811
2648319	Goole	GB	20810
3617513	Nandaime	NI	20810
8426050	Wrzeszcz Górny	PL	20810
2112108	Kumakura	JP	20808
2110538	Yanagawamachi-saiwaichō	JP	20807
1273880	Clement Town	IN	20806
4227777	Union City	US	20805
4794531	Woodlawn	US	20804
2638580	Sandhurst	GB	20803
3465767	Conceição da Feira	BR	20800
2112963	Edosaki	JP	20800
585226	Gazakh	AZ	20800
8629414	Malaba	UG	20800
229292	Mayuge	UG	20800
833258	Šuto Orizare	MK	20800
2464041	자구완	TN	20798
317587	Dargeçit	TR	20793
2790135	Nijlen	BE	20792
3647400	Camaguán	VE	20791
5923101	Clarence-Rockland	CA	20790
5166819	Piqua	US	20790
2268373	Falagueira	PT	20788
2930216	Engelskirchen	DE	20786
3524744	Las Margaritas	MX	20786
5367767	Lomita	US	20785
696660	Polonne	UA	20785
273203	Byblos	LB	20784
2247157	Nioro du Rip	SN	20784
12277238	Wanqiao Zhen	CN	20784
13526998	Kola'a	SB	20783
5950593	Evergreen	CA	20780
2909313	Haßloch	DE	20779
2511329	San Juan de Aznalfarache	ES	20779
2945798	Bothfeld	DE	20778
1218987	Halaç	TM	20778
4351887	Cockeysville	US	20776
682685	Carei	RO	20775
2709628	Gustavsberg	SE	20774
3690875	Virú	PE	20774
3098625	Gostyń	PL	20771
2904886	Hiddenhausen	DE	20771
2997712	롱쥐모	FR	20771
1255763	소네푸르	IN	20770
3676923	La Unión	CO	20769
12687208	Watté	CI	20769
7871320	Fergus	CA	20767
4577263	Easley	US	20765
3110516	Vilassar de Mar	ES	20764
1268627	Kaikalūr	IN	20763
671757	Orăştie	RO	20763
490466	소르타발라	RU	20760
2751808	Leerdam	NL	20758
2953545	Bad Berleburg	DE	20757
3531598	Capulhuac de Mirafuentes	MX	20757
1279126	Akhnūr	IN	20756
768218	Końskie	PL	20756
5128566	New Springville	US	20756
4503646	Pleasantville	US	20755
2144728	Wantirna South	AU	20754
1279027	Alībāg	IN	20752
1857062	Mino	JP	20749
3053590	Dombóvár	HU	20748
1267923	Kāpren	IN	20748
8405699	Gaofeng	CN	20747
5445820	Liberal	US	20746
2111008	Shisui	JP	20745
943937	Villiers	ZA	20745
3030303	Bressuire	FR	20743
5102369	팰리세이즈파크	US	20743
141673	Bandar-e Gaz	IR	20742
2520968	Bétera	ES	20740
4539615	Jenks	US	20740
13353521	Muthukulam	IN	20740
8428283	Shoham	IL	20740
10885305	Bhadauni	IN	20739
3058268	Partizánske	SK	20739
2280405	Tortiya	CI	20738
1279005	Alīpur	IN	20736
3178398	Colleferro	IT	20736
5124045	Latham	US	20736
4595864	Simpsonville	US	20736
3167509	Sant'Anastasia	IT	20733
4832425	대리엔	US	20732
2805910	Wülfrath	DE	20731
1914965	Heqing	CN	20729
5267403	Pleasant Prairie	US	20726
563524	옐렉트로고르스크	RU	20724
2647383	Harwich	GB	20723
3939023	Huaura	PE	20723
3589852	San Lucas Sacatepéquez	GT	20723
10525684	Achampet	IN	20721
13353435	Ghorabandha	IN	20718
1710531	Irosin	PH	20716
118024	Katālem va Sādāt Shahr	IR	20716
2930030	Ennigerloh	DE	20713
2962334	네이스	IE	20713
3690431	Aguadas	CO	20712
6111632	Port Alberni	CA	20712
3056708	Vrakuňa	SK	20711
3624509	Calle Blancos	CR	20710
6545249	핌리코	GB	20709
3714734	Ancón	PA	20706
3464694	Divino	BR	20706
13680020	Lĩnh Nam	VN	20706
3874579	푸랑케	CL	20705
2438974	Tchin Tabaradèn	NE	20704
13353520	Koduvayur	IN	20703
1013067	Coligny	ZA	20701
13526897	NoMa	US	20700
3670849	Retiro	CO	20700
328069	Suntu	ET	20700
2970432	Vauréal	FR	20699
8623183	Çubuklu	TR	20698
3467908	Campestre	BR	20696
2875846	Loschwitz	DE	20696
4018761	Allende	MX	20694
648056	Lieto	FI	20694
3171562	Palo del Colle	IT	20692
2733352	Trofa	PT	20692
4983811	Adrian	US	20691
4557109	Chambersburg	US	20691
4078646	Mountain Brook	US	20691
11488277	Sāmalāpuram	IN	20691
683394	부프테아	RO	20691
3665895	Villeta	CO	20689
181122	Rongo	KE	20688
2219591	An Nāşirīyah	LY	20687
1274899	Chākia	IN	20686
12687204	Touih	CI	20686
108918	Qaisumah	SA	20685
2816607	Volksdorf	DE	20685
1268902	Jining	IN	20684
1818883	Shek O	HK	20683
1819980	첵취	HK	20683
188080	Makueni Boma	KE	20681
2129005	Namioka	JP	20681
12188858	Giardinetti-Tor Vergata	IT	20680
3514409	Xonacatlán	MX	20680
329586	Robīt	ET	20679
4177872	West Melbourne	US	20679
2997626	롱르소니에	FR	20678
486071	Surovikino	RU	20677
6176421	Wasaga Beach	CA	20675
3595783	Esquipulas	GT	20674
3404355	Cachoeirinha	BR	20673
1835967	Jenzan	KR	20673
1791036	Wuqiao	CN	20672
2387546	Bozoum	CF	20665
790744	게브겔리야	MK	20664
3119746	A Estrada	ES	20661
3489760	Linstead	JM	20660
2284679	Aboisso Comoé	CI	20659
2933364	Edewecht	DE	20658
4890507	East Garfield Park	US	20656
166111	Qārah	SY	20656
1793674	Shanghe	CN	20654
2986732	Ploemeur	FR	20652
5134453	Rotterdam	US	20652
2143887	Wheelers Hill	AU	20652
2653235	Chesham	GB	20649
3009071	라니쉬르마른	FR	20649
5364782	Lakeside	US	20648
2473531	Métouia	TN	20648
1276159	Bhanjanagar	IN	20647
9534958	Kalihi Valley	US	20647
3117539	Manlleu	ES	20647
5713759	Bethany	US	20646
1253599	Vadāli	IN	20646
3062283	Vyškov	CZ	20645
3390490	Riacho das Almas	BR	20639
3046768	Paks	HU	20638
4161424	Lake Worth Corridor	US	20635
6620444	Gerrards Cross	GB	20633
876961	Ndiyona	NA	20633
612126	Samtredia	GE	20633
8400052	Heqian	CN	20632
5410129	Winter Gardens	US	20631
678978	Drăgăşani	RO	20630
2569660	Oyo	CG	20630
3792375	Carepa	CO	20627
685586	Balş	RO	20626
5125011	록포트	US	20624
2785622	Tervuren	BE	20623
4516412	레버넌	US	20623
4599937	Wade Hampton	US	20622
6695465	koppana Agrahara	IN	20622
3865385	Arroyo Seco	AR	20620
2343512	Elele	NG	20620
1264602	Madattukkulam	IN	20620
2975349	Sedan	FR	20620
3166753	Senago	IT	20620
1172059	Lawa	PK	20619
2947214	Bockum	DE	20617
3457818	Maraú	BR	20617
12047628	Rejon ulicy Traugutta	PL	20617
1270627	Gurmatkāl	IN	20614
2902852	Hockenheim	DE	20614
3457950	Manhumirim	BR	20613
4713507	Murphy	US	20610
3646316	Casanay	VE	20609
6317114	Fátima do Sul	BR	20609
4852640	Coralville	US	20608
3089582	Ozorków	PL	20608
2961423	슬라이고	IE	20608
3468657	Governador Mangabeira	BR	20605
3460516	Itupeva	BR	20605
1272860	Dhāriwāl	IN	20604
4154489	Ensley	US	20602
2920834	Geseke	DE	20602
2829758	Stadtlohn	DE	20602
8724987	Ea Drăng	VN	20600
9921442	Evka-Üç	TR	20600
326259	Were Īlu	ET	20600
1845142	주문진	KR	20600
2908032	Heide	DE	20599
2798023	Frameries	BE	20598
10922733	Patuvilāyi	IN	20598
672862	Moreni	RO	20596
723195	Vranov nad Topľou	SK	20595
2637104	스탬퍼드	GB	20592
3180240	Casal di Principe	IT	20589
13157001	Dayal Pur	IN	20589
1255078	Talwandi Sābo	IN	20589
575948	Bobrov	RU	20587
1269545	Jahāzpur	IN	20586
2636767	Stourport-on-Severn	GB	20586
791678	Ćuprija	RS	20585
6122758	Riverview	CA	20584
1256959	Sāvda	IN	20584
3176203	Genzano di Roma	IT	20582
2953374	Bad Rappenau	DE	20581
2648290	Gorseinon	GB	20581
3668028	Silvania	CO	20581
4550881	Sapulpa	US	20579
1538648	Toktogul	KG	20577
3101795	Chełmno	PL	20576
1867927	T’ongch’ŏn-ŭp	KP	20575
1697773	New Corella	PH	20574
2650023	일리	GB	20574
142554	Hashtrūd	IR	20572
11463126	Vadakakarai	IN	20571
11549964	Castillejos	ES	20570
13513180	Renfrew Heights	CA	20570
2164422	Griffith	AU	20569
2363490	Vogan	TG	20569
1277745	Viratnagar	IN	20568
2950294	Bergneustadt	DE	20567
1276495	벨산드	IN	20566
1257508	Sāmpla	IN	20563
1253363	Vasind	IN	20561
3843619	Morteros	AR	20558
2503237	Boudjima	DZ	20557
2501289	Chorfa	DZ	20556
6691219	Failsworth	GB	20555
2771335	Mödling	AT	20555
5323694	American Canyon	US	20554
3392738	Paulistana	BR	20554
1266475	Kishtwār	IN	20553
5397777	South San Jose Hills	US	20551
2257879	Makoua	CG	20550
4673425	벨턴	US	20547
2661653	Baar	CH	20546
1575963	Liễu Giai	VN	20546
2641913	Nailsea	GB	20543
2521855	Almoradí	ES	20542
2127910	Takanosu	JP	20542
1791493	Wenheng	CN	20542
8199394	Ariel	IL	20540
3632260	Michelena	VE	20539
4038794	Yigo Village	GU	20539
1814385	Daguan	CN	20538
5322551	Agoura	US	20537
2648945	Gainsborough	GB	20537
3183494	Acquaviva delle Fonti	IT	20536
2516860	Guía de Isora	ES	20536
1789181	Xincheng	CN	20535
681179	Codlea	RO	20534
154470	Mazinde	TZ	20534
1279382	Achhnera	IN	20532
1278181	Attibele	IN	20532
1609345	Kuchinarai	TH	20532
2989297	오를리	FR	20528
1275974	Bhikkiwind Uttār	IN	20526
2646317	Hythe	GB	20526
516576	Nytva	RU	20525
2742504	Baião	PT	20522
731108	Gotse Delchev	BG	20522
3397903	Itapiúna	BR	20520
2810969	Werdau	DE	20520
1274195	Chillupār	IN	20518
8348078	Wyndham Vale	AU	20518
1818845	Sheung Shui	HK	20514
10265937	Tilpat	IN	20514
1275694	Bijāwar	IN	20513
4500688	Bayville	US	20512
2780361	Eggenberg	AT	20511
2514288	Mairena del Alcor	ES	20510
2511752	Rojales	ES	20510
2943573	Bruchköbel	DE	20509
12450950	Zhongshan	CN	20509
988290	Komatipoort	ZA	20508
2473826	Bekalta	TN	20506
7870782	Moss Park	CA	20506
1790938	Wutongshu	CN	20506
2924206	Fröndenberg	DE	20504
146638	Égkomi	CY	20502
3662009	Tapauá	BR	20501
232526	Kaliro	UG	20500
12640458	Kercha	ET	20500
229708	Lwakyomba	UG	20500
8572256	Mehdiabad	AZ	20500
1261531	Nellimarla	IN	20498
3673902	Neira	CO	20495
6179226	Westmount	CA	20494
2523938	Pachino	IT	20493
1517637	Ushtobe	KZ	20492
1724936	Binondo	PH	20491
5992830	Kirkland	CA	20491
3176053	Giulianova	IT	20490
3597078	El Estor	GT	20489
12489685	Xinglong	CN	20489
2756161	Elst	NL	20488
2544821	Karia Ba Mohamed	MA	20487
1907960	Baijiawan	CN	20486
3666519	Villa de San Diego de Ubaté	CO	20485
1619369	Bang Pa-in	TH	20484
1264455	Maham	IN	20484
4347371	Arbutus	US	20483
568808	Chernogolovka	RU	20483
3467400	Capanema	BR	20481
4326868	Hammond	US	20480
1926150	Haramachi	JP	20480
3987500	San Buenaventura	MX	20480
3392272	Peritoró	BR	20479
6317734	Nova Esperança do Piriá	BR	20478
3689026	Becerril	CO	20477
1734409	Bagan Serai	MY	20476
2906199	Herborn	DE	20473
2267131	Laranjeiro	PT	20473
665003	Târgu Neamţ	RO	20473
352250	Mīt Abū Ghālib	EG	20470
7347732	Chengjiao	CN	20469
2538027	Reçani	MA	20469
310004	Karaçoban	TR	20467
306474	Korkuteli	TR	20465
3595725	플로레스	GT	20464
1539209	Gubkinskiy	RU	20463
3685733	Cota	CO	20462
1263730	Maniar	IN	20462
12626176	Ile-des-Soeurs	CA	20461
1513555	Kirguli	UZ	20459
1285002	Ye-u	MM	20458
491480	소빈카	RU	20458
4004092	Jaral del Progreso	MX	20457
3617095	Rama	NI	20456
3670587	Rovira	CO	20452
3792385	San Martín	CO	20452
13645944	Schofield-Wheeler	US	20452
1252744	Yellāpur	IN	20452
2653945	Camborne	GB	20450
1574257	Mường Lay	VN	20450
2180118	Wainuiomata	NZ	20450
554410	Kalach	RU	20449
3459452	Junqueirópolis	BR	20448
1942269	Rongxi	CN	20448
3455089	Paraisópolis	BR	20445
2661338	Bülach	CH	20443
2639317	Risca	GB	20443
10922727	Keevallur	IN	20440
10926750	Nangli	IN	20440
3388567	São Joaquim do Monte	BR	20438
4899739	Libertyville	US	20436
3167104	Sarzana	IT	20435
2360855	Fara Department	BF	20434
3589671	San Pablo Jocopilas	GT	20433
2512251	La Pobla de Vallbona	ES	20431
1914250	Shilong	CN	20431
3181790	Borgomanero	IT	20430
2647637	Halewood	GB	20430
3041563	안도라라베야	AD	20430
355174	Jarājūs	EG	20427
2861733	Nottuln	DE	20427
1276686	Baud	IN	20424
3397877	Itatira	BR	20424
1261378	Nīmāj	IN	20424
11980142	São Pedro	BR	20424
265500	Aígio	GR	20422
2283646	Niablé	CI	20422
1856828	Miyata	JP	20421
8858106	Terrazas del Valle	MX	20421
13353679	Korochi	IN	20420
1254131	Tufānganj	IN	20420
956767	Secunda	ZA	20418
1260156	파타우디	IN	20418
2173125	Burnie	AU	20417
1272819	Dhārūr	IN	20417
709755	Dolyna	UA	20417
1529594	Beitun	CN	20414
3458881	Lambari	BR	20414
3866425	Albardón	AR	20413
3445690	Uruçuca	BR	20413
2851343	Quickborn	DE	20410
946128	eMkhomazi	ZA	20410
4277241	Pittsburg	US	20409
4521816	Portsmouth	US	20409
1683800	Taloc	PH	20409
3460450	Jaboticatubas	BR	20406
2043531	갑산읍	KP	20406
5914653	Camrose	CA	20405
657530	Hollola	FI	20405
10892271	Pariyāram	IN	20405
3061695	Žďár nad Sázavou	CZ	20404
5353530	Granite Bay	US	20402
584871	Tartar	AZ	20400
327544	Tīlīlī	ET	20400
1260553	French Rocks	IN	20399
3460831	Itajuípe	BR	20398
4932819	Charlestown	US	20397
5429522	Louisville	US	20396
1783701	Zishui	CN	20396
3457854	Maracás	BR	20393
13494092	Sena Nikhom	TH	20393
3446971	Tanhaçu	BR	20393
3470744	Barra da Estiva	BR	20392
6318041	Potim	BR	20392
1851494	Suibara	JP	20392
2258248	Loudima	CG	20391
2657471	Alloa	GB	20390
3563908	Cojímar	CU	20390
692254	Sukhodilsk	UA	20390
1819726	Hong Lok Yuen	HK	20389
13527189	Mafemani	ZA	20389
347289	Timayy al Imdīd	EG	20389
317588	Darende	TR	20388
3460542	Itororó	BR	20388
3390295	Rio Formoso	BR	20388
7284837	Budapest XXIII. kerület	HU	20387
4565564	Humacao	PR	20387
3583158	Sensuntepeque	SV	20386
1783858	Zhuoshui	CN	20386
10447536	Ahīwāra	IN	20384
2641616	Newmarket	GB	20384
3699484	Bagua Grande	PE	20382
5039675	Northfield	US	20380
3569926	Sainte-Marie	MQ	20380
743624	Kaynaşlı	TR	20379
6558039	Rheinstetten	DE	20378
5168491	Rocky River	US	20376
3460197	Jaguaruna	BR	20375
2860080	Oberkirch	DE	20375
4405180	Raymore	US	20374
2787048	Schilde	BE	20373
693301	Sokal	UA	20373
3689206	Barbosa	CO	20372
10347914	Bāda	IN	20372
4143637	Middletown	US	20372
10347952	Sarwar	IN	20372
2414170	Yende Millimou	GN	20372
684612	Blaj	RO	20371
6318271	Santa Luzia do Pará	BR	20370
2270184	Carcavelos	PT	20366
2810919	Werdohl	DE	20366
4470244	Havelock	US	20364
11185179	Edavilangu	IN	20363
2833079	Senden	DE	20363
2636071	Tewkesbury	GB	20360
2236716	Tombôco	AO	20358
1269019	Jhālu	IN	20356
6054350	린지	CA	20354
3613394	Cofradía	HN	20353
2861914	뇌르틀링겐	DE	20352
2228675	Mamfe	CM	20350
4327047	Harvey	US	20348
3408421	Abaré	BR	20347
115382	Sharīfābād	IR	20347
6746932	Mahājerān	IR	20346
925596	Mwanza	MW	20345
3392731	Paulo Ramos	BR	20341
2251230	Guinguinéo	SN	20340
6185377	옐로나이프	CA	20340
13353518	Killannur	IN	20339
1262497	Mundra	IN	20338
1702032	Manay	PH	20336
12808657	Saint-Vincent de Paul	FR	20336
3477430	Bombinhas	BR	20335
2525070	Castrovillari	IT	20334
3401419	Cuité	BR	20334
1735147	Hulu Yam Lama	MY	20334
8417603	Longfeng	CN	20334
3390581	Riachão	BR	20334
2746133	Tubbergen	NL	20334
6620293	Yateley	GB	20334
4937557	Gardner	US	20333
1788974	Xinglong	CN	20333
1850878	Takedamachi	JP	20332
5423294	Golden	US	20330
656820	이살미	FI	20330
3388442	São José de Piranhas	BR	20329
3456864	Monte Azul	BR	20328
2395477	Avrankou	BJ	20326
1277759	Byndoor	IN	20323
4890075	Douglas	US	20323
1274618	Chāpar	IN	20322
2529362	Tata	MA	20322
2249901	Khombole	SN	20321
134781	Farrāshband	IR	20320
10062600	Pilaitė	LT	20320
2766447	Sankt Peter	AT	20320
3984679	Santa Anita	MX	20320
4186531	Cartersville	US	20319
11185658	Kondalampatti	IN	20318
5146055	애슐랜드	US	20317
8425975	Przedmieście Oławskie	PL	20316
3616232	소모토	NI	20316
3079129	Bohumín	CZ	20315
7315237	Oakleaf Plantation	US	20315
2413915	Bakoti	GM	20314
3660152	Boca Suno	EC	20313
3078837	Brandýs nad Labem-Stará Boleslav	CZ	20313
2986302	Pontarlier	FR	20313
2634617	Wednesbury	GB	20313
2622306	Farum	DK	20312
645211	Naantali	FI	20312
2924360	Friesoythe	DE	20311
1571725	Thị Trấn Nước Hai	VN	20309
4374513	Affton	US	20307
3624468	Cañas	CR	20306
11549778	Provenals del Poblenou	ES	20306
785965	Senta	RS	20302
364621	Umm Shawkah	SD	20302
8347657	Dalap-Uliga-Dorrit	MH	20301
147288	Saatlı	AZ	20300
2640349	피터리	GB	20300
1735851	Maradong	MY	20299
3027453	Chamalières	FR	20298
2329946	Monguno	NG	20297
4568917	Yauco	PR	20295
2911584	Haldensleben I	DE	20294
3104132	Aleksandrów Łódzki	PL	20292
5385793	라모나	US	20292
2380954	Bogué	MR	20291
2794117	Kontich	BE	20290
1276660	Bawāni Khera	IN	20289
1276764	Basi	IN	20288
2965529	Celbridge	IE	20288
5111141	Cambria Heights	US	20287
1860256	Kanaya	JP	20286
11556989	Ālampālaiyam	IN	20286
725988	벨린그라드	BG	20286
3714932	Alcalde Díaz	PA	20285
13607979	Centro	IT	20285
2291929	Bécédi-Brignan	CI	20284
1283082	Malaṅgawā	NP	20284
3449194	São Felipe	BR	20283
5703670	Elko	US	20279
5097627	Elmwood Park	US	20279
3450710	Salgado	BR	20279
3402164	Chorozinho	BR	20274
3559318	Esmeralda	CU	20274
3471840	Aragarças	BR	20273
104578	Mahd adh Dhahab	SA	20272
3046888	Oroszlány	HU	20271
2247684	Ndioum	SN	20270
5121026	Hollis	US	20269
12689069	Fairview Park	HK	20268
2272187	Alcântara	PT	20267
2994087	Meylan	FR	20267
571155	부인스크	RU	20266
552924	Karachayevsk	RU	20264
3545867	누에바헤로나	CU	20264
3452671	Porto Real do Colégio	BR	20262
10503881	Umbri	IN	20262
3865840	Añatuya	AR	20261
756868	Tomaszów Lubelski	PL	20261
2182311	Stoke	NZ	20260
5110309	Brooklyn Heights	US	20256
3464044	Ervália	BR	20255
2920891	Gersthofen	DE	20254
152497	Muriti	TZ	20254
13132733	Ntandabale	ZM	20254
1252887	Wellington	IN	20254
1270343	Hārij	IN	20253
5306611	Nogales	US	20252
1726765	Baras	PH	20250
3468802	Buri	BR	20250
2537610	Sebt Gzoula	MA	20248
5166184	Parma Heights	US	20246
5363859	라카냐다플린트리지	US	20246
1715812	Danao	PH	20245
1849594	Tsuruda	JP	20243
154566	Matui	TZ	20241
3084415	Strzelce Opolskie	PL	20241
3682232	Galeras	CO	20239
3057769	Šaľa	SK	20239
13353373	Raipur Domana	IN	20238
1621020	Aranyaprathet	TH	20236
2783293	Zele	BE	20236
2146827	Thomastown	AU	20234
3662927	Pauini	BR	20232
18918	Protaras	CY	20230
2652995	시런세스터	GB	20229
3051621	Hatvan	HU	20228
1256783	Settūr	IN	20228
2511930	Requena	ES	20227
2332871	Kwale	NG	20226
4543352	Mustang	US	20226
4782864	Rose Hill	US	20226
2111495	Ōhara	JP	20226
1810963	Fulu	CN	20225
3661894	Tonantins	BR	20224
3120811	Hernani	ES	20222
6943560	Kallangur	AU	20222
2992863	Montceau-les-Mines	FR	20221
1259905	Penukonda	IN	20220
1252980	Waluj Buzurg	IN	20220
2911964	Haiger	DE	20218
5115989	East Northport	US	20217
1465829	Kotivakkam	IN	20217
8394392	Marina di Ardea-Tor San Lorenzo	IT	20216
1255635	Srīnagar	IN	20216
2817105	Vlotho	DE	20214
3401564	Quiterianópolis	BR	20213
2959441	Adlershof	DE	20210
3614975	Azacualpa	HN	20210
3651694	San Lorenzo de Esmeraldas	EC	20209
2803723	Zülpich	DE	20208
3556351	Jaruco	CU	20207
1529574	Burqin	CN	20205
3130383	Algete	ES	20204
8310136	Tel Sheva‘	IL	20204
2920620	Giengen an der Brenz	DE	20201
6232235	Epsom	NZ	20200
13589474	Saperna Slobidka	UA	20200
692632	Stebnyk	UA	20200
1513600	Xo‘jaobod	UZ	20200
746898	Geyve	TR	20199
5352350	Glen Avon	US	20199
3526138	San Antonio de la Cal	MX	20198
2947739	Blieskastel	DE	20197
3453242	Pompéia	BR	20196
2362150	Boromo	BF	20193
13156928	Kataiya	IN	20193
2524084	Monserrato	IT	20193
3578447	Sainte-Rose	GP	20192
2613731	Skive	DK	20190
2746504	Tegelen	NL	20190
6929992	Berkel en Rodenrijs	NL	20189
2641589	Newquay	GB	20189
1261285	Nirmāli	IN	20189
4491180	Shelby	US	20189
4342816	Sulphur	US	20189
1255381	Surajpur	IN	20189
3385674	Uruburetama	BR	20189
294608	Kafr Mandā	IL	20188
1583752	Thị Trấn Đất Đỏ	VN	20187
1819394	Ma Tau Wai	HK	20185
1851068	Takanabe	JP	20185
1014012	Carolina	ZA	20184
2276600	Greenville	LR	20184
610864	Zestaponi	GE	20183
2521510	Aspe	ES	20180
4838887	Montville Center	US	20180
2487852	Mers el Kebir	DZ	20178
1851952	Shiozawa	JP	20178
2815487	Waghäusel	DE	20178
2270377	Camarate	PT	20177
4992635	Ferndale	US	20177
8349222	Punchbowl	AU	20174
3635260	Las Vegas	VE	20172
3014034	Halluin	FR	20171
2514651	Los Llanos de Aridane	ES	20171
11441185	Puliyankannu	IN	20171
2807344	Wittenberge	DE	20171
3147698	레방에르	NO	20171
2647246	Hazel Grove	GB	20170
3456880	Monte Alegre de Minas	BR	20170
1491159	Sredneuralsk	RU	20169
1262734	Morwa	IN	20168
2244786	Thiadiaye	SN	20168
292953	Adh Dhayd	AE	20165
3859512	Deán Funes	AR	20164
122864	Najafshahr	IR	20164
1734745	Alor Gajah	MY	20163
10922743	Pāttyam	IN	20161
5048033	South Saint Paul	US	20160
3119536	Lalín	ES	20158
3896924	카녜테	CL	20158
1690570	Sampaloc	PH	20157
3682313	Frontino	CO	20156
5736378	Lents	US	20156
4163049	Lynn Haven	US	20156
3457358	Medina	BR	20156
5123840	Lake Ronkonkoma	US	20155
2638568	Sandown	GB	20155
2814883	Waldkirch	DE	20155
1268615	Kaimori	IN	20154
3493769	Río Grande	DO	20154
593733	우크메르게	LT	20154
1565969	Thị Trấn Thất Khê	VN	20153
2863795	Neu Wulmstorf	DE	20150
6332745	Millburn	US	20149
2304389	Apam	GH	20147
1263309	Mau	IN	20147
1091197	Iapala	MZ	20146
3451709	Regente Feijó	BR	20145
2983489	리옹	FR	20142
13353517	Pudussery West	IN	20140
104923	Khulayş	SA	20139
4585000	Lexington	US	20138
1807259	Huangshan	CN	20136
5202765	Murrysville	US	20134
2801150	Braine-le-Comte	BE	20133
4352681	컴벌랜드	US	20130
2905290	Hessisch Oldendorf	DE	20129
2113149	Ajiki	JP	20127
4001056	La Orilla	MX	20126
1508161	Cherepanovo	RU	20125
3025314	Chevilly-Larue	FR	20125
1263306	Mau Aimma	IN	20123
11461739	Chinnavādampatti	IN	20122
3470137	Belmonte	BR	20121
4734350	Stephenville	US	20120
1271965	Fālākāta	IN	20119
2863712	Nidderau	DE	20119
2652544	Colne	GB	20118
1861838	Iiyama	JP	20118
9948272	Sekong	LA	20116
3057692	세네츠	SK	20115
3648685	Bailadores	VE	20113
321572	Belen	TR	20113
2701727	Karlshamn	SE	20112
312899	Hadim	TR	20110
11563145	Sūleswaranpatti	IN	20104
479933	Tyrnyauz	RU	20104
2882318	Kürten	DE	20103
5165734	Oregon	US	20102
2127955	스나가와 시	JP	20102
7315412	Eastmont	US	20101
229580	Mabare	UG	20100
344928	Ādīs K’idamē	ET	20100
3184271	Rrashbull	AL	20099
3178074	Cornaredo	IT	20098
1272802	Dhaurahra	IN	20098
3453827	Pindobaçu	BR	20098
3626237	Timotes	VE	20098
3563856	Colombia	CU	20096
1267173	Khairāgarh	IN	20095
1264198	Maksi	IN	20094
3996030	Mezcales	MX	20092
1848143	Yotsutsuji	JP	20092
5002344	먼로	US	20092
3453956	Nova Hartz	BR	20088
1510450	Beloyarskiy	RU	20087
6317383	Jijoca de Jericoacoara	BR	20087
1519226	Shemonaikha	KZ	20087
3470369	Barroso	BR	20080
1278539	Annur	IN	20079
137929	Dārān	IR	20078
2300883	Foso	GH	20078
4151460	Coconut Grove	US	20076
5218802	West Mifflin	US	20075
12358574	Shilongba	CN	20074
4558442	Haddington	US	20073
3522804	Naranjos	MX	20073
504042	푸시치노	RU	20072
1259251	Pulwama	IN	20071
665000	트르구세쿠이에스크	RO	20067
704204	Lyman	UA	20066
1256027	Sirumugai	IN	20066
1516519	Zhosaly	KZ	20065
12157092	El Pedregal	PE	20063
315621	Emirdağ	TR	20063
12808674	Croulebarbe	FR	20062
3458390	Lucélia	BR	20061
3447929	Schroeder	BR	20061
10337414	Singānuram	IN	20061
12358575	Hongqiao	CN	20060
2315026	Kasongo-Lunda	CD	20060
502540	Rayevskiy	RU	20060
2653393	Chalfont Saint Peter	GB	20059
1273166	Dergaon	IN	20059
2801226	Boussu	BE	20058
2287980	Guézon	CI	20057
2287981	Guézon	CI	20057
2034325	Tuqiang	CN	20056
6941014	폰타델가다	PT	20056
1852192	Shimosuwa	JP	20055
1795811	Rensha	CN	20054
3398457	Hidrolândia	BR	20053
10792592	Cheppad	IN	20052
1505438	Isil’kul’	RU	20050
151363	Nsunga	TZ	20049
1682472	Ternate	PH	20049
365742	Torit	SS	20048
2654141	벅스턴	GB	20048
680897	Corabia	RO	20047
5931800	Cranbrook	CA	20047
1266649	Khowai	IN	20046
2850253	Rastede	DE	20046
1606270	Sing Buri	TH	20046
3671437	Puerto Leguízamo	CO	20045
6295504	Zürich (Kreis 6) / Unterstrass	CH	20045
1270863	Govardhan	IN	20044
2390694	Abba	CF	20043
2797532	Gilly	BE	20043
7662813	Mahembe	RW	20043
5803457	Mill Creek	US	20043
1257259	Saraipali	IN	20043
11184590	Paravai	IN	20042
3128824	Barañáin	ES	20039
4167424	Pace	US	20039
739215	Sürmene	TR	20039
3168236	San Giovanni Lupatoto	IT	20038
108655	‘Inak	SA	20038
1808769	Hebian	CN	20037
1020340	Belfast	ZA	20036
3176589	Frascati	IT	20036
2394111	Glazoué	BJ	20036
3127047	Calatayud	ES	20035
4518188	Miamisburg	US	20034
3666936	Tolú Viejo	CO	20033
2815678	Wachtberg	DE	20032
3178087	Cormano	IT	20031
3527880	Emiliano Zapata	MX	20030
933777	Gabane	BW	20027
2657337	Ampthill	GB	20026
13118055	Bukit Beruntung	MY	20023
2926120	Flörsheim	DE	20023
1860026	Karuizawa	JP	20023
4167601	Palm Valley	US	20019
4406282	Rolla	US	20019
5814043	Tukwila	US	20018
2748371	Raalte	NL	20015
2835260	Schwanewede	DE	20015
3164440	Viadana	IT	20013
235751	Chitipa	MW	20011
2753010	Katwijk aan Zee	NL	20010
1267121	Khalāri	IN	20010
2869019	Mössingen	DE	20010
3452330	Presidente Getúlio	BR	20010
119264	Qīr	IR	20010
963525	Queensdale	ZA	20009
1258292	Rāya	IN	20008
2071059	Gawler	AU	20006
2904985	Heusweiler	DE	20006
3445939	Tupanciretã	BR	20005
3079273	Blansko	CZ	20002
11288660	Aurora	IT	20001
1732892	Batang Berjuntai	MY	20001
702417	Liubotyn	UA	20001
3165198	Trezzano sul Naviglio	IT	20001
418950	Abrīsham	IR	20000
581928	Andreyevskoye	RU	20000
359480	Az Zaynīyah Qiblī	EG	20000
8045596	Baki	SO	20000
1735074	Batu Feringgi	MY	20000
7087175	Bedugul	ID	20000
574675	Bol’shaya Setun’	RU	20000
6620355	Bowthorpe	GB	20000
2623340	Brøndbyvester	DK	20000
276359	Bsharri	LB	20000
6316729	Campinas	BR	20000
145872	Cassanguidi	AO	20000
823674	Dagomys	RU	20000
13118230	Desa Petaling	MY	20000
60809	Diinsoor	SO	20000
3367877	Franschhoek	ZA	20000
2394227	Ganvié	BJ	20000
338123	Golwayn	ET	20000
2647550	Hampton	GB	20000
233194	Iryango	UG	20000
248803	Judita	JO	20000
6819209	Kampung Hutan Arau	MY	20000
1764685	Kampung Selang	MY	20000
551835	Kastanayevo	RU	20000
6947168	Kempston Hardwick	GB	20000
549424	Khosta	RU	20000
2645420	Kingswinford	GB	20000
158324	Kiratu	TZ	20000
8504955	Krestovskiy ostrov	RU	20000
8504417	La Defense	FR	20000
648635	Lauttasaari	FI	20000
2695019	Limhamn	SE	20000
155077	Makuyuni	TZ	20000
13132459	Matongo	TZ	20000
153871	Mikumi	TZ	20000
6615443	Montecanal	ES	20000
152632	Muheza	TZ	20000
8629192	Natahoyo	ES	20000
4714149	New Caney	US	20000
519711	Novaya Derevnya	RU	20000
182498	Ogembo	KE	20000
1734769	Pelabuhan Klang	MY	20000
2639998	Portslade	GB	20000
6324621	Powai	IN	20000
1260615	Pāmūru	IN	20000
3206590	Riehen	CH	20000
877433	Ruangwa	TZ	20000
500843	Rublëvo	RU	20000
2523535	Sambiase	IT	20000
2766522	Sankt Martin	AT	20000
1257093	Sawar	IN	20000
496456	Setun’	RU	20000
491895	Slobodka	RU	20000
1412851	Sook Kalan	PK	20000
2746860	Stadskanaal	NL	20000
1538533	Sultonobod	UZ	20000
1880226	Sungai Simpang	SG	20000
113723	Surian	IR	20000
1164245	Surkhpur	PK	20000
877391	Tandahimba	TZ	20000
6162703	Templeton-Est	CA	20000
12625526	Tropicana Indah	MY	20000
3445912	Turmalina	BR	20000
13494195	Vinhomes Royal City	VN	20000
857689	Vnukovo	RU	20000
2013258	Vrangel’	RU	20000
756004	Wesoła	PL	20000
6184206	Woodlawn	CA	20000
464176	Zavety Il’icha	RU	20000
6723020	Zhuravlivka	UA	20000
3534632	바라데로	CU	20000
4795467	샬럿아말리에	VI	20000
380308	아비에이	SD	20000
563522	옐렉트로우글리	RU	20000
3576812	캐스트리스	LC	20000
1244926	함반토타	LK	19999
4152926	DeBary	US	19998
2412786	Kunkujang	GM	19998
2612629	Stenløse	DK	19998
2801447	Bornem	BE	19997
3530590	Ciudad Miguel Alemán	MX	19997
2980467	Sainte-Marguerite	FR	19997
1276502	Belonia	IN	19996
3467445	Cantagalo	BR	19996
5100706	Lyndhurst	US	19996
3349181	Cuemba	AO	19995
1879682	안악	KP	19995
5254218	Germantown	US	19993
4899170	Lake Zurich	US	19993
2240975	Golungo Alto	AO	19992
3669461	San Juan de Urabá	CO	19992
3558744	Fomento	CU	19991
135053	Evaz	IR	19987
12440503	Arewusitang	CN	19986
4103448	Bryant	US	19986
4154606	Eustis	US	19986
1851542	Sueyoshichō-ninokata	JP	19986
4738574	Universal City	US	19986
3686793	Chaparral	CO	19982
2802743	Balen	BE	19978
3466708	Castilho	BR	19977
2615961	Nykøbing Falster	DK	19976
1830564	Kratié	KH	19975
289698	Nu‘ayjah	QA	19975
3445418	Vazante	BR	19975
2795113	이	BE	19973
9972517	Cranbourne West	AU	19969
13132744	Hirokawa	JP	19969
1255212	타카푸르	IN	19968
4302504	Newburg	US	19967
2757890	Cranendonck	NL	19966
762199	Pionki	PL	19966
5195561	존스타운	US	19966
2800220	Colfontaine	BE	19964
3446550	Tibagi	BR	19961
2894755	Johannisthal	DE	19960
1255482	술리아	IN	19958
2442248	Kollo	NE	19957
466989	Yessentukskaya	RU	19956
2982967	Romorantin-Lanthenay	FR	19953
4596208	Socastee	US	19952
8425987	Biskupin-Sępolno-Dąbie-Bartoszowice	PL	19951
10958491	Bni Bouayach	MA	19951
3688266	Buesaco	CO	19951
1831125	Kampong Thom	KH	19951
2650802	Dumbarton	GB	19950
2183472	리치먼드	NZ	19950
1053507	Vondrozo	MG	19949
2996146	Mantes-la-Ville	FR	19947
181702	Oyugis	KE	19947
1276092	Bhusawar	IN	19946
5015688	입실랜티	US	19945
12519678	Chunchupally	IN	19944
1274560	Charthāwal	IN	19942
5128904	North Bellmore	US	19941
3466941	Carira	BR	19939
1255995	Siswā Bāzār	IN	19939
3407366	Araçoiaba	BR	19936
3176438	Gaeta	IT	19936
5730675	Hayesville	US	19936
5196220	King of Prussia	US	19936
1275499	Bīrpur	IN	19932
3403395	Cândido Mendes	BR	19932
2745580	Vianen	NL	19931
7522199	이케부쿠로	JP	19930
11811570	Cortlandt Manor	US	19929
3867291	Filadelfia	PY	19927
4413595	Warrensburg	US	19927
2987825	Pertuis	FR	19926
13353516	Kandalloor	IN	19925
114489	Sīāhkal	IR	19924
1818628	Tai Wai	HK	19924
4902475	Mokena	US	19923
13561900	Halifax South End	CA	19922
2783188	Zonhoven	BE	19922
1272985	Dhanaula	IN	19920
1485997	Yeniseysk	RU	19920
81604	Qaryat Sulūq	LY	19918
2991719	모르상쉬르오르주	FR	19917
4519995	Norwood	US	19915
3458481	Livramento do Brumado	BR	19914
2639958	Poulton-le-Fylde	GB	19914
3442098	라파스	UY	19913
1616222	Thambon Na Mueang	TH	19910
478317	Usman’	RU	19910
3852468	Laboulaye	AR	19908
1179902	Dhoro Naro	PK	19907
466215	Yur’yev-Pol’skiy	RU	19906
5126013	Mariners Harbor	US	19905
2654532	Brough	GB	19904
13156769	L.A.Sagaram	IN	19904
5787776	Bonney Lake	US	19903
13157031	Sarigam INA	IN	19903
3385758	Umirim	BR	19903
13353515	Kanjiramkulam	IN	19902
2250659	Kébémer	SN	19902
2501680	Chebli	DZ	19901
1278508	Anūppur	IN	19899
4686163	디킨슨	US	19895
2898603	Hörstel	DE	19894
1262863	Moirāng	IN	19893
625409	Mar’ina Gorka	BY	19892
2969562	브줄	FR	19892
446732	Khalīfān	IQ	19891
2032081	Saynshand	MN	19891
2658145	브베	CH	19891
2747720	Schagen	NL	19890
5417258	Clifton	US	19889
2156340	Mulgrave	AU	19889
6138617	Saint-Lazare	CA	19889
2814305	Wandlitz	DE	19888
2268575	Entroncamento	PT	19887
735030	Náousa	GR	19887
3631465	Nueva Bolivia	VE	19885
3675605	Málaga	CO	19884
2482159	Seddouk	DZ	19884
3060095	Hlohovec	SK	19883
11442994	Nattappettai	IN	19883
1607730	Phibun Mangsahan	TH	19883
13494087	Arun Amarin	TH	19882
2660971	Dübendorf	CH	19882
2341275	Gembu	NG	19881
1277590	Bāli	IN	19880
4161705	Lealman	US	19879
69426	Zinjibār	YE	19879
3472265	Andirá	BR	19878
1275364	Bokajān	IN	19877
3445854	Ubaíra	BR	19877
160266	Dareda	TZ	19876
1322148	Ingabu	MM	19876
611694	Telavi	GE	19875
2979341	Saint-Jean-de-Braye	FR	19874
2645831	Kempston	GB	19873
1258455	Rānikhet	IN	19873
2640377	Penzance	GB	19872
1180071	Dhaunkal	PK	19871
11626032	Sirka	IN	19871
3000047	레펜미라보	FR	19871
685811	Băicoi	RO	19869
3048274	Mátyásföld	HU	19869
2828050	Steinhagen	DE	19869
3060950	Brezno	SK	19866
11184276	Boriavi	IN	19865
3395949	Madalena	BR	19864
3396769	Lagoa do Itaenga	BR	19863
788470	Llazicë	XK	19863
3461576	Ibirama	BR	19862
5854380	Waikīkī	US	19862
1904172	Wujian	CN	19861
2521992	Alhama de Murcia	ES	19860
2651241	Dinnington	GB	19860
2444479	Gazaoua	NE	19860
5356521	허모사비치	US	19860
12626120	L'Île-Bizard–Sainte-Geneviève	CA	19857
125688	Līkak	IR	19857
8349321	St Clair	AU	19856
2144604	Warragul	AU	19856
12500245	Sarāt ‘Abīdah	SA	19855
11549970	Vallehermoso	ES	19853
2930182	Enger	DE	19852
525396	Monino	RU	19852
8400141	Fengle	CN	19851
5137600	Selden	US	19851
1278156	Aurād	IN	19849
2510485	Tías	ES	19849
2423126	Beyla	GN	19848
3030864	Paris 02 Bourse	FR	19847
2156578	Mount Martha	AU	19846
4461015	Clemmons	US	19844
13494703	Sankaraperi	IN	19844
12547009	Selangau	MY	19844
3460622	Itarantim	BR	19843
1839011	Pŏlgyo	KR	19842
4562144	웨스트체스터	US	19842
4891431	Evergreen Park	US	19841
2953320	Bad Waldsee	DE	19840
1696814	Pacol	PH	19839
4843362	Southbury	US	19836
3567995	Bahía Honda	CU	19834
2736657	Paredes	PT	19834
8226590	Al Murar al Qadīm	AE	19831
1265709	쿨루	IN	19831
1819731	Ho Man Tin	HK	19830
8400149	Wushan	CN	19829
745076	İskilip	TR	19829
13494702	Kalinjur	IN	19828
12450721	Yisilamu'awati	CN	19828
1274393	Chetput	IN	19827
6318931	Vila Rica	BR	19827
3529886	Cunduacán	MX	19824
3600199	Yorito	HN	19824
3579585	Capesterre-Belle-Eau	GP	19821
376332	Doka	SD	19821
3521596	Peto	MX	19821
11523825	Adelaide city centre	AU	19820
1880756	Brickworks Estate	SG	19820
5178940	Baldwin	US	19819
538442	Kusa	RU	19818
3451051	Rio Verde de Mato Grosso	BR	19818
10922793	Kolavallúr	IN	19817
5978765	Huntsville	CA	19816
12640343	Cinkansé	BF	19815
151373	Nshamba	TZ	19815
3558792	Florencia	CU	19811
3855116	General Mosconi	AR	19811
1255788	Sonāri	IN	19810
12420932	Paikeqi	CN	19809
2504616	Beni Mester	DZ	19808
4945911	Norton	US	19808
4943097	마블헤드	US	19808
13100477	Orunia Górna-Gdańsk Południe	PL	19807
2042267	Onsŏng	KP	19806
5131692	Plattsburgh	US	19806
1150681	Sawankhalok	TH	19805
1908010	Xinglong	CN	19803
584716	Goygol	AZ	19800
8405728	Lirang	CN	19799
3833027	Vera	AR	19797
5779068	North Salt Lake	US	19796
1346645	Xambabazar	CN	19796
2128205	Minamishibetsuchō	JP	19794
2522091	Alcúdia	ES	19793
13118270	Bandar Putra Kulai	MY	19793
745697	Hayrabolu	TR	19793
2160258	Lidcombe	AU	19791
3024532	Cluses	FR	19789
3460764	Itaparica	BR	19789
2206371	Levin	NZ	19789
1273206	Deoraniān	IN	19788
3450843	Rubiataba	BR	19788
3461604	Ibicoara	BR	19786
2512620	Picassent	ES	19786
3168930	Rosignano Solvay-Castiglioncello	IT	19786
3407248	Araripe	BR	19783
1618363	Ban Khlong Bang Ramat	TH	19783
284431	Banī Na‘īm	PS	19783
4550659	Sand Springs	US	19783
284899	예리코	PS	19783
1212221	Ayla Patakata	BD	19782
2503620	Bordj Zemoura	DZ	19782
1266302	Kolāras	IN	19781
3134628	Time	NO	19781
1607068	Ranot	TH	19780
11657280	Chinna Āndānkovil	IN	19779
739636	Şile	TR	19778
677458	Gheorgheni	RO	19777
13157131	Raval	IN	19777
3101680	Chodzież	PL	19776
1274675	Chāndūr	IN	19776
5166009	Painesville	US	19776
13512355	Westwood Plateau	CA	19776
1527689	Massy	KG	19774
2803030	Assebroek	BE	19772
1529504	Fuyun	CN	19772
2659667	Meyrin	CH	19772
662432	Vulcan	RO	19772
3030985	Bourg-lès-Valence	FR	19770
737421	Yomra	TR	19770
2464871	타바르카	TN	19770
1819968	Cheung Chau	HK	19769
5848322	Diamond Head / Kapahulu / Saint Louis Heights	US	19769
13132734	Palabana	ZM	19769
12640361	An-Najaylah	EG	19768
2964303	Finglas	IE	19768
2514158	Marchena	ES	19768
681845	Câmpulung Moldovenesc	RO	19765
11682149	Kannānkurichchi	IN	19765
1267435	Kattanam	IN	19764
1445378	Ghatkesar	IN	19763
11549938	Chopera	ES	19761
2931361	Eitorf	DE	19761
2112182	Kogota	JP	19760
8572754	Nukui	JP	19760
10453824	Borgaon	IN	19759
3172184	Novate Milanese	IT	19758
552920	Karachev	RU	19757
4938378	Greenfield	US	19753
3123608	Campamento	ES	19750
1256857	Sendamangalam	IN	19750
3447556	Simonésia	BR	19750
1683818	Talitay	PH	19750
2968771	Villefontaine	FR	19749
4558510	Hartranft	US	19748
2893544	Kaltenkirchen	DE	19747
3446171	Três Barras	BR	19746
4521209	Pickerington	US	19745
1274359	Chhāpar	IN	19744
4016086	Calvillo	MX	19742
3049022	Lágymányos	HU	19741
303354	Ortaca	TR	19741
704608	Kivsharivka	UA	19738
2737523	Monção	PT	19738
4839319	New Canaan	US	19738
1253972	Udangudi	IN	19738
2913555	Günzburg	DE	19737
556283	Inza	RU	19737
2979627	Saint-Gratien	FR	19737
5322850	올버니	US	19735
4223413	Snellville	US	19733
1466093	Tirumeshi	IN	19733
3682238	Galapa	CO	19732
9192643	Yamata	JP	19732
1734651	Gua Musang	MY	19731
1267239	Kerūr	IN	19731
5190219	Fox Chase	US	19730
11655546	Verukulambu	IN	19730
3000060	레파비용수부아	FR	19730
13275281	Ahwiaa	GH	19729
3407940	Alhandra	BR	19727
3402944	Caraúbas	BR	19727
2753504	Huissen	NL	19725
178077	Wote	KE	19725
8644037	Reykjanesbær	IS	19724
12750607	Seminyih	MY	19724
945141	Vaalwater	ZA	19723
3532969	Altotonga	MX	19722
2953347	Bad Schwartau	DE	19722
5104882	Sparta	US	19722
2523581	Rosolini	IT	19721
12687143	Shui Chuen O	HK	19719
1256720	Shāhpur	IN	19719
98885	‘Anat al Qadīmah	IQ	19719
6061334	Lower Lonsdale	CA	19718
3018074	퐁텐블로	FR	19717
3402548	Castelo do Piauí	BR	19715
5021828	Columbia Heights	US	19715
5121163	Holtsville	US	19714
2017945	Petrovsk-Zabaykal’skiy	RU	19713
1856426	Muramatsu	JP	19712
1268961	Jhinjhāna	IN	19711
99306	‘Alī al Gharbī	IQ	19711
730559	Karnobat	BG	19709
1117823	Sam Roi Yot	TH	19709
1265670	Kumbhrāj	IN	19707
7476237	Natona	BD	19705
8858107	La Ermita	MX	19703
7516812	Lichuan Zhen	CN	19701
2655952	Bellshill	GB	19700
6170682	Tuscany	CA	19700
3013549	Hem	FR	19699
1174211	Khangarh	PK	19698
2792235	Lochristi	BE	19696
1848281	Yonabaru	JP	19695
1166066	Sarai Naurang	PK	19694
159267	Ikungi	TZ	19692
1277012	Bareja	IN	19690
2990264	Nogent-sur-Oise	FR	19690
847506	Suutarila	FI	19690
3667773	Suárez	CO	19690
462822	Zhukovka	RU	19690
12687196	Bléniméouin	CI	19689
1253127	Vadakku Viravanallur	IN	19689
5809333	Salmon Creek	US	19686
8576449	Wakabayashi	JP	19686
3120030	Alameda de Osuna	ES	19685
4038659	Tamuning-Tumon-Harmon Village	GU	19685
7874631	타무닝	GU	19685
10922760	Mokēri	IN	19684
3570429	Le François	MQ	19682
2746215	Tongelre	NL	19680
1257503	Samrāla	IN	19678
1736338	Pokok Sena	MY	19677
12640503	Sinchu Alagi	GM	19672
1685622	Suay	PH	19672
4558980	Kingsessing	US	19668
2328151	Obudu	NG	19668
656130	야콥스타드	FI	19668
802078	알라기르	RU	19665
2175974	Bexley	AU	19664
3590316	San Cristóbal Verapaz	GT	19664
3455032	Rafael Jambeiro	BR	19662
2657255	Antrim	GB	19661
107588	Baq‘ā’	SA	19659
3103365	Bieruń	PL	19659
2026696	비킨	RU	19659
2794981	Jambes	BE	19658
1268772	Jūnāgarh	IN	19656
3404713	Buriti dos Lopes	BR	19654
7261553	La Crescenta-Montrose	US	19653
3050212	Keszthely	HU	19652
616250	Sevan	AM	19652
2751834	Leek	NL	19651
13512548	Maywood	CA	19650
4409591	Spanish Lake	US	19650
3532414	Banderilla	MX	19649
2353332	Zinguédéssé	BF	19648
3556334	Jatibonico	CU	19644
12522811	Nalco	IN	19644
3457135	Miracatu	BR	19643
1514330	Bo‘ka	UZ	19642
1784207	Zhongzhai	CN	19641
3035396	Bagnols-sur-Cèze	FR	19640
2387319	Dekoa	CF	19639
5052916	Willmar	US	19638
3681797	Guacarí	CO	19637
1787786	Yajiang	CN	19636
2412833	Kotu	GM	19634
6545173	소호	GB	19634
6316688	Cachoeira do Piriá	BR	19630
2645261	Kirkintilloch	GB	19630
1904138	Qingfeng	CN	19627
4790534	Tysons	US	19627
2558436	Beni Yakhlef	MA	19622
543728	Kotel’nikovo	RU	19622
12450711	Samuyuzi	CN	19621
3472304	Ampére	BR	19620
3459531	Jussara	BR	19620
5027117	Forest Lake	US	19618
1818996	San Tin	HK	19617
2340446	Gombi	NG	19616
3128885	Banyoles	ES	19615
1729814	Baao	PH	19612
11669849	Norris Green	GB	19610
3530908	Chignahuapan	MX	19608
1064978	Fenoarivo Be	MG	19605
8740814	Badi	IN	19603
2645733	Keynsham	GB	19603
632370	Varkaus	FI	19603
1508943	보로디노	RU	19602
1926143	Mishōhirajō	JP	19601
227525	Nyahuka	UG	19600
508034	Podporozh’ye	RU	19600
3518593	San Juan Zitlaltepec	MX	19600
685785	Băileşti	RO	19599
13494749	Charipara	IN	19598
2284589	Mankono	CI	19597
301350	Seferihisar	TR	19596
11184460	Resubelpara	IN	19595
3455342	Palmital	BR	19594
371870	Kuraymah	SD	19593
2751651	Lichtenvoorde	NL	19590
4530372	Bethany	US	19589
8400054	Heyan	CN	19589
8184212	Rahat	IL	19586
13118223	Sungai Jawi	MY	19586
3924569	Achocalla	BO	19583
8403868	Tai’an	CN	19583
130524	Jājarm	IR	19580
5399901	Sun City	US	19579
6693007	Earl Shilton	GB	19578
1443367	Jharoda Kalān	IN	19578
1268344	Kalmeshwar	IN	19578
3865424	Arroyito	AR	19577
2471003	Ghardimaou	TN	19574
3434291	El Soberbio	AR	19571
4773677	Montclair	US	19570
1689973	San Francisco	PH	19570
3176407	Galatina	IT	19569
2513791	Moguer	ES	19569
3461996	Engenheiro Coelho	BR	19566
2518729	El Arahal	ES	19565
3091150	Nakło nad Notecią	PL	19565
1221997	Chubek	TJ	19563
3445534	Vargem Alta	BR	19563
514259	오스타시코프	RU	19563
11205753	Ncotshane	ZA	19562
5125523	Lynbrook	US	19558
469005	Yaransk	RU	19557
1264989	Lāwar Khās	IN	19556
5805815	Orchards	US	19556
877581	Nanyamba	TZ	19555
5116118	Eastchester	US	19554
2953525	Bad Driburg	DE	19553
2838059	Schmalkalden	DE	19553
8403883	Gaofeng	CN	19550
1255625	Srīrāmnagar	IN	19550
3408210	Água Branca	BR	19550
3467078	Caraí	BR	19548
5779548	페이슨	US	19548
3116478	Monforte de Lemos	ES	19546
3859384	Diamante	AR	19545
3461943	Guapó	BR	19545
691255	Trostyanets	UA	19544
1812760	Dingshi	CN	19543
9238414	Kröpeliner-Tor-Vorstadt	DE	19542
522945	Neftegorsk	RU	19542
2511371	San Isidro	ES	19541
705883	Kiliya	UA	19540
5052467	West Saint Paul	US	19540
2169220	Deception Bay	AU	19539
4299670	Madisonville	US	19539
3384242	Flora	SR	19538
11655540	Mulakumūd	IN	19538
1260050	Pattan	IN	19538
2788726	Poperinge	BE	19537
3199394	Herceg Novi	ME	19536
1863973	Fukumitsu	JP	19535
3402849	Carnaíba	BR	19533
2815137	Waldbröl	DE	19533
220782	타주라	DJ	19533
767605	Krasnystaw	PL	19532
2823567	Teltow	DE	19530
2437731	Birnin Gaouré	NE	19529
1277918	Bāgbahra	IN	19529
1862026	Ibi	JP	19529
158024	Kibakwe	TZ	19526
4159896	Ives Estates	US	19525
1178587	Gharo	PK	19524
1281622	Langgar	CN	19524
1283628	Bhadrapur	NP	19523
2501873	Chabet el Ameur	DZ	19522
3461148	Ipanema	BR	19522
1875506	Kujang-ŭp	KP	19522
118532	Reẕvānshahr	IR	19519
4089114	셀마	US	19519
543508	Kovdor	RU	19518
3170272	Pontedera	IT	19518
12718836	Vaalbank	ZA	19517
1253105	Vīsāvadar	IN	19515
1485627	Yuzhnyy	RU	19515
787716	네고티노	MK	19515
3196153	로즈니차	RS	19515
1259647	Pināhat	IN	19511
3388456	São José da Coroa Grande	BR	19511
1734841	Kuala Pilah	MY	19510
5074792	Papillion	US	19510
559654	Gorodishche	RU	19509
1035471	Murrupula	MZ	19504
708878	Henichesk	UA	19501
6967865	Al Qarārah	PS	19500
234496	Buhimba	UG	19500
543348	Kozel’sk	RU	19500
229530	Magamaga	UG	19500
1346926	Pakistan Employees Cooperative Housing Society	PK	19500
616627	이제반	AM	19500
2394597	Djakotomé	BJ	19498
3388060	São Vicente Ferrer	BR	19498
2749756	Nunspeet	NL	19496
2744324	Wisch	NL	19496
3882460	Los Álamos	CL	19494
1259917	Pennādam	IN	19494
504831	Proletarsk	RU	19493
1316499	Kyauktaw	MM	19492
1624196	Teminabuan	ID	19491
2150660	Saint Kilda	AU	19490
4902559	Montgomery	US	19489
3193161	플레블라	ME	19489
2786641	Sint-Katelijne-Waver	BE	19487
2951125	Bemerode	DE	19486
1262115	나인와	IN	19485
13156768	Rameswaram	IN	19483
5879898	Badger	US	19482
2657658	Adwick le Street	GB	19481
130821	Hoveyzeh	IR	19481
1619650	Ban Dung	TH	19479
4264617	Seymour	US	19478
1736781	Daro	MY	19477
4360201	Lake Shore	US	19477
3648507	Barrancas	VE	19474
650095	Kurikka	FI	19474
8398265	Baolong	CN	19472
878073	Maposeni	TZ	19472
2264736	Piedade	PT	19472
1703355	Malabanban Norte	PH	19471
583785	Akhtyrskiy	RU	19468
2879832	Lebach	DE	19468
11549951	Legazpi	ES	19468
1269227	Jānsath	IN	19467
3023324	Couëron	FR	19466
12501480	Santrampur	IN	19465
1870413	Sil-li	KP	19463
2634204	Weybridge	GB	19463
2655438	Blackwall	GB	19461
134636	Fāẕelābād	IR	19461
1258164	Richha	IN	19459
1276013	Bhāyāvadar	IN	19458
3671950	Polonuevo	CO	19454
2619377	Ishøj	DK	19453
5200499	McKeesport	US	19453
4168590	Pinecrest	US	19452
3170457	Poggiomarino	IT	19451
5280822	Weirton Heights	US	19450
5807212	포트앤젤레스	US	19448
8417600	Gulou	CN	19447
6162949	Terrace	CA	19443
2646042	이램	GB	19442
3457192	Miguelópolis	BR	19441
2858245	Ochtrup	DE	19441
6089404	North Battleford	CA	19440
3020392	Écully	FR	19437
5796984	Hazel Dell	US	19435
8406221	Longkong	CN	19435
2835342	Schwalmtal	DE	19435
3590605	Salcajá	GT	19434
2653229	Chessington	GB	19433
6139417	Salmon Arm	CA	19432
3165275	Trecate	IT	19430
4670866	Angleton	US	19429
3463122	Formoso do Araguaia	BR	19428
7302860	Aistala	IN	19425
2657408	Alton	GB	19425
2368657	Xitole	GW	19424
6317333	Itaquiraí	BR	19423
125427	Māhān	IR	19423
6545288	Charlottenburg-Nord	DE	19422
2240393	Lucala	AO	19422
3386628	Taquarana	BR	19422
158684	Kabanga	TZ	19421
2644207	Liversedge	GB	19420
3456164	Nova Granada	BR	19419
11549968	Almagro	ES	19418
5504003	Fernley	US	19418
2510573	Teguise	ES	19418
13494701	Methukummal	IN	19417
2497714	El Malah	DZ	19415
946010	eMuziwezinto	ZA	19415
2872649	Mayen	DE	19414
8858108	Lomas del Sur	MX	19413
1271613	Gannavaram	IN	19410
3408270	Afrânio	BR	19409
1278899	Amarpātan	IN	19409
4670234	Alice	US	19408
2892051	Kaulsdorf	DE	19408
4899012	레이크포리스트	US	19408
5786485	배틀그라운드	US	19407
2740174	Custoias	PT	19406
1255858	Sojītra	IN	19403
1256124	Singur	IN	19402
3445802	Umburanas	BR	19402
2456917	Goundam	ML	19400
2908495	Hechingen	DE	19400
231197	Kinoni	UG	19400
147105	Shusha	AZ	19400
1256176	Singarāyakonda	IN	19400
1818444	Tuen Mun San Hui	HK	19398
3862607	Carlos Casares	AR	19397
2758765	Bodegraven	NL	19395
3455061	Paranapanema	BR	19395
1792232	Waina	CN	19394
2946478	Bönen	DE	19393
5343303	Dixon	US	19390
13118437	Halwan	AE	19389
728448	Panagyurishte	BG	19389
2823590	Telgte	DE	19389
10933954	Punnayūr	IN	19387
3062119	Žabovřesky	CZ	19387
1266178	Konnūr	IN	19386
1607865	Phak Hai	TH	19386
2836413	Schopfheim	DE	19386
3445348	Wenceslau Braz	BR	19386
2519477	치피오나	ES	19386
2644684	Leek	GB	19385
1261736	Narwar	IN	19385
1252885	Weir	IN	19385
4195701	Forest Park	US	19383
961152	Riversdale	ZA	19382
1802501	Longmen	CN	19380
1505260	Ivdel’	RU	19379
2824801	Sulzbach-Rosenberg	DE	19379
1861883	Igusa	JP	19378
1855153	Nishitawara	JP	19377
3666232	Vélez	CO	19376
5125738	Mamaroneck	US	19375
8417532	Shitan	CN	19375
3466307	Chapada dos Guimarães	BR	19374
1766795	Kampung Minyak Beku	MY	19374
4896353	Homewood	US	19373
2428480	Mandelia	TD	19373
12689056	Olympic	HK	19373
1252892	Wazīrganj	IN	19372
4141363	Bear	US	19371
1735069	Kampung Teluk Air Tawar	MY	19371
12687508	Gnago	CI	19370
1268566	Kakdwip	IN	19368
3403251	Canto do Buriti	BR	19365
2688250	Norrtälje	SE	19365
3587091	찰라테낭고	SV	19364
1175762	Jhol	PK	19363
2331528	Magumeri	NG	19363
4007676	Pueblo Nuevo	MX	19363
1255056	Tamenglong	IN	19363
2464809	Tajerouine	TN	19362
1863611	Gōdo	JP	19361
2525207	Casarano	IT	19359
2642786	Melksham	GB	19357
2851782	Puchheim	DE	19357
1217540	Chiroqchi	UZ	19356
284583	As Samū‘	PS	19355
4315768	Bayou Cane	US	19355
3057691	세니차	SK	19355
3022700	Cran-Gevrier	FR	19354
3595560	Gualán	GT	19354
2514893	Lora del Río	ES	19352
2286819	Ahigbé Koffikro	CI	19351
1184075	Baddomalhi	PK	19351
2646558	Horsforth	GB	19350
13546407	Taung Thu Kone	MM	19350
2682484	Rinkeby	SE	19349
4716805	Orange	US	19347
4883207	Alsip	US	19346
1877872	Chunghwa	KP	19346
2141394	Dumbéa	NC	19346
13353678	Jalochi	IN	19346
3683233	El Retén	CO	19345
909488	Lukulu	ZM	19344
4163033	Lutz	US	19344
2661265	카루주	CH	19344
10548728	Kaimur	IN	19343
1264356	Maholi	IN	19343
2828994	Steilshoop	DE	19343
2284719	Mahapleu	CI	19342
518325	Novopokrovskaya	RU	19342
3533440	Acatlán de Osorio	MX	19341
2661646	바덴	CH	19340
551794	Katav-Ivanovsk	RU	19339
2812625	바일데어슈타트	DE	19338
2786739	Sint-Andries	BE	19336
1819894	디스커버리 베이	HK	19336
1275614	Bilhaur	IN	19333
653281	케미	FI	19332
3188225	Velika Kladuša	BA	19330
2271985	Algés	PT	19327
3924872	Presidente Médici	BR	19327
3168764	Sabaudia	IT	19327
3043019	Vecsés	HU	19327
4356783	Green Haven	US	19326
4475773	Lexington	US	19326
1182607	Bhit Shah	PK	19325
3058477	Nové Mesto nad Váhom	SK	19325
514796	Orlovskiy	RU	19325
1608462	Nam Som	TH	19324
3841504	Perdriel	AR	19321
2387890	Bouca	CF	19320
1884403	Telok Blangah	SG	19320
2967438	Wasquehal	FR	19320
3111348	Roses	ES	19319
13156767	Mangalam	IN	19318
907705	Manyinga	ZM	19317
5927969	코너브룩	CA	19316
3897595	Cabildo	CL	19315
13157000	Raja Pur Khurd	IN	19312
3673404	Padua	CO	19311
1267065	Khānāpur	IN	19309
2707399	헤슬레홀름	SE	19309
4884434	Bellwood	US	19308
2652734	Clydach	GB	19307
2284489	M’Bahiakro	CI	19307
467854	Yelizavetinskaya	RU	19306
6317835	Pacaraima	BR	19305
10315178	Sansheng	CN	19305
11664417	Tiruppālai	IN	19305
659169	하미나	FI	19305
4460943	Clayton	US	19304
3447473	Sobradinho	BR	19304
8220924	Welgelegen	SR	19304
5221341	Central Falls	US	19303
53157	Qandala	SO	19300
6220565	Rangiora	NZ	19300
226267	Sironko	UG	19300
3661948	Marechal Thaumaturgo	BR	19299
5513307	Sun Valley	US	19299
2785476	Tielt	BE	19299
2504136	Berrahal	DZ	19294
3663516	Mâncio Lima	BR	19294
1733502	라나우	MY	19294
2112019	Makabe	JP	19293
447273	Dalaman	TR	19292
1851462	Sukumo	JP	19292
2996255	망들리외라나풀	FR	19292
7101024	Dayal	PK	19290
2289633	Doukouya	CI	19290
1275066	Burhar	IN	19289
1261375	Nimāparha	IN	19289
1273228	Deoli	IN	19288
5523369	Horizon City	US	19288
1273132	Devadanapatti	IN	19285
5751632	Sherwood	US	19283
8480031	Waterford	US	19281
1270454	Hamīrpur	IN	19280
521509	Nikol’skoye	RU	19280
2835345	Schwalmstadt	DE	19279
5379678	오린다	US	19279
1733353	파파르	MY	19278
3678097	La Plata	CO	19275
3451263	Rio Bananal	BR	19274
1265208	Laksar	IN	19270
110059	Al ‘Aqīq	SA	19269
110060	Al ‘Aqīq	SA	19269
5383187	Pinole	US	19269
2944354	Bremervörde	DE	19268
1670295	Budai	TW	19268
1808541	Helin	CN	19268
11487287	Vakkam	IN	19267
3166236	스폴레토	IT	19266
5106529	Woodbridge	US	19265
2522776	Vibo Valentia	IT	19263
8348101	Willetton	AU	19262
13353514	Ezhome	IN	19261
1860742	Kajiya	JP	19261
610445	Balykshi	KZ	19260
4174317	Sun City Center	US	19258
5711149	Altamont	US	19257
13494700	Ammainaickanur	IN	19257
4367372	Rosedale	US	19257
2650470	East Dereham	GB	19256
3445651	Utinga	BR	19256
2164771	그래프슨	AU	19255
739015	Taşova	TR	19253
900056	Nyimba	ZM	19252
5257029	Howard	US	19250
5851484	Niu Valley	US	19250
3096328	Kęty	PL	19249
4670074	Alamo	US	19246
259245	Kos	GR	19244
2232997	Dizangué	CM	19243
3643361	El Dividive	VE	19243
3455690	Ourolândia	BR	19243
2130387	Engaru	JP	19241
3074110	Jirkov	CZ	19240
1267222	Kesinga	IN	19239
3082722	바도비체	PL	19238
1768664	Kampong Kadok	MY	19233
3675512	Manatí	CO	19233
3454967	Pariquera-Açu	BR	19233
762120	Pisz	PL	19232
1736305	Kuala Kedah	MY	19231
3070862	Mělník	CZ	19231
519062	Novoanninskiy	RU	19231
5148273	Broadview Heights	US	19229
5216895	Upper Saint Clair	US	19229
2970110	Vendôme	FR	19226
617302	Strășeni	MD	19225
1274351	Chhaprauli	IN	19224
2591159	Degema Hulk	NG	19223
2942159	뷔케부르크	DE	19221
4995514	Haslett	US	19220
2997336	Louviers	FR	19220
1257191	Sardulgarh	IN	19219
4915987	West Elsdon	US	19219
2633274	아쿠레이리	IS	19219
2796012	Herent	BE	19218
1538370	Baytokay	CN	19217
127382	Khonj	IR	19217
484856	아기델	RU	19217
2922230	Gauting	DE	19216
4501931	Glassboro	US	19216
129904	Kabūdarāhang	IR	19216
4276248	Newton	US	19216
6698588	Reinach	CH	19216
2940942	Burscheid	DE	19215
3627593	Santa Ana	VE	19215
4529292	Altus	US	19214
141666	Bandar-e Kong	IR	19213
3541999	Rodas	CU	19212
1642069	Kalabahi	ID	19210
9191693	Goderich	SL	19209
2240958	Gombe	AO	19209
995573	Hoopstad	ZA	19209
656083	Jämsä	FI	19209
1759564	Kuala Ketil	MY	19209
2839335	Schifferstadt	DE	19209
5329649	Blythe	US	19208
1465621	Maduraivayal	IN	19208
3166397	Sondrio	IT	19208
1707049	Laur	PH	19206
1830377	Lumphat	KH	19205
1806300	Jiangluo	CN	19204
2855935	Ottobrunn bei München	DE	19204
5810490	Silverdale	US	19204
12640687	The Peak	HK	19202
234660	Budadiri	UG	19200
696566	Popasna	UA	19199
2837291	Schneverdingen	DE	19199
495206	Shchigry	RU	19198
3585473	Izalco	SV	19197
5791159	커빙턴	US	19197
2149847	Seven Hills	AU	19196
1710612	Ipil	PH	19195
4901445	Matteson	US	19195
5895650	Beaconsfield	CA	19194
2647985	Great Wyrley	GB	19193
2518040	El Viso del Alcor	ES	19191
40047	Gomīshān	IR	19191
1270036	Hirekerūr	IN	19191
2249281	Linguère	SN	19191
2747364	's-Gravenzande	NL	19190
5814095	Tumwater	US	19190
3176072	Giovinazzo	IT	19186
2514190	Manzanares	ES	19186
522470	Nesterovskaya	RU	19186
1865090	Asagaya-minami	JP	19185
3853491	Joaquín V. González	AR	19185
156098	Laela	TZ	19185
352878	Manshīyat al Qanāţir	EG	19185
3014175	Gujan-Mestras	FR	19184
7315274	Old Jamestown	US	19184
2633415	Yarm	GB	19184
2381659	Aleg	MR	19183
3620269	Corinto	NI	19183
3176366	Gallipoli	IT	19176
1265910	Kōttayam	IN	19176
1256616	Shehera	IN	19175
2637916	Shoreham-by-Sea	GB	19175
8407510	Tonggu	CN	19175
5280814	Weirton	US	19175
3632401	Mene de Mauroa	VE	19174
8419799	Shaoyun	CN	19174
538601	Kurovskoye	RU	19173
2524126	Misilmeri	IT	19171
3397660	Jaicós	BR	19170
717635	Mezőtúr	HU	19168
2262644	Tomar	PT	19168
4528259	White Oak	US	19167
2976258	Sanary-sur-Mer	FR	19166
259251	Koropí	GR	19164
3514437	Xochitepec	MX	19164
3075053	Hostivař	CZ	19161
2855441	Parchim	DE	19161
2975088	Senlis	FR	19160
1014653	Burgersdorp	ZA	19159
499975	Rybnoye	RU	19159
1769827	Kampung Cheng	MY	19158
7797910	Kawasan Perindustrian Cheng	MY	19158
12687203	Ogoudou	CI	19158
2640275	Pinner	GB	19158
1255346	Suriānwān	IN	19157
937136	Zeerust	ZA	19154
6317328	Itaobim	BR	19151
1820071	Tutong	BN	19151
3461910	Guaranésia	BR	19150
3455189	Papanduva	BR	19150
581671	Anna	RU	19148
10263096	Rijokri	IN	19148
1268678	Kadikkād	IN	19147
1850589	Tarumizu	JP	19146
8541454	Biswanath Chariali	IN	19145
3613171	Corquín	HN	19145
2151576	Ringwood	AU	19144
3584384	Metapán	SV	19143
1256773	Siwāni	IN	19143
477656	Uva	RU	19143
5183234	칼라일	US	19143
2760123	Aalten	NL	19141
379630	El Bauga	SD	19141
4019819	Acaponeta	MX	19140
2847689	Rhede	DE	19140
5127134	미니올라	US	19139
2958533	Alfeld	DE	19138
3182886	Arese	IT	19138
696943	Pidhorodnye	UA	19138
8425969	Gaj	PL	19136
8405703	Baijia	CN	19133
4264688	셸비빌	US	19133
8398262	Longjing	CN	19130
1605018	Wiset Chaichan	TH	19129
6316295	Abadia de Goiás	BR	19128
3465616	Contenda	BR	19128
4663494	Tullahoma	US	19128
282476	Qabāţīyah	PS	19127
1708130	Lagawe	PH	19124
3429949	Pirané	AR	19124
66250	Ashkez̄ar	IR	19123
4402245	Ozark	US	19120
3128291	Benavente	ES	19119
1386114	Khai Gala	PK	19119
2798987	Eeklo	BE	19116
1605509	Tha Ruea	TH	19116
3038266	알베르빌	FR	19113
2917221	Gröbenzell	DE	19110
2417795	Mandiana	GN	19110
1269976	Honnavar	IN	19109
11523847	Wollongong city centre	AU	19108
2130612	아시베쓰 시	JP	19108
3464262	Encruzilhada	BR	19107
741347	Nallıhan	TR	19106
2998305	Limeil-Brévannes	FR	19104
2256895	Mossendjo	CG	19104
5104504	Secaucus	US	19104
4241704	Jacksonville	US	19103
5794097	Fairwood	US	19102
418503	Sedeh Lanjān	IR	19101
3427388	Villa Ocampo	AR	19101
13494699	Jalladiampet	IN	19100
4838116	Madison	US	19100
1490277	Talitsa	RU	19100
10527154	Torūr	IN	19100
13156999	Mir Pur Turk	IN	19098
1275905	Bhitarwār	IN	19096
4350288	Camp Springs	US	19096
7280414	Cole Harbour	CA	19096
864723	Mārupe	LV	19096
3583379	San Rafael Oriente	SV	19095
7932670	Redbank Plains	AU	19094
13494698	Kallukuttam	IN	19093
1734445	Pulai	MY	19093
11039180	Chautāpal	IN	19092
3623580	Guápiles	CR	19092
3526446	José Cardel	MX	19092
3173931	Marina di Massa	IT	19092
12718811	Tshitereke	ZA	19092
3832653	Villa Paula de Sarmiento	AR	19092
1278458	Arang	IN	19091
3670764	Rioblanco	CO	19090
585763	Kyurdarmir	AZ	19088
3877744	Paillaco	CL	19088
161204	Bashanet	TZ	19087
3012162	Jouy-le-Moutier	FR	19087
155321	Magomeni	TZ	19086
2742416	Barcelos	PT	19085
2639926	프레스타틴	GB	19085
2502034	Brezina	DZ	19084
3468704	Butiá	BR	19084
1806079	Jiaogong	CN	19083
322212	Balatçık	TR	19082
155307	Kihangara	TZ	19082
5134316	Ronkonkoma	US	19082
10866000	Ōtsuka	JP	19081
758651	Sokółka	PL	19079
2469268	Menzel Abderhaman	TN	19078
4977222	Saco	US	19078
12640671	Sung Wong Toi	HK	19078
4502901	Maple Shade	US	19077
11611400	Eselsberg	DE	19075
2525498	Bronte	IT	19074
5098909	Hawthorne	US	19074
3584003	Puerto El Triunfo	SV	19074
8405696	Gangjia	CN	19072
3859965	Cosquín	AR	19070
3460594	Itatinga	BR	19070
5115962	East Massapequa	US	19069
4692400	Fresno	US	19069
2995642	Marmande	FR	19069
4929023	Amherst Center	US	19065
5431710	Montrose	US	19062
2664855	Värnamo	SE	19061
1703115	Malanday	PH	19060
2640351	Peterhead	GB	19060
1272839	Dharmkot	IN	19057
3433817	General Belgrano	AR	19056
1735274	Kampar	MY	19056
3573899	Point Fortin	TT	19056
8581647	Kirandul	IN	19053
2921061	Gerlingen	DE	19050
3461860	Guaratinga	BR	19049
3466351	Cesário Lange	BR	19048
12047617	Osiedle Kosmonautów	PL	19048
1152562	Kui Buri	TH	19046
1266000	Kothakota	IN	19042
1267537	Katangi	IN	19040
152718	Mtwango	TZ	19040
760917	Pułtusk	PL	19039
1278774	Āmlāgora	IN	19038
689564	Vynnyky	UA	19037
3123477	El Goloso	ES	19036
4163487	Marion Oaks	US	19034
2522767	Villabate	IT	19031
4676798	브라운우드	US	19031
4951594	사우스브리지	US	19030
3496150	Monte Llano	DO	19029
3380892	Rémire-Montjoly	GF	19029
1871484	Samho-rodongjagu	KP	19025
2743997	Zeewolde	NL	19022
11185601	Karthikappally	IN	19021
384311	Mukamira	RW	19021
11903641	Andritz	AT	19020
2749800	Nootdorp	NL	19020
297564	Yatağan	TR	19020
4889668	Deerfield	US	19019
294605	Kafr Qari‘	IL	19018
2512127	Puçol	ES	19018
3087628	Pyskowice	PL	19018
2982343	루아양	FR	19017
5334799	Castaic	US	19015
7451505	Aizu-misato Machi	JP	19014
1283499	Amargaḍhi̇̄	NP	19014
3116653	Moaña	ES	19014
2538898	Oulmes	MA	19014
2904992	Heusenstamm	DE	19012
2880077	Laupheim	DE	19012
933759	간지	BW	19012
411803	Al Ghānim	QA	19010
2557533	Aoulouz	MA	19010
1865103	Arita	JP	19010
2924577	Friedrichshagen	DE	19009
2995041	Maurepas	FR	19009
1736760	Saratok	MY	19009
3401876	Conceição	BR	19007
4689311	Ennis	US	19007
6846555	Fanipol	BY	19006
2146793	Thornbury	AU	19005
5793639	엘렌스버그	US	19001
1278534	Anshing	IN	19000
5790600	Columbia City	US	19000
2707462	Hässelby Villastad	SE	19000
788731	Leposaviq	XK	19000
1637730	Likisá	TL	19000
876130	Lumbala	AO	19000
12023057	Porta Palazzo	IT	19000
2734306	São Tiago de Custoias	PT	19000
3468295	Cafelândia	BR	18997
4533580	Claremore	US	18997
2469081	Maatmeur	TN	18996
678261	Filiaşi	RO	18995
688587	Yahotyn	UA	18995
2509305	Zubia	ES	18995
3592362	Morales	GT	18994
622997	Pruzhany	BY	18994
2129218	Yoichi	JP	18993
986717	Kruisfontein	ZA	18991
2880221	Lauchhammer	DE	18990
1260313	Parīchhatgarh	IN	18990
4880981	Waukee	US	18990
2343273	Enugu-Ezike	NG	18989
4160100	Jasmine Estates	US	18989
2171400	Clayton	AU	18988
3021382	디뉴레뱅	FR	18986
5126555	Melville	US	18985
11655515	Tiruvattār	IN	18985
3406459	Barão de Grajaú	BR	18984
1267231	Kesariyā	IN	18984
5123344	Kew Gardens	US	18983
4140007	Petworth	US	18983
1275836	Bhor	IN	18982
3460204	Jaguaripe	BR	18981
5941925	Dorval	CA	18980
3175990	Gorgonzola	IT	18979
13353513	Kadachira	IN	18979
5262838	Middleton	US	18979
2510880	Silla	ES	18979
2413990	Abuko	GM	18978
301209	Şemdinli	TR	18978
3098619	Gostynin	PL	18976
1265716	Kulpahār	IN	18976
2646653	Hook	GB	18973
2991551	Mougins	FR	18973
4146723	Bartow	US	18972
293969	Or Akiva	IL	18972
13494585	Khariar Road	IN	18967
1259222	Punjai Puliyampatti	IN	18967
9865313	Iijima	JP	18965
10878484	Kunnimangalam	IN	18965
8637813	Nghèn	VN	18965
5173572	Sylvania	US	18965
1904072	Baoxing	CN	18963
2736521	Pedroso	PT	18963
9903980	Mengman	CN	18962
5311433	Rio Rico	US	18962
8398672	Sanxi	CN	18961
3392997	Parnamirim	BR	18960
2759178	Benthuizen	NL	18959
3061822	Žatec	CZ	18959
10172958	Ala Moana - Kakaʻako	US	18957
12640674	So Uk	HK	18956
4302035	머리	US	18954
1864381	Den’enchōfu	JP	18952
1850498	Tatsuno	JP	18951
3670719	Riosucio	CO	18950
3472048	Antonina	BR	18949
5785868	알링턴	US	18949
3027513	Challans	FR	18947
4212995	North Druid Hills	US	18947
1486913	Vorgashor	RU	18946
4885689	Brookfield	US	18944
3523450	Matías Romero Avendaño	MX	18944
5128898	North Bay Shore	US	18944
2732475	Vilar de Andorinho	PT	18944
2975233	Sélestat	FR	18941
1266872	Kharsia	IN	18939
12750405	Stonegate	US	18938
1262140	Nahorkatiya	IN	18937
301827	Sarayköy	TR	18937
418875	Dīzīcheh	IR	18935
3127451	Burlata	ES	18934
6077315	Mont-Royal	CA	18933
2785364	Torhout	BE	18933
2956715	Alzenau in Unterfranken	DE	18932
5281730	Avon	US	18932
730442	Harmanli	BG	18931
4209448	Milledgeville	US	18931
3016675	Garches	FR	18930
1170677	Matiari	PK	18929
1266731	Khilchipur	IN	18928
1262553	Mulgund	IN	18928
5898138	Beloeil	CA	18927
3178956	Cesenatico	IT	18925
2263326	São João da Talha	PT	18925
5048814	스틸워터	US	18924
289962	알코르	QA	18923
2926670	Finsterwalde	DE	18922
3061473	Židenice	CZ	18920
3386467	Terra Santa	BR	18917
250718	Al Fuḩayş	JO	18916
3436221	Ayacucho	AR	18916
44172	Āb Pakhsh	IR	18913
3468669	Cabaceiras do Paraguaçu	BR	18911
3689292	Balboa	CO	18910
10166426	Kansāpur	IN	18909
5113790	Cortland	US	18907
2129513	Shimokizukuri	JP	18907
293254	Yāfā	IL	18905
3177664	Cusano	IT	18904
60019	Eyl	SO	18904
3459181	Lagoa Formosa	BR	18904
595689	Plunge	LT	18904
149996	Shirati	TZ	18904
958441	Sabie	ZA	18903
7510923	Si Mahosot	TH	18903
920470	Chavuma	ZM	18902
1907996	Suhe	CN	18901
1217703	Beshkent	UZ	18900
1644833	Fakfak	ID	18900
616599	Gavar	AM	18900
3456905	Montanha	BR	18900
1490266	Tal’menka	RU	18900
4957003	오거스타	US	18899
6804851	Kampung Baru Ulu Melaka	MY	18898
3170778	Pietrasanta	IT	18897
492448	Skhodnya	RU	18897
10849677	Somandepalle	IN	18895
2951935	Baumschulenweg	DE	18894
3455277	Pancas	BR	18893
1280249	Qiemo	CN	18893
13156766	Sriramnagar	IN	18893
1270718	Gummidipundi	IN	18891
1266448	Koāth	IN	18890
11463857	Martūru	IN	18890
2641783	Nether Edge	GB	18890
1636322	Manismata	ID	18888
3458020	Manga	BR	18886
3127889	Boiro	ES	18883
12450916	Jiaping	CN	18883
2075230	Byford	AU	18878
11808241	Azeitão	PT	18877
545277	Konstantinovsk	RU	18876
648738	Laukaa	FI	18876
1263937	Manchar	IN	18876
2359042	Korsimoro	BF	18875
1619437	Bang Krathum	TH	18874
5147097	Berea	US	18874
13526886	Capitol Riverfront	US	18874
1256713	Shāhpur	IN	18874
1263567	Mārahra	IN	18873
1736284	Changloon	MY	18872
5174550	Twinsburg	US	18872
5143198	Wantagh	US	18871
3030990	Bourg-la-Reine	FR	18870
3025144	Chilly-Mazarin	FR	18870
159218	Ilembula	TZ	18870
704492	Krasyliv	UA	18868
3526467	Jojutla	MX	18867
3085941	Sierpc	PL	18866
1262510	먼드고드	IN	18866
3145614	모이라나	NO	18866
13156998	Bhati	IN	18864
1274265	Chicholi	IN	18864
160172	Dongobesh	TZ	18864
1524308	Otegen Batyra	KZ	18864
2881276	Langen	DE	18863
5143832	West Hempstead	US	18862
3019960	Équeurdreville-Hainneville	FR	18862
2856930	Oschersleben	DE	18859
3167393	Sant'Antonio Abate	IT	18859
1264007	Mālvan	IN	18858
1280625	Mangnai Zhen	CN	18856
3595503	Guazacapán	GT	18855
3403082	Capoeiras	BR	18854
2646434	Humberstone	GB	18854
1260868	Pahāsu	IN	18854
5281551	안소니아	US	18854
4094163	트로이	US	18853
4003908	Jocotepec	MX	18852
3461659	Horizontina	BR	18851
1819602	Kowloon Tong	HK	18849
3022988	Cournon-d'Auvergne	FR	18848
2167445	Eltham	AU	18847
2093967	Kimbe	PG	18847
8549445	Maliuzui	CN	18847
3666395	Urrao	CO	18846
1813520	Dashun	CN	18844
1734444	Kampung Kupang	MY	18844
8741091	Lateri	IN	18844
3650301	Valencia	EC	18841
5162188	Mayfield Heights	US	18840
3445442	Varzelândia	BR	18840
8442529	Tādikombu	IN	18838
1276888	Chhipa Barod	IN	18837
122787	Nakhl-e Taqī	IR	18837
4433039	로럴	US	18837
1279135	Akbarpur	IN	18835
3529989	Cuautepec de Hinojosa	MX	18835
2637435	South Elmsall	GB	18835
11549955	Adelfas	ES	18832
3396877	Lagoa da Canoa	BR	18831
2031533	Dzüünharaa	MN	18830
9161141	Maithon	IN	18830
878041	Matiri	TZ	18830
13157130	Chhiri	IN	18829
5140402	Syosset	US	18829
3680176	Juan de Acosta	CO	18828
3083111	Trzebinia	PL	18828
1697421	Nunungan	PH	18827
8224001	Miyako	JP	18825
3662784	Porto Acre	BR	18824
3397897	Itapororoca	BR	18823
1264047	Mallasamudram	IN	18820
1258449	Rānīpur	IN	18820
8400142	Zhendong	CN	18819
7535506	Golders Green	GB	18818
2112583	Ishikawa	JP	18817
2892705	Karow	DE	18817
3524618	Las Rosas	MX	18817
529505	만투로보	RU	18817
13118420	Al Bada'a	AE	18816
9129422	Ascención de Guarayos	BO	18816
2335015	Kari	NG	18812
5884051	Alliston	CA	18809
5148326	Brook Park	US	18809
2016422	Slyudyanka	RU	18809
3465982	Cocos	BR	18807
2946172	Borna	DE	18806
2662149	위스타드	SE	18806
2936909	Dingolfing	DE	18805
7262428	Union Hill-Novelty Hill	US	18805
3049519	코마롬	HU	18805
3058897	Malacky	SK	18804
12719587	Siu Sai Wan Estate	HK	18803
2803443	Aalter	BE	18802
3392907	Pastos Bons	BR	18802
9972527	Frankston South	AU	18801
13353434	Gadhra	IN	18801
6165719	Thorold	CA	18801
233975	Butemba	UG	18800
13118269	Horizon Hills	MY	18800
2642423	Mirfield	GB	18800
229059	Moyo	UG	18800
12450868	Tuohula	CN	18800
4291255	Erlanger	US	18797
4139953	Park View	US	18796
13157129	Solsumba	IN	18796
5134449	Rossville	US	18792
3602097	San José de Colinas	HN	18791
5241248	South Burlington	US	18791
3780602	Fredonia	CO	18790
3462759	São Gabriel	BR	18789
3982567	Tamazula de Gordiano	MX	18787
488635	Staroshcherbinovskaya	RU	18785
2521410	바일렌	ES	18785
8308627	Jwaneng	BW	18784
4902900	Mount Greenwood	US	18783
1274674	Chāndūr Bāzār	IN	18780
3610965	El Paraíso	HN	18779
3827256	Santa María Totoltepec	MX	18779
1255816	Sompeta	IN	18778
2650004	Emsworth	GB	18777
1271676	Gangāpur	IN	18777
13157128	Chanod	IN	18776
1277200	Banūr	IN	18775
3176639	Fossano	IT	18773
746252	Gürgentepe	TR	18771
3545981	Niquero	CU	18771
1819029	Sai Wan Ho	HK	18771
6232338	Henderson	NZ	18770
1491953	Shushenskoye	RU	18770
2524606	Gioia Tauro	IT	18769
6115383	Quispamsis	CA	18768
3186781	자프레시치	HR	18768
10987752	Takenotsuka	JP	18766
2790796	Montignies-sur-Sambre	BE	18765
3452327	Presidente Olegário	BR	18765
12319241	Saint-Roch	FR	18764
3387727	Serrita	BR	18764
7261029	Casa de Oro-Mount Helix	US	18762
3770955	Villa Rica	CO	18761
609924	Embi	KZ	18760
3074020	Kadaň	CZ	18759
11184592	Paranda	IN	18758
6317075	Epitaciolândia	BR	18757
3834971	Sunchales	AR	18757
3509578	Ciudad Nueva	DO	18756
4360314	Langley Park	US	18755
1748731	Relau	MY	18755
1268785	Shādīpur Julāna	IN	18755
1521126	Maqanshy	KZ	18754
155334	Magole	TZ	18753
13526999	Vura	SB	18753
5771960	Brigham City	US	18752
1685349	Sumag	PH	18752
1280873	Kaqun	CN	18749
2881889	Lahnstein	DE	18749
11461746	Rakkiyapālaiyam	IN	18749
2657782	에버리스트위스	GB	18749
12719581	So Uk Estate	HK	18748
2412737	Latri Sabiji	GM	18747
2821807	Torgau	DE	18746
470338	Vyselki	RU	18746
11678976	Kammivapettai	IN	18745
3457770	Marechal Floriano	BR	18743
2640861	Oswestry	GB	18743
3472444	Altônia	BR	18742
1278742	Amod	IN	18742
4226348	토머스빌	US	18742
2755272	Groesbeek	NL	18741
1258501	Rangāpāra	IN	18739
1261998	Nanauta	IN	18738
1258278	Raybag	IN	18736
3025715	Chaville	FR	18735
2936974	Dillingen an der Donau	DE	18734
2156663	Mount Eliza	AU	18734
4805404	Fairmont	US	18733
4061234	Fairhope	US	18730
1795708	Shekou	CN	18730
3127007	Calella	ES	18728
1717051	Compostela	PH	18727
8406200	Dongjia	CN	18727
8425970	Huby	PL	18727
283621	Idhnā	PS	18727
2953400	Bad Münder am Deister	DE	18726
1265607	쿤드골	IN	18726
1262444	Murbād	IN	18725
2990616	Neuilly-Plaisance	FR	18725
1162589	Warah	PK	18724
3031709	Bonneuil-sur-Marne	FR	18723
10311179	Koga	JP	18723
1264795	Lonand	IN	18723
1254329	Tiruvankod	IN	18723
8532041	Mission Hill	US	18722
6317910	Pedra Preta	BR	18722
1253782	Una	IN	18722
1108161	Chuhar Jamali	PK	18721
1863953	Fukura	JP	18721
1689099	San Marcelino	PH	18721
7258671	Greater Upper Marlboro	US	18720
3392145	Picuí	BR	18720
12719848	Tak Long Estate	HK	18720
5795011	Frederickson	US	18719
2516925	Guadix	ES	18718
717771	Mátészalka	HU	18718
2841386	Sarstedt	DE	18718
897454	Sinda	ZM	18716
13589242	Dewdney East	CA	18715
3524391	Lerdo de Tejada	MX	18715
3405852	Belém de São Francisco	BR	18713
2285161	Lobakuya	CI	18713
3047967	모하치	HU	18711
7839094	Evanston	CA	18710
1607793	Phan Thong	TH	18708
3391762	Pocinhos	BR	18708
2835382	Schwalbach	DE	18708
12719547	Keng Hau	HK	18707
3407091	Aroeiras	BR	18705
3527542	Comalapa	MX	18704
138381	Choghādak	IR	18702
418444	Varnāmkhvāst	IR	18700
3402875	Cariús	BR	18699
1849073	Utazu	JP	18699
3665934	Villanueva	CO	18699
937246	Zastron	ZA	18699
2953522	Bad Dürkheim	DE	18698
7289825	Bur Dubai	AE	18698
2698729	Kungsbacka	SE	18698
10689661	Pālda	IN	18697
2646542	Horwich	GB	18696
5099738	Iselin	US	18695
2748591	Pijnacker	NL	18695
3184935	레저	AL	18695
1825093	Samraong	KH	18694
4225309	Suwanee	US	18694
4528291	Whitehall	US	18694
2641319	Lancing	GB	18692
298088	Varto	TR	18691
5103580	Rutherford	US	18690
5122413	Islip	US	18689
2461034	Andéranboukan	ML	18688
1270509	Haldaur	IN	18686
4018320	Arcelia	MX	18685
554199	Kalininsk	RU	18685
2851079	Radeberg	DE	18683
6316774	Cantá	BR	18682
3173124	Monselice	IT	18682
3172718	Montevarchi	IT	18682
1348562	Srirāmpur	IN	18682
2974188	Sorgues	FR	18681
3674412	Morales	CO	18678
755889	비엘리치카	PL	18677
4512060	Forest Park	US	18676
728317	Peshtera	BG	18676
12156884	O'Connor-Parkview	CA	18675
2557019	Asni	MA	18674
3388147	São Raimundo das Mangabeiras	BR	18672
3495857	Neiba	DO	18670
12719552	Un Chau Estate	HK	18670
4373238	Westminster	US	18670
8416814	Gulu	CN	18669
3091969	Międzyrzecz	PL	18669
1263826	Māndvi	IN	18669
12450712	Weiwu'eryuqiwen	CN	18669
736357	Édessa	GR	18669
1870434	신막	KP	18669
1689087	San Mariano	PH	18668
2970148	Vence	FR	18668
1819554	Lam Tin	HK	18666
6087579	New Glasgow	CA	18665
6534267	Casavatore	IT	18663
1253512	Valabhīpur	IN	18663
6833189	Glugor	MY	18662
10436800	Kardhān	IN	18662
147425	Neftçala	AZ	18661
1268501	Kalāyat	IN	18660
8416210	Tongle	CN	18659
11669845	Kirkdale	GB	18657
3591060	Puerto San José	GT	18655
11919779	Saint-Barthélémy	FR	18655
3406887	Bacuri	BR	18654
4893037	Frankfort	US	18653
3514518	Xico	MX	18652
5164582	Niles	US	18651
712930	발라클라바	UA	18649
1816838	Shuanglong	CN	18646
571557	브로니치	RU	18645
683034	칼라파트	RO	18643
4018831	Juan Aldama	MX	18642
13353512	Kurumathur	IN	18641
13100428	Kim	IN	18638
8573188	Sugamo	JP	18637
8416934	Cuiyun	CN	18636
487147	Stroitel	RU	18636
13494697	Mamsapuram	IN	18635
1066831	Beroroha	MG	18632
1734762	Merlimau	MY	18632
3847613	Las Varillas	AR	18631
1853743	Oshima	JP	18630
3939386	Huanta	PE	18627
13353511	Mangattidam	IN	18627
3451362	Ribeirão Branco	BR	18627
3389721	Sanharó	BR	18624
1256260	Silvāni	IN	18623
3207197	Vellmar	DE	18623
1148106	Ārt Khwājah	AF	18623
2966749	Ballincollig	IE	18621
5261969	Marshfield	US	18620
3447927	Seara	BR	18620
3002647	Le Plessis-Trévise	FR	18618
2119932	바니노	RU	18618
3466931	Carlos Chagas	BR	18615
12156821	North St.James Town	CA	18615
6166580	Tillsonburg	CA	18615
1481929	Myenigon	MM	18614
2111272	Rokugō	JP	18613
2650309	Eastwood	GB	18612
4770714	로턴	US	18610
8405713	Panlong	CN	18609
3461935	Guará	BR	18606
770966	Hrubieszów	PL	18605
1744508	Seputeh	MY	18605
1254012	Tyāgadurgam	IN	18605
2433055	Dourbali	TD	18604
256622	Néa Erythraía	GR	18604
3458134	Mairi	BR	18602
1490281	Talitsa	RU	18602
2208330	화카타네	NZ	18602
2924915	Freudenberg	DE	18601
583983	아그리스	RU	18601
8642874	Rwiimi	UG	18600
1512568	Toshloq	UZ	18600
52078	제일라	SO	18600
1015776	Bredasdorp	ZA	18599
1266862	Khārupatia	IN	18599
8407595	Apengjiang	CN	18596
1068387	Befandriana	MG	18596
1609795	Khon Buri	TH	18596
151929	Nangwa	TZ	18595
3034911	바르르뒤크	FR	18595
11951298	Sachsenheim	DE	18594
562161	갈리치	RU	18594
5101427	모리스타운	US	18594
729581	Lom	BG	18593
2715946	에슬뢰브	SE	18592
3636861	La Paragua	VE	18591
2520833	Bormujos	ES	18590
2974655	Seynod	FR	18590
8398266	Tonggu	CN	18590
3723841	앵슈	HT	18590
13494696	Palappallam	IN	18589
8347871	Cherrybrook	AU	18588
12156835	Eringate-Centennial-West Deane	CA	18588
3083878	Szamotuły	PL	18588
201841	Mugina	RW	18586
6354897	Rivière-du-Loup	CA	18586
1280822	Kokyar	CN	18582
1688949	San Miguel	PH	18582
7573818	Tutume	BW	18582
721592	Csongrád	HU	18580
8128721	Peacehaven	GB	18579
3093902	Łask	PL	18577
11664942	Pālaiyampatti	IN	18576
12719787	Lei Tung Estate	HK	18575
3591851	Palencia	GT	18574
3838684	Rodeo del Medio	AR	18574
8405715	Yinping	CN	18574
978677	Marquard	ZA	18573
2263523	Santa Iria da Azóia	PT	18573
6105815	피트메도스	CA	18573
311314	İncirliova	TR	18572
4427569	Gautier	US	18570
4885342	Bourbonnais	US	18569
4894061	Goodings Grove	US	18569
1610185	Kaset Wisai	TH	18569
1820574	Serasa	BN	18569
1490085	Tarko-Sale	RU	18568
1853485	오야마 정	JP	18568
13156765	Nadim Tiruvuru	IN	18567
3659599	Catamayo	EC	18565
2650376	East Molesey	GB	18565
2836203	Schramberg	DE	18565
2634340	West Molesey	GB	18565
3175458	Ischia	IT	18564
13353433	Jadugora	IN	18563
1802695	Longchang	CN	18563
2993679	Mitry-Mory	FR	18562
1276353	Bhadaur	IN	18561
3028486	Carvin	FR	18561
1272177	Durgāpur	IN	18561
3672086	Pizarro	CO	18561
1275804	붐	IN	18561
2998311	Limay	FR	18559
2699282	Kristinehamn	SE	18557
2523902	Palmi	IT	18556
13546410	Aung San	MM	18555
1488933	Turinsk	RU	18555
2954695	Aue	DE	18554
3394380	Morros	BR	18554
2756619	Driebergen-Rijsenburg	NL	18553
162560	Zākīyah	SY	18553
10776734	Chandili	IN	18552
3490165	Half Way Tree	JM	18552
3457454	Matipó	BR	18552
9972578	Sunshine West	AU	18552
1914237	Ciyun	CN	18551
2471475	Douar Tindja	TN	18551
2469262	Mennzel Bou Zelfa	TN	18551
477301	발다이	RU	18549
4900817	머콤	US	18547
578931	바리시	RU	18547
3462536	Garuva	BR	18545
1259818	Phalauda	IN	18545
3388635	São João Batista	BR	18544
3445781	Una	BR	18544
488852	스타로두프	RU	18539
2885672	콘츠	DE	18539
2025404	Chigiri	RU	18538
12440491	Hudiyuzi	CN	18537
1172513	Lachi	PK	18537
3456707	Morro da Fumaça	BR	18537
3009443	La Flèche	FR	18536
10689554	Bānk	IN	18534
2146218	Torquay	AU	18534
3669947	San Diego	CO	18531
3179415	Castiglione delle Stiviere	IT	18530
2289433	Ebilassokro	CI	18530
12129128	Reni	UA	18530
1270291	Harpālpur	IN	18529
12358509	Nuofu	CN	18529
159951	Galappo	TZ	18528
12749851	Csepel-Csillagtelep	HU	18527
2518924	Daimiel	ES	18527
3629768	Pueblo Nuevo	VE	18525
2795398	Hoogstraten	BE	18524
5102796	포인트플레전트	US	18523
3167978	San Mauro Torinese	IT	18521
3642260	El Pao	VE	18520
4673353	벨레어	US	18518
2511447	San Bartolomé	ES	18517
7147568	East Mount Airy	US	18516
4535783	El Reno	US	18516
2549981	Kelaat Mgouna	MA	18515
1620924	Ban Bang Bamru	TH	18514
2637330	Southsea	GB	18514
3468314	Cafarnaum	BR	18513
11549959	Ciudad Jardín	ES	18513
712886	Balta	UA	18511
165929	Qaţanā	SY	18511
5336667	Chowchilla	US	18510
5371858	Mead Valley	US	18510
9969716	Taftan	PK	18510
3983820	Santa Rosa Jáuregui	MX	18508
1152919	Khao Yoi	TH	18506
2744344	Winschoten	NL	18506
6545105	La Bordeta	ES	18505
2873291	Marktoberdorf	DE	18505
3874958	푸에르토 나탈레스	CL	18505
3472138	Anicuns	BR	18503
2096742	Goroka	PG	18503
2154481	Officer	AU	18503
682321	Cernavodă	RO	18502
4358821	Hyattsville	US	18501
2986933	Plaisance-du-Touch	FR	18501
1907990	Qianhu	CN	18501
234480	Buikwe	UG	18500
1580730	Hoang Cau	VN	18500
8299620	Isle of Lewis	GB	18500
586631	Jorat	AZ	18500
12048038	Wealdstone	GB	18500
1491999	Shumikha	RU	18499
1008064	Driekoppies	ZA	18498
2639588	Rawmarsh	GB	18498
2791424	Meise	BE	18497
285603	Janūb as Surrah	KW	18496
3452547	Potirendaba	BR	18496
1258592	Rāmpura	IN	18495
4563308	Cayey	PR	18494
1268846	Jogipet	IN	18494
13118274	FELDA Chini	MY	18493
5730183	Happy Valley	US	18493
11838094	Brera	IT	18492
707155	Kalynivka	UA	18492
13546403	Myo Thit Ka	MM	18491
2788499	Quaregnon	BE	18491
2896538	Illingen	DE	18488
2112354	Karasuyama	JP	18488
8425986	Szczepin	PL	18488
2839050	Schkeuditz	DE	18487
3465935	Colina	BR	18486
13512383	Central Lonsdale	CA	18485
3613361	Colomoncagua	HN	18484
2015051	Trudovoye	RU	18484
3010237	La Chapelle-sur-Erdre	FR	18481
12196119	Alang	IN	18480
9972579	Altona Meadows	AU	18479
288902	Badīyah	OM	18479
13512546	Downtown Eastside	CA	18477
915471	Kalabo	ZM	18477
1221259	Kolkhozobod	TJ	18476
1276927	Barkā Kānā	IN	18475
3457105	Mirangaba	BR	18474
689159	Volochysk	UA	18474
125938	Lālī	IR	18473
119586	Qaşr-e Shīrīn	IR	18473
1863398	Haibara-akanedai	JP	18472
3117636	Malgrat de Mar	ES	18472
3035667	Avion	FR	18470
2656039	Bedlington	GB	18470
1273153	Deshnoke	IN	18470
2906530	Hemmingen	DE	18470
1253634	Ūttangarai	IN	18470
10469677	Chicholi	IN	18469
1264195	Mukandgarh	IN	18469
2869994	Mölln	DE	18469
5265702	Onalaska	US	18468
3408073	Alcântara	BR	18467
1256955	Sāvli	IN	18467
708251	Hostomel	UA	18466
1254249	Tondi	IN	18465
113632	Taft	IR	18464
2815559	Wadgassen	DE	18464
3110101	Sant Quirze del Vallès	ES	18462
3474501	Comodoro	BR	18461
4908236	Round Lake	US	18461
8348081	Ballajura	AU	18459
3437954	Itá	PY	18459
10910171	Kannapuram	IN	18459
121781	Oskū	IR	18459
4734005	Stafford	US	18459
1150154	Thoen	TH	18459
3841149	Pilar	AR	18455
1259361	Pottanūr	IN	18455
1260938	Padampur	IN	18454
2736930	Ovar	PT	18452
2635243	Uckfield	GB	18452
3349222	Cubal do Lumbo	AO	18451
1692199	Quezon	PH	18451
4917298	Yorkville	US	18451
3457487	Matelândia	BR	18450
623760	Pastavy	BY	18450
3472864	Águas Formosas	BR	18448
5779036	North Ogden	US	18446
1270824	구비	IN	18446
4313697	윈체스터	US	18446
6698360	Babor	DZ	18445
5974407	Hespeler	CA	18445
438055	Narlıca	TR	18445
1253772	Unchahra	IN	18442
4884509	Bensenville	US	18440
3089965	Orzesze	PL	18438
1276885	Baroda	IN	18437
3689458	Astrea	CO	18434
1267116	Khali Kachigam	IN	18434
1262013	Nāmrup	IN	18432
2021066	Kyakhta	RU	18431
158179	Katerero	TZ	18430
1261512	Neral	IN	18429
2596874	Erémankono	CI	18428
151266	Nyakabindi	TZ	18428
10704820	Sirgittī	IN	18428
1263900	Mandapam	IN	18427
1278969	Along	IN	18425
3037514	Annonay	FR	18423
2821515	트라운슈타인	DE	18422
2644849	Larne	GB	18421
2523998	Noto	IT	18421
1517501	Turar Ryskulov	KZ	18421
2754073	Hillegom	NL	18419
4691833	Forney	US	18418
2345152	Darazo	NG	18415
2504739	Beni Amrane	DZ	18414
757809	Sulejówek	PL	18414
1860335	Kamogatachō-kamogata	JP	18412
5127315	Monsey	US	18412
522301	Nezlobnaya	RU	18412
8543780	Governador Edison Lobão	BR	18411
2473876	El Alia	TN	18410
1859355	Kitagata	JP	18410
12718680	Méchouar-Kasba	MA	18410
2638864	Saint Andrews	GB	18410
3428359	Santa Elena	AR	18410
4291620	Fern Creek	US	18409
3557332	Guisa	CU	18408
361219	Al Ḩammām	EG	18407
9511750	San José de los Olvera	MX	18406
13512367	Carey	CA	18405
1266051	코타	IN	18405
12070061	San Ferdinando	IT	18404
3537845	Santa Cruz del Norte	CU	18402
13308755	Wushipai	CN	18400
2306119	Aburi	GH	18399
531820	Malakhovka	RU	18399
1608136	Non Sung	TH	18399
4341378	Shenandoah	US	18399
1862201	Honjō	JP	18398
6318095	Quitandinha	BR	18398
683365	Buhuşi	RO	18395
3080071	Złotów	PL	18395
1905431	Kaitang	CN	18394
1713027	General Mamerto Natividad	PH	18393
548622	Kinel’-Cherkassy	RU	18393
847422	Myyrmäki	FI	18393
3398192	Inhapi	BR	18392
8572985	Hasune	JP	18388
8348824	Highton	AU	18388
4109785	El Dorado	US	18386
3390659	Reriutaba	BR	18385
1154677	Ban Tak	TH	18384
2150669	Saint Ives	AU	18384
1849675	Minakami	JP	18383
3180133	Casamassima	IT	18380
5012521	트렌턴	US	18380
3892934	쿠라카비	CL	18378
250152	Aydūn	JO	18376
3668472	Santa Rosa	CO	18375
3855244	Gálvez	AR	18374
2876755	Löbau	DE	18374
314812	Gazipaşa	TR	18371
1262794	Moram	IN	18371
1849706	Tsukawaki	JP	18371
5146089	애슈터뷸라	US	18371
580218	Avtury	RU	18370
3453544	Pirapora do Bom Jesus	BR	18370
2965353	Cluain Meala	IE	18369
10261502	Kādīpur	IN	18369
3471208	Baependi	BR	18366
4334720	Natchitoches	US	18365
2936253	Donauwörth	DE	18364
3389012	São Benedito do Rio Preto	BR	18364
1856938	Mitake	JP	18363
2659297	올텐	CH	18362
3838506	Rufino	AR	18361
1274284	Chhoti Sādri	IN	18360
11463882	Vāzhakulam	IN	18358
1013199	Clydesdale	ZA	18357
3387242	Solonópole	BR	18357
3102677	Braniewo	PL	18356
2699791	Köping	SE	18355
2261639	Vila Franca de Xira	PT	18355
1657897	Borikhan	LA	18354
5249871	Cudahy	US	18353
3654055	Montecristi	EC	18351
1066248	Betroka	MG	18350
1271871	Fort Gloster	IN	18350
12524323	Seppa	IN	18350
1264248	Majhiāon Kalān	IN	18349
3429403	Saladas	AR	18349
2759915	Alblasserdam	NL	18348
1254694	Thākurganj	IN	18348
3918937	Cotoca	BO	18347
1215468	Barus	ID	18346
5097315	Dover	US	18346
2811909	Weißenburg in Bayern	DE	18345
2207268	Maroochydore	AU	18342
4905006	Ottawa	US	18342
1262073	Naldurg	IN	18341
1882044	Outram Park	SG	18340
3405993	Batalha	BR	18338
1254624	Thāsra	IN	18337
8649747	Lingquan	CN	18336
2283504	Niapidou	CI	18336
5394842	Shafter	US	18336
3407758	Amaraji	BR	18335
8740328	Bada Malhera	IN	18335
1864098	Fujioka	JP	18335
3095277	Konstantynów Łódzki	PL	18335
11288635	Crocetta	IT	18334
3515373	Tlaquiltenango	MX	18334
2439812	Say	NE	18333
1268545	Kākori	IN	18332
2982944	Ronchin	FR	18331
2643096	Mansfield Woodhouse	GB	18330
10409864	Kanaishima	JP	18329
1279061	Alangāyam	IN	18327
1274414	Cheranmahadevi	IN	18327
8418774	Guchang	CN	18327
11550014	San Pascual	ES	18327
7373739	Shaoyu	CN	18327
1274394	Chetput	IN	18326
8012683	Labrador	AU	18326
734712	Peraía	GR	18326
198537	Emali	KE	18325
2290609	Dabakala	CI	18322
2656397	뱅고어	GB	18322
379014	Al Qiţena	SD	18321
2257329	Mouyondzi	CG	18321
3204793	Apatin	RS	18320
2655210	Bonnyrigg	GB	18320
2995121	Mauguio	FR	18320
4772943	Midlothian	US	18320
3461592	Ibipeba	BR	18319
3699831	Aguaytía	PE	18318
8403846	Danzi	CN	18318
1258658	Rāmjībanpur	IN	18318
1283484	Dārchulā	NP	18317
2065594	마운트아이자	AU	18317
3025509	Chennevières-sur-Marne	FR	18314
1906074	Jiuchao	CN	18314
3118228	Laudio / Llodio	ES	18314
2511202	Santa Brígida	ES	18314
1908004	Wenquan	CN	18314
1704758	Maasin	PH	18313
3451476	Riachão do Dantas	BR	18313
581179	아르돈	RU	18313
4929004	에임즈베리	US	18313
4893070	Franklin Park	US	18312
8480062	Meadowbrook	US	18312
8858109	Parque Industrial Ciudad Mitras	MX	18312
3400739	Esperantinópolis	BR	18311
4542367	McAlester	US	18310
589426	Pirita	EE	18310
3447063	Taió	BR	18310
3456750	Morretes	BR	18309
3453158	Pontalina	BR	18309
10896944	Hutagalli	IN	18308
12382532	Quankou	CN	18308
1856586	Mori	JP	18306
4169455	Punta Gorda Isles	US	18306
6111704	포트콜본	CA	18306
1160120	Nehbandān	IR	18304
3711125	El Chorrillo	PA	18302
1269927	Howli	IN	18301
2659748	Martigny-Ville	CH	18301
3472507	Alpinópolis	BR	18300
1514125	Do’stlik Shahri	UZ	18300
2647679	Hadleigh	GB	18300
8629023	Kisinga	UG	18300
543731	Kotel’niki	RU	18300
505230	Priozërsk	RU	18300
13561926	Vanchiglietta	IT	18300
1273756	Daboh	IN	18298
11184400	Talod	IN	18298
577901	Beloozyorskiy	RU	18297
3859904	Crespo	AR	18296
11611483	Taku	JP	18295
3855554	Firmat	AR	18294
2877709	Lilienthal	DE	18293
3133904	Tromsdalen	NO	18291
3448033	Sapucaia	BR	18289
8408394	Dianshui	CN	18288
4717232	팔레스타인	US	18288
2686162	Oskarshamn	SE	18287
2473420	Ouardenine	TN	18287
5438567	Sherrelwood	US	18287
3035883	Autun	FR	18283
3541446	Sagua de Tánamo	CU	18282
2981492	Saint-Avold	FR	18281
1908016	Yongping	CN	18279
9277769	Yono	JP	18279
2282566	Pélézi	CI	18278
2596460	Ribat Al Khayr	MA	18278
4382837	Creve Coeur	US	18276
13494695	Palugal	IN	18276
3094788	Krapkowice	PL	18275
3881285	로스빌로스	CL	18275
4347839	Ballenger Creek	US	18274
4681485	Cinco Ranch	US	18274
3523202	Milpa Alta	MX	18274
3393095	Paraibano	BR	18274
246314	Umm as Summāq	JO	18274
2972270	Tourlaville	FR	18273
2939747	Crimmitschau	DE	18272
1280361	Oytograk	CN	18271
2517750	Felanitx	ES	18270
3468858	Buerarema	BR	18269
2853928	Pfullingen	DE	18269
8573717	Shimoigusa	JP	18269
990825	Kinross	ZA	18266
766810	Łańcut	PL	18266
4066811	Helena	US	18264
2941279	Burghausen	DE	18263
6822185	Rikuzen-Takata	JP	18262
2643003	Marlow	GB	18261
4946620	Palmer	US	18261
8406677	Erong	CN	18260
8573184	Nagasaki	JP	18260
13494694	Inam Maniyachi	IN	18258
1271286	Ghogardīha	IN	18257
3725276	Fond Parisien	HT	18256
3110360	San Martín de la Vega	ES	18256
987202	Kriel	ZA	18255
2865376	Neufahrn bei Freising	DE	18255
2782480	Ansfelden	AT	18251
4147241	Belle Glade	US	18251
2748178	Rhoon	NL	18250
2977845	Saint-Omer	FR	18250
8408661	Xintian	CN	18249
2783081	Zwijndrecht	BE	18249
2883784	Kronach	DE	18248
7262761	Makakilo	US	18248
8858110	Mitras Poniente	MX	18246
4759968	Franconia	US	18245
3472869	Águas de Lindóia	BR	18245
11439700	Vengikkal	IN	18244
3924674	Xapuri	BR	18243
3050719	컬로처	HU	18242
79455	Al Ḩazm	YE	18241
2956710	Alzey	DE	18241
2863716	Nidda	DE	18241
3983636	Santiago Ixcuintla	MX	18241
758626	Sokołów Podlaski	PL	18241
2965715	Carrigaline	IE	18239
2251688	Gandiaye	SN	18239
2251470	Goudomp	SN	18239
1734389	Lunas	MY	18236
1253984	Udaipura	IN	18236
1808176	Hong’an	CN	18235
2648988	Fulwood	GB	18233
2790697	Morlanwelz-Mariemont	BE	18233
3515040	Tulum	MX	18233
5152833	Eastlake	US	18232
3621440	Siquirres	CR	18231
3037051	Argentan	FR	18230
2464795	Thala	TN	18230
2083537	웨와크	PG	18230
4396915	Manchester	US	18229
5333282	Cameron Park	US	18228
1528339	Nookat	KG	18228
2942634	Buchen in Odenwald	DE	18226
3459495	Júlio de Castilhos	BR	18226
8858111	Villa del Prado 2da Sección	MX	18226
2468329	Galaat el Andeless	TN	18225
3183587	Abano Terme	IT	18224
2172995	Burwood	AU	18224
1276600	Behat	IN	18223
550671	Kharabali	RU	18223
3383714	Lelydorp	SR	18223
3471094	Baixa Grande	BR	18220
695357	Kurakhove	UA	18220
11549927	Justicia	ES	18219
5173048	Steubenville	US	18219
785345	Studeničani	MK	18219
784424	Vinica	MK	18218
3532989	Altepexi	MX	18217
3400497	Farias Brito	BR	18217
3456357	Nazaré Paulista	BR	18217
4525304	Springboro	US	18213
10878435	Trikarpūr North	IN	18210
584126	Afipskiy	RU	18209
1266744	Khetri	IN	18209
7257422	Wallingford Center	US	18209
3686445	Chivolo	CO	18208
596238	팔랑가	LT	18207
6695247	Chapel Allerton	GB	18206
2873289	Marktredwitz	DE	18204
2521676	Archena	ES	18202
6318160	Rio Maria	BR	18201
231848	Katoke	UG	18200
13645608	Vitryani Hory	UA	18200
1819003	San Po Kong	HK	18199
3015902	Givors	FR	18198
1442266	Kheri Nāngal	IN	18195
2510743	Tavernes de la Valldigna	ES	18195
361995	Abū Ţisht	EG	18194
13353677	Pasthal	IN	18194
3175453	Ischia Porto	IT	18192
9192873	Ōgushi	JP	18192
3179162	Cento	IT	18191
1267745	Kariapatti	IN	18191
2523136	Sestu	IT	18191
2658011	Wettingen	CH	18191
718739	Kisvárda	HU	18190
7258832	Lanham-Seabrook	US	18190
2032614	바룬우르트	MN	18190
2661810	Allschwil	CH	18189
3591093	Tiquisate	GT	18189
2891014	Kierspe	DE	18188
116725	Sarvestān	IR	18187
3901504	Villa Yapacaní	BO	18187
8062667	Clark-Fulton	US	18185
2756342	Eersel	NL	18185
542184	Krasnovishersk	RU	18185
143471	‘Anbarābād	IR	18185
1271396	Gairtganj	IN	18184
1254709	Tezu	IN	18184
2916630	Großenhain	DE	18183
2561358	Agouraï	MA	18182
974611	Montagu	ZA	18182
148340	Pushkino	AZ	18182
2759132	Bergeijk	NL	18181
4386289	Farmington	US	18181
3670038	San Benito Abad	CO	18181
2284314	Mignouré	CI	18180
2282240	Rubino	CI	18180
6093513	Wîhkwêntôwin	CA	18180
285782	Al Mahbūlah	KW	18178
1269441	Jalālī	IN	18177
5527953	Pampa	US	18177
316542	Diyadin	TR	18172
3979822	Zacoalco de Torres	MX	18172
2153720	Pascoe Vale	AU	18171
7517492	Gaolou	CN	18170
1176218	Jand	PK	18170
715466	Szarvas	HU	18170
2510599	타리파	ES	18169
3470470	Barreiro do Jaíba	BR	18167
497610	Sel’tso	RU	18167
2523693	Pozzallo	IT	18166
1271464	Gaurela	IN	18165
4951248	Somerset	US	18165
4155726	Florida Ridge	US	18164
281165	‘Abasān al Kabīrah	PS	18163
3601159	Sulaco	HN	18161
5794559	Five Corners	US	18159
2390731	Zinvié	BJ	18157
4456703	Boone	US	18156
4013669	Coalcomán de Vázquez Pallares	MX	18156
3012313	Joinville-le-Pont	FR	18154
3456530	Muniz Freire	BR	18153
4172434	Seminole	US	18153
6318532	São Luís Gonzaga do Maranhão	BR	18153
3447374	Souzas	BR	18152
8420197	Jianlong	CN	18151
3456863	Monte Azul Paulista	BR	18151
12718754	Ndevana	ZA	18151
4169452	Punta Gorda	US	18150
5388735	Rosamond	US	18150
3467780	Campo do Brito	BR	18149
2647198	Heckmondwike	GB	18149
161940	Gämi	TM	18148
1802541	Longlin	CN	18148
3397680	Jaguaretama	BR	18147
490	Lavāsān	IR	18146
616887	Artik	AM	18145
2169145	Deer Park	AU	18145
3175775	Grottaferrata	IT	18144
8199699	Singampunari	IN	18143
2761164	Wilten	AT	18142
1023332	Alice	ZA	18141
11185885	Moonak	IN	18141
13353510	Palayad	IN	18141
695965	Pyatykhatky	UA	18140
2823368	Tettnang	DE	18135
3401511	Croatá	BR	18133
1798408	Puzi	CN	18133
3689905	Andalucía	CO	18132
2110991	Shōbudahama	JP	18132
293823	Qiryat Tiv‘on	IL	18130
7326405	Baiguan	CN	18129
3388926	São Caetano de Odivelas	BR	18129
3640956	Escuque	VE	18128
1253219	Vettaikkaranpudur	IN	18128
1280691	Lop	CN	18127
1259709	Pichor	IN	18127
3567546	Bejucal	CU	18123
10263054	Bakarwāla	IN	18122
1207144	Charāmaddi	BD	18122
1220905	Norak	TJ	18122
3042968	Veresegyház	HU	18122
1905846	Bibo	CN	18121
10846576	Koipādi	IN	18121
1180295	Dera Bugti	PK	18120
354123	Kafr Sa‘d	EG	18120
6318978	Terra Roxa	BR	18119
1090225	Koungou	YT	18118
4152564	Cutler	US	18117
704138	Kreminna	UA	18116
3087281	Reda	PL	18116
1680040	Veruela	PH	18114
2808893	Wildeshausen	DE	18114
256598	네아마크리	GR	18114
4244099	Mattoon	US	18113
8406198	Baohe	CN	18112
2654450	Brymbo	GB	18111
696677	Polohy	UA	18111
3177099	Fermo	IT	18109
5324802	Arroyo Grande	US	18108
3467687	Campos Belos	BR	18108
3123667	El Astillero	ES	18108
1708291	Labo	PH	18105
3385504	Varjota	BR	18105
425309	Gatumba	BI	18104
5785657	아나코티스	US	18103
8405721	Bishan	CN	18102
12048142	East Barnet	GB	18100
231280	Kikube	UG	18100
13580102	Lypky	UA	18100
5924579	Cobourg	CA	18099
2907551	Heiligensee	DE	18099
3120501	Humanes de Madrid	ES	18098
1160907	Jālq	IR	18098
1790296	Xiaochuan	CN	18098
7627288	Äußere Neustadt	DE	18098
2112570	Ishitsuka	JP	18097
2867770	Müllheim	DE	18097
6317658	Mucajaí	BR	18095
1512205	Abaza	RU	18094
1562279	Long Diền	VN	18093
12719439	Hok Yuen	HK	18091
12719440	Laguna Verde	HK	18091
7870884	Auburn Bay	CA	18090
2388720	Boali	CF	18090
5803786	먼로	US	18090
2389804	Baoro	CF	18089
2290000	Dikodougou	CI	18087
3648127	Boconoito	VE	18086
1142404	Eslam Qaleh	AF	18086
5386015	랜초미라지	US	18083
3471609	Areia Branca	BR	18081
2885412	Korntal	DE	18081
6316312	Água Azul do Norte	BR	18080
2929865	Eppelborn	DE	18079
125489	Mādavān	IR	18078
1818905	Shek Kip Mei	HK	18078
7329905	Baihe	CN	18077
2299645	케타	GH	18077
2794179	Koersel	BE	18076
3670370	Salamina	CO	18076
3315404	Templeogue	IE	18076
5198034	Limerick	US	18074
791606	데바르	MK	18074
10941132	Māchai	IN	18073
7091861	Ban Chalong	TH	18072
13100434	Mililani Mauka / Launani Valley	US	18072
3071507	Louny	CZ	18068
11656566	Eruvādi	IN	18067
11463524	Namminikara	IN	18067
13495394	Blundell	CA	18065
721378	Diósgyőr	HU	18065
4845871	Wilton	US	18062
2748185	Rhenen	NL	18061
6659958	Bīdestān	IR	18060
2530704	Tamallalt	MA	18060
1254640	Thara	IN	18060
1269026	Jhalidā	IN	18057
12157093	Santa Rosa	PE	18057
3028535	Carquefou	FR	18056
3128272	Benicàssim	ES	18055
3084241	Sulechów	PL	18055
715839	Sátoraljaújhely	HU	18052
13353676	Aurangabad Cantonment	IN	18051
1271923	Fatehgarh Chūriān	IN	18051
3668302	San Vicente	CO	18051
2516004	L'Eliana	ES	18050
3457247	Mendes	BR	18049
2129262	Memuro-minami	JP	18048
2294676	Tepa	GH	18046
5121636	헌팅턴	US	18046
133852	Pārsiān	IR	18045
3108008	Tolosa	ES	18044
292991	Abū Hayl	AE	18043
523392	나리얀마르	RU	18041
3443341	카멜로	UY	18041
2655642	Bingley	GB	18040
12718710	Umutara	RW	18038
2953317	Bad Wildungen	DE	18037
934750	Bel Air Rivière Sèche	MU	18036
3027763	Cestas	FR	18036
6621036	La Baie	CA	18036
4166805	Ojus	US	18036
720284	Hajdúnánás	HU	18032
3464720	Dianópolis	BR	18031
10925009	Kunnummal	IN	18031
3173599	Melzo	IT	18031
2798573	오이펜	BE	18029
2270148	Carnide	PT	18028
5393128	Santa Fe Springs	US	18026
3407486	São João do Rio do Peixe	BR	18026
593063	Visaginas	LT	18024
3912103	Laja	BO	18023
468671	Yasnogorsk	RU	18022
3115463	Nigrán	ES	18021
3403685	Camocim de São Félix	BR	18018
3200802	Futog	RS	18018
13353509	Kattur	IN	18017
641374	Pitäjänmäki	FI	18016
6091919	Oak Bay	CA	18015
1253595	Vadamadurai	IN	18015
3462882	Fundão	BR	18014
2960634	Dudelange	LU	18013
1254373	Tirumala	IN	18013
722636	Balmazújváros	HU	18012
4266307	Vincennes	US	18012
3467860	Campina Verde	BR	18011
3028337	Castelnau-le-Lez	FR	18011
158825	Izazi	TZ	18010
9633186	Fuki	JP	18009
1275882	Bhogpur	IN	18008
999602	Groot-Brakrivier	ZA	18008
10922736	Patiriyat	IN	18008
5107152	앰스터댐	US	18008
5420241	Durango	US	18006
6316607	Bom Jesus do Tocantins	BR	18005
3827248	San Andrés Cuexcontitlán	MX	18005
505806	Povorino	RU	18004
3466897	Carmópolis de Minas	BR	18003
1860271	Kanamachi	JP	18003
2172434	Capalaba	AU	18002
1904121	Guangpu	CN	18002
10888572	Satyāmangala	IN	18002
1276054	Bhattiprolu	IN	18001
5097357	Dumont	US	18001
2041533	Sakchu-ŭp	KP	18001
8475923	Al Jurf	AE	18000
2801858	Blankenberge	BE	18000
569636	Chegem	RU	18000
3530978	Chichén-Itzá	MX	18000
7290697	Izluchinsk	RU	18000
6311119	Kahandhale	ET	18000
13580319	Klov	UA	18000
155794	Lubata	TZ	18000
13132457	Madizini	TZ	18000
1385128	Musa Banda/Musa khan kallay	PK	18000
3346942	Nharêa	AO	18000
513896	Otradnoye	RU	18000
11905975	Tarakea	TZ	18000
3203106	부드바	ME	18000
2785169	튀비즈	BE	18000
713504	Amvrosiyivka	UA	17998
1276938	Barjala	IN	17998
2362669	Batié	BF	17997
578169	Belaya Glina	RU	17997
3712560	Changuinola	PA	17997
4581023	Hanahan	US	17997
2738348	Leça da Palmeira	PT	17996
3447708	Serra Preta	BR	17996
5718601	Central Point	US	17995
2510804	Son Rapinya	ES	17993
6157536	Stony Plain	CA	17993
6179268	Weston	CA	17992
2786700	Sint-Genesius-Rode	BE	17990
3531556	Carlos A. Carrillo	MX	17989
5775863	Highland	US	17989
13494693	Nalloor	IN	17989
4465088	Elizabeth City	US	17988
1264368	Mahīshādal	IN	17988
1256070	Sir Muttra	IN	17988
2292531	Azaguié	CI	17987
2651558	Dalserf	GB	17985
3192241	Ptuj	SI	17984
3460967	Itaberá	BR	17983
1812630	Dongchuan	CN	17982
4948924	Rockland	US	17982
4945256	뉴버리포트	US	17982
3396786	Lagoa do Carro	BR	17981
3390700	Regeneração	BR	17979
6620360	Hedge End	GB	17978
4982753	Westbrook	US	17978
468307	Yegorlykskaya	RU	17978
3896433	카르타헤나	CL	17978
2638600	Sandbach	GB	17976
548330	Kirsanov	RU	17975
743051	Kızılcahamam	TR	17975
3708066	La Cabima	PA	17975
3442778	Delta del Tigre	UY	17973
2712993	Gamla Uppsala	SE	17973
3171586	Palazzolo sull'Oglio	IT	17973
1348739	Dumjor	IN	17972
2324575	Rano	NG	17972
6847278	Teloi Kanan	MY	17972
1859388	Kishaba	JP	17969
1849733	Tsuha	JP	17969
3074893	흐라니체	CZ	17969
2641612	New Mills	GB	17968
4220629	St. Marys	US	17968
384104	Rangiro	RW	17967
306626	Konaklı	TR	17966
8858112	Tres de Mayo	MX	17966
4886738	Cary	US	17965
5123718	Lackawanna	US	17965
12719592	Heng Fa Chuen	HK	17963
6318130	Santo Anastácio	BR	17963
1240723	케갈레	LK	17962
3393455	Ourém	BR	17961
2521964	Aljaraque	ES	17960
1269625	Jadcherla	IN	17958
3172996	Montecatini-Terme	IT	17954
1261242	Noāmundi	IN	17954
13157127	Barwala	IN	17951
3451232	Rio Claro	BR	17950
683760	Breaza	RO	17949
2408329	Kabala	SL	17948
6696932	Kawage	JP	17948
231139	Kireka	UG	17947
941931	Warrenton	ZA	17946
137057	Dehāqān	IR	17945
12156886	Kensington-Chinatown	CA	17945
1261839	Narauli	IN	17945
1278345	Arukutti	IN	17944
2288002	Guéssabo	CI	17944
12450713	Arele	CN	17941
1346644	Arix	CN	17941
2886446	Kolbermoor	DE	17941
3792380	Tiquisio	CO	17939
6941937	Murudeshwara	IN	17938
1261382	Nīlokheri	IN	17938
3394817	Miracema do Tocantins	BR	17936
5225631	Westerly	US	17936
1501255	쿠르타미시	RU	17936
3543498	Primero de Enero	CU	17934
3665315	Anori	BR	17932
2166952	Fairfield	AU	17932
1153386	Hang Dong	TH	17931
3523590	Mapastepec	MX	17931
4120792	Maumelle	US	17931
2266988	Loulé	PT	17930
1261714	Nāteputa	IN	17930
2548623	Goulmima	MA	17929
1269970	Honnāli	IN	17928
12719542	Aldrich Bay	HK	17925
1908000	Wangyao	CN	17925
2520502	Callosa de Segura	ES	17924
4475622	Leland	US	17924
3593376	Lívingston	GT	17923
6691073	Altstadt Nord	DE	17922
2659310	Zürich (Kreis 11) / Oerlikon	CH	17922
2176123	Bentleigh	AU	17921
2818067	위터젠	DE	17921
2892874	Karlsfeld	DE	17920
13156907	Titabor Town	IN	17920
8430419	Olho d’Água das Cunhãs	BR	17919
5884588	Amos	CA	17918
3595171	Jocotenango	GT	17918
3090403	Oborniki	PL	17915
1257528	Samdari	IN	17915
693709	Skadovsk	UA	17915
1619415	Bang Len	TH	17914
3460531	Ituaçu	BR	17914
10263234	Saiyad-ul-ajaib	IN	17914
2841125	Bad Saulgau	DE	17911
1504251	Kasli	RU	17911
769981	Józefów	PL	17910
2992404	Montigny-lès-Cormeilles	FR	17910
2172264	Carnegie	AU	17909
1914275	Taiping	CN	17909
8348768	Yagoona	AU	17908
2520052	Cartaya	ES	17905
3009791	La Crau	FR	17905
8403867	Changtan	CN	17904
287614	하사브	OM	17904
11549988	Cármenes	ES	17903
3018455	Firminy	FR	17902
629018	Dobrush	BY	17901
141015	Māsāl	IR	17901
1024703	Maganja	MZ	17900
2656992	Ascot	GB	17899
6317151	Floresta do Araguaia	BR	17898
3456397	Não-Me-Toque	BR	17898
3114566	Palamós	ES	17898
3463350	Filadélfia	BR	17897
5279436	Wisconsin Rapids	US	17897
3463590	Fátima	BR	17895
2538573	Outat Oulad Al Haj	MA	17895
2274129	Sanniquellie	LR	17895
2888523	Kleinmachnow	DE	17892
1259296	Pudunagaram	IN	17892
2656258	Barrhead	GB	17890
3187609	비소코	BA	17890
13118912	Ranzan	JP	17889
3110458	산로렌소데엘에스코리알	ES	17889
4475640	Lenoir	US	17888
2820447	Uerdingen	DE	17888
2807240	Wittlich	DE	17887
462984	Zhirnovsk	RU	17887
1276653	Bayad	IN	17886
5129134	North Massapequa	US	17886
3664716	Canutama	BR	17885
3390674	Remígio	BR	17885
5136433	Scarsdale	US	17885
5128266	Nanuet	US	17882
11184277	Kanjari	IN	17881
1253578	Vadlapūdi	IN	17881
4326575	Gretna	US	17880
2831852	Sinzig	DE	17880
3175743	Grumo Nevano	IT	17879
1275925	Bhindār	IN	17878
11550004	Pradolongo	ES	17878
3185638	Fushë-Krujë	AL	17877
697771	Pelahiivka	UA	17877
3458333	Luz	BR	17875
10941133	Piranvādi	IN	17874
2515701	la Nucia	ES	17874
5838198	Sheridan	US	17873
2475740	Tizi Rached	DZ	17872
1715165	Del Remedio	PH	17871
686818	Zuhres	UA	17871
490067	소베츠크	RU	17869
2610020	Vordingborg	DK	17868
8948694	V.S.K.Valasai (Dindigul-Dist.)	IN	17865
505060	Privolzhsk	RU	17864
735764	Chortiátis	GR	17862
5128884	North Amityville	US	17862
1270437	Handiā	IN	17861
7281603	Manchester City Centre	GB	17861
152933	Msowero	TZ	17861
218253	Bondo	CD	17860
11333814	Avalēpalli	IN	17859
11203608	Narasimhanaickenpalayam	IN	17858
695344	Rozdilna	UA	17858
11612476	Shibetsu	JP	17858
739110	Tarabya	TR	17852
13494692	Adiyanuthu	IN	17851
2513052	Osuna	ES	17851
2658656	Zürich (Kreis 11) / Seebach	CH	17851
1830205	Pailin	KH	17850
1257260	Sarāi Mīr	IN	17849
1563704	Thị Trấn Trùng Khánh	VN	17849
6316976	Curionópolis	BR	17846
5215118	Tacony	US	17846
12718835	Tekwane	ZA	17846
1679678	Wao	PH	17845
1254198	Trāl	IN	17844
5558953	아르카타	US	17843
3130137	Amorebieta	ES	17842
3114957	Oria	ES	17842
9957350	Sunnybank Hills	AU	17842
2848762	Reinheim	DE	17841
10815768	Akalkuva	IN	17840
1865312	Anamizu	JP	17840
3405806	Belterra	BR	17839
4389418	Hannibal	US	17839
248414	Kurayyimah	JO	17837
544293	Kosaya Gora	RU	17836
2143973	Westmead	AU	17835
3093457	Libiąż	PL	17834
3395880	Major Isidoro	BR	17834
522410	Nevel’	RU	17832
3453010	Porciúncula	BR	17832
1855203	니시노오모테 시	JP	17832
3182289	Bastia umbra	IT	17831
1693839	Pilar	PH	17831
6318522	São José dos Quatro Marcos	BR	17830
235826	Zemio	CF	17829
3183490	Acqui Terme	IT	17828
371466	리어	SS	17827
455898	살라스필스	LV	17826
1275977	Bhīkhi	IN	17825
2648405	Glossop	GB	17825
11658143	Sīlappādi	IN	17824
3179109	Cercola	IT	17821
2899538	Holzwickede	DE	17821
5853992	와하이와	US	17821
4753671	Colonial Heights	US	17820
1783666	Nima	CN	17820
2955599	Arheilgen	DE	17819
11660715	Kulattuppālaiyam	IN	17819
934778	Bambous	MU	17818
711894	Bohodukhiv	UA	17818
12746531	Choi Hung Estate	HK	17817
2989204	Orsay	FR	17817
3460785	Itanhém	BR	17813
2756896	Didam	NL	17812
1481644	Okpo	MM	17812
12156868	St. Andrew-Windfields	CA	17812
7117885	Raduzhnyy	RU	17811
11500549	Rāmachettipālaiyam	IN	17809
2945542	Brakel	DE	17808
2981839	Saint-Amand-les-Eaux	FR	17808
627908	Hlybokaye	BY	17807
3108165	Teo	ES	17807
3556077	Jobabo	CU	17804
116326	Seyah Cheshmeh	IR	17804
4243899	Marion	US	17803
2744904	Weesp	NL	17802
749279	Çerkeş	TR	17802
1512978	Qo’shko’pir	UZ	17800
12718756	Tshiame	ZA	17800
1512423	Vobkent Shahri	UZ	17800
5096798	Colonia	US	17795
2266319	Moita	PT	17795
2949470	Bexbach	DE	17793
3397108	Jucurutu	BR	17793
4922968	로건즈포트	US	17793
1275619	Bilgi	IN	17792
2167840	Eastwood	AU	17792
2823812	Taufkirchen	DE	17791
2791194	Middelkerke	BE	17789
464790	Zapolyarnyy	RU	17789
3471917	Aporá	BR	17788
2560922	Aïn Beni Mathar	MA	17787
3007221	La Pomme	FR	17787
5130081	Oswego	US	17787
3403146	Capistrano	BR	17786
3002499	Le Pré-Saint-Gervais	FR	17786
3836011	Santa Rosa	AR	17785
3817809	Santa María Ajoloapan	MX	17784
3119027	Lasarte	ES	17782
344901	Mendefera	ER	17781
2997246	Lucé	FR	17780
6232009	Otahuhu	NZ	17780
581321	아프렐렙카	RU	17780
3177532	Domodossola	IT	17778
3095057	Kostrzyn nad Odrą	PL	17778
2441447	Maïné Soroa	NE	17778
3078833	Braník	CZ	17777
2659613	몽테	CH	17777
3001402	Les Clayes-sous-Bois	FR	17776
1262266	Nāgamangala	IN	17776
418886	Dastgerd	IR	17775
773357	Dęblin	PL	17775
3684276	El Doncello	CO	17775
159107	Ipinda	TZ	17775
3019766	La Baule-Escoublac	FR	17775
281793	Sa‘īr	PS	17775
2794070	Kortenberg	BE	17774
5366531	Linda	US	17773
1150728	San Pa Tong	TH	17773
5105433	Tinton Falls	US	17772
760584	Rawa Mazowiecka	PL	17770
3386604	Tartarugalzinho	BR	17769
1256715	Shāhpur	IN	17767
1273593	Dāmnagar	IN	17766
2637235	Spennymoor	GB	17766
2794663	Kasterlee	BE	17765
1708056	Laguilayan	PH	17764
2521554	Arroyo de la Miel	ES	17763
704858	Korsun-Shevchenkivskyi	UA	17763
1848825	Yae	JP	17763
1786209	Youchou	CN	17763
1218436	Saýat	TM	17762
1218420	Seydi	TM	17762
3468195	Cairu	BR	17761
8948708	Arpino	IT	17760
4239509	Godfrey	US	17759
2128072	Shiraoi	JP	17759
3573576	Tunapuna	TT	17758
12156883	Brookhaven-Amesbury	CA	17757
13353508	Manalur	IN	17757
2056881	Markova	RU	17756
5224082	Portsmouth	US	17756
152743	Mto wa Mbu	TZ	17754
248299	Māḩiş	JO	17754
13157126	Ambaji	IN	17753
2750523	Naaldwijk	NL	17753
1503940	Kedrovka	RU	17752
3855043	Los Toldos	AR	17752
6317039	Dormentes	BR	17749
6930378	Times Square	US	17749
2651095	도킹	GB	17747
658288	Heinola	FI	17746
1672551	Lugu	TW	17746
2867542	Munster	DE	17746
8642860	Gartenstadt	DE	17745
1268007	Kannod	IN	17744
3691094	Uchiza	PE	17742
149132	Usevia	TZ	17742
4916003	West Garfield Park	US	17742
1850345	Toba	JP	17741
3466913	Carmo	BR	17740
13156906	Jagiroad	IN	17739
1090275	Labattoir	YT	17739
2515151	La Unión	ES	17737
4845823	Willimantic	US	17737
709960	Dniprorudne	UA	17736
8858113	Don Antonio	MX	17736
2523796	Piazza Armerina	IT	17736
1734464	Kampung Jeli	MY	17734
1804996	Liulin	CN	17731
3390965	Quipapá	BR	17731
2883754	Kronberg	DE	17730
3645944	Chaguaramas	VE	17728
3204509	바르	ME	17727
11184587	Patdi	IN	17725
4350160	Calverton	US	17724
1264344	Mahudha	IN	17722
4364759	Oxon Hill	US	17722
3668323	Santuario	CO	17722
6690592	Amersham on the Hill	GB	17719
3399464	Formosa da Serra Negra	BR	17719
2690170	Nässjö	SE	17719
2263667	Sacavém	PT	17718
12688212	Vrouo	CI	17716
3391940	Pirapemas	BR	17714
4370890	Takoma Park	US	17713
2292090	Baoutifla	CI	17712
3389386	Santana do Cariri	BR	17712
4913110	Sycamore	US	17712
4845056	월링퍼드	US	17712
4151440	Cocoa	US	17711
1521230	Makinsk	KZ	17711
934631	Centre de Flacq	MU	17710
12808677	Salpêtrière	FR	17708
142958	Arsanjān	IR	17706
3405863	Belém	BR	17705
8403615	Jiuchi	CN	17705
1509819	Bolotnoye	RU	17704
2334306	Kiyawa	NG	17704
2169956	Cronulla	AU	17703
11677688	Chettināyakkanpatti	IN	17701
717652	Mezőkövesd	HU	17701
7302135	Abbey Wood	GB	17700
1270884	Gotan	IN	17700
230993	Kisoro	UG	17700
227843	Ngora	UG	17700
472750	Volgorechensk	RU	17700
4813878	마틴즈버그	US	17700
2799412	Diepenbeek	BE	17699
3464335	Elias Fausto	BR	17699
2288718	Gbabam	CI	17699
11520272	Mangalam	IN	17699
3707899	La Concepción	PA	17698
1163595	Tharu Shah	PK	17698
712374	Berezhany	UA	17697
7521636	Espoonlahti	FI	17697
13192008	Akitsu	JP	17695
2953770	Babenhausen	DE	17695
3494121	Quisqueya	DO	17694
3814568	La Breita	PE	17693
3398224	Ingá	BR	17692
4163388	Marco Island	US	17690
2792567	Lessines	BE	17687
5173930	Tiffin	US	17687
736229	Flórina	GR	17686
3091256	Myślenice	PL	17686
10862483	Azamino	JP	17682
2395301	Banté	BJ	17682
5194584	Hunting Park	US	17682
2974494	Sin-le-Noble	FR	17682
2972350	툴	FR	17680
3572106	Killarney	BS	17679
1259965	Peddanāyakkanpālaiyam	IN	17678
462522	Zimovniki	RU	17678
3107139	Utebo	ES	17677
5016024	Albert Lea	US	17674
13526893	Golden Triangle	US	17674
3168775	Rutigliano	IT	17674
1493687	Reftinskiy	RU	17673
2953558	Bad Aibling	DE	17672
2345029	Deba	NG	17671
2642204	Moreton	GB	17670
2655708	Biddulph	GB	17669
2512340	Pozoblanco	ES	17669
4008224	San José del Quince	MX	17669
2745677	Velp	NL	17669
1725799	Baybay	PH	17668
3682330	Fresno	CO	17668
2655557	Bishopstoke	GB	17667
3149563	Kongsberg	NO	17667
3455139	Paraibuna	BR	17667
2177233	Bairnsdale	AU	17666
2909972	Harvestehude	DE	17666
2338660	Igbor	NG	17666
10250933	Bhuwāna	IN	17665
563472	Enem	RU	17665
2523619	Ribera	IT	17664
1005040	Eshowe	ZA	17663
2516852	Güimar	ES	17662
13494691	Kothanallur	IN	17662
485432	Svobody	RU	17661
3401618	Correntes	BR	17660
3060405	돌니쿠빈	SK	17660
768905	Kobyłka	PL	17659
1848933	Wakimachi	JP	17659
2786694	Sint-Gillis-Waas	BE	17658
3472473	Alto Araguaia	BR	17657
2922582	Garching	DE	17656
5949512	Esquimalt	CA	17655
2660221	Jona	CH	17655
296137	Yumurtalık	TR	17654
42517	‘Eyn-e Do	IR	17653
4951397	South Hadley	US	17652
3446619	Terenos	BR	17652
2145092	Wahroonga	AU	17652
6691927	Ferndown	GB	17650
2911384	Halver	DE	17650
3200396	고라주데	BA	17650
3615028	Atima	HN	17648
3400617	Estreito	BR	17647
1818654	Tai Shui Hang	HK	17647
1277515	Bālugān	IN	17645
2516542	Huercal-Overa	ES	17645
1513957	Hazorasp	UZ	17643
5195674	Juniata Park	US	17643
2110581	Yachi	JP	17641
3526681	Ixtapan de la Sal	MX	17640
3088848	Pleszew	PL	17640
8374203	‘Ar‘ara BaNegev	IL	17640
4140463	Shaw	US	17639
3388266	São Miguel do Tapuio	BR	17639
11611943	Ebino	JP	17638
3684689	El Carmen de Chucurí	CO	17638
4439506	Ocean Springs	US	17636
8224092	Bellaria-Igea Marina	IT	17635
2925629	Frankenberg	DE	17635
10168655	Kherli	IN	17634
2823533	Templin	DE	17634
12489817	Yongcheng	CN	17634
250420	‘Anjarah	JO	17634
2152658	Port Melbourne	AU	17633
1259026	Rahimatpur	IN	17633
3402893	Cariré	BR	17632
3114267	Parets del Vallès	ES	17632
4563122	Candelaria	PR	17631
1169143	Naushahro Firoz	PK	17631
7284897	Marseille 16	FR	17630
6161637	Taradale	CA	17630
11661969	Nangavaram	IN	17629
4896012	Hinsdale	US	17628
1260916	파드마푸르	IN	17625
4137810	Brightwood	US	17624
1787503	Yangjiaying	CN	17624
3686272	Ciénaga de Oro	CO	17623
704670	Kotsyubynske	UA	17623
1259592	Pipili	IN	17623
2868506	Mühldorf	DE	17622
3523061	Santiago Momoxpan	MX	17622
2198365	Sigatoka	FJ	17622
3446495	Tijucas do Sul	BR	17621
4262072	뉴캐슬	US	17621
3894319	콜분	CL	17619
11463634	Koratti	IN	17618
3449124	São Francisco de Assis	BR	17618
1253087	Vittal	IN	17618
4955993	윈스럽	US	17618
1516393	Altai	MN	17617
2348507	Babana	NG	17617
3167184	San Vito dei Normanni	IT	17617
13680596	Nova Bavariya	UA	17616
662095	Äänekoski	FI	17614
4502687	Lindenwold	US	17613
3392020	Pio IX	BR	17613
2343943	Egbe	NG	17612
12450714	Jiayi	CN	17612
787718	네고틴	RS	17612
2740313	Covilhã	PT	17610
3670855	Restrepo	CO	17610
1256483	Shirhatti	IN	17610
3398419	Iati	BR	17605
2061840	Scarborough	AU	17605
1273098	Devgarh	IN	17604
1865522	Akasaka	JP	17603
621266	Stowbtsy	BY	17603
4898401	Kenwood	US	17601
1856392	Muroto-misakicho	JP	17601
13132713	Butunduzi	UG	17600
13526729	Darnytsya Car Repair Plant Microdistrict	UA	17600
585838	Gobu	AZ	17600
1514829	Istiqlol	TJ	17600
1517060	Zaysan	KZ	17600
616877	아슈타라크	AM	17600
3690592	Abejorral	CO	17599
13192644	Dārzciems	LV	17599
3405061	Boqueirão	BR	17598
3044141	Tapolca	HU	17598
4829307	베이시티	US	17598
174991	아라라트	AM	17598
3665691	Yondó	CO	17597
2837954	Schmelz	DE	17596
3445853	Ubaitaba	BR	17596
3155573	예비크	NO	17596
2167949	Earlwood	AU	17592
174895	Goris	AM	17592
6316372	Alumínio	BR	17591
8418557	Baoding	CN	17591
5030670	Hopkins	US	17591
6690989	베스널그린	GB	17590
2525792	Aci Castello	IT	17588
1276982	Bargi	IN	17588
285856	Ad Dasmah	KW	17585
3399132	Gameleira	BR	17583
4984029	Allendale	US	17579
12420927	Dunbage	CN	17579
2691440	묄른뤼케	SE	17579
166742	Maharda	SY	17578
4561871	University City	US	17578
406487	Ovrīn	IR	17577
1799117	Paipu	CN	17577
4929532	백베이	US	17577
13580772	Fiddlesticks	CA	17576
1269183	Jarwal	IN	17576
2634777	Ware	GB	17576
2968546	Villeneuve-le-Roi	FR	17575
4013085	Compostela	MX	17573
3408221	Água Branca	BR	17573
5262596	Menasha	US	17572
1818349	Wo Che	HK	17572
3872648	Sagrada Familia	CL	17569
3446598	Terra Boa	BR	17568
1611106	Chon Daen	TH	17567
1261451	Nichlaul	IN	17567
3085495	스우비체	PL	17567
1184644	Alipur	PK	17566
3044821	Százhalombatta	HU	17566
4905263	Palos Hills	US	17565
2474583	Zeralda	DZ	17563
2291663	Bianouan	CI	17561
668129	살론타	RO	17561
2913192	Haar	DE	17560
1268032	Kānke	IN	17560
5385082	Prunedale	US	17560
12519184	Vazhapadi	IN	17559
3471422	Arroio Grande	BR	17558
1024697	Chinde	MZ	17558
4754966	Culpeper	US	17557
6690773	Stevenson Ranch	US	17557
1279383	Achhībal	IN	17556
1184020	Baffa	PK	17556
3607254	La Paz	HN	17555
2750884	Middelharnis	NL	17554
12035575	Kronberg Tal	DE	17550
3169056	Romano di Lombardia	IT	17549
1260417	Papanasam	IN	17548
4733042	South Houston	US	17544
1818695	Tai Mei Tuk	HK	17544
1301614	핀다야	MM	17544
3517285	Heroica Ciudad de Tlaxiaco	MX	17543
1179185	Gadani	PK	17540
13308383	Tebela	ET	17538
613762	코불레티	GE	17538
1266390	Kodoli	IN	17537
1858928	Komagome	JP	17537
6075081	Miramichi	CA	17537
1258972	Raipur	IN	17537
2740761	Chaves	PT	17535
2264087	Ramada	PT	17535
1713767	Esperanza	PH	17534
1696041	Palo	PH	17534
316102	Dursunbey	TR	17532
1255224	Tājpur	IN	17529
1764318	Kampung Simpang Renggam	MY	17528
2994895	Mazargues	FR	17527
3407693	Anadia	BR	17526
1860875	Kadogawa	JP	17526
2616015	Nyborg	DK	17525
2979316	Saint-Jean-de-la-Ruelle	FR	17522
1277273	Bānki	IN	17521
5055787	Kirksville	US	17520
11680678	Settiyārpatti	IN	17520
12958551	Apicum-Açu	BR	17519
2176639	Batemans Bay	AU	17519
745530	Hopa	TR	17519
787715	Negotino	MK	17518
753276	Zielonka	PL	17518
3458121	Malacacheta	BR	17516
2991772	Morlaix	FR	17516
1261186	North Guwāhāti	IN	17516
942683	Vredefort	ZA	17515
1528252	Ivanovka	KG	17513
2643144	Maltby	GB	17513
5173623	Tallmadge	US	17512
6318068	Presidente Sarney	BR	17511
6087905	나이아가라온더레이크	CA	17511
1264557	Madhuban	IN	17510
12156873	Victoria Village	CA	17510
5128886	North Babylon	US	17509
12022803	Adriano	IT	17508
3532545	Axochiapan	MX	17508
1152377	Lat Yao	TH	17506
1802870	Liuyin	CN	17505
6070250	McKenzie Towne	CA	17505
6546693	Boujniba	MA	17504
3453524	Piratini	BR	17504
1213821	Sigli	ID	17504
1570909	Thị Trấn Ba Chẽ	VN	17504
1896102	Kamigotō	JP	17503
3172828	Montemurlo	IT	17502
2784189	Walcourt	BE	17501
6545243	Bayswater	GB	17500
1277426	Bānapur	IN	17499
1269153	Jatāra	IN	17499
6047861	Laflèche	CA	17499
13118422	Al Mizhar First	AE	17498
12978005	Brasnorte	BR	17496
3832765	Villa del Rosario	AR	17496
5508180	메스키트	US	17496
2028078	아긴스코예	RU	17496
2951111	Bendorf	DE	17495
1718393	Carigara	PH	17495
438400	Denizciler	TR	17495
549741	Kholmskiy	RU	17494
578534	Baymak	RU	17493
1260734	Palera	IN	17493
1283333	Ilām	NP	17491
3429732	Puerto Rico	AR	17491
739061	Taşköprü	TR	17491
2634755	Warminster	GB	17490
3182851	Ariccia	IT	17487
1269731	Indri	IN	17487
2339892	Gwadabawa	NG	17486
3521103	Progreso de Alvaro Obregon	MX	17486
1914240	Xiaba	CN	17486
2794788	Kalmthout	BE	17485
3874122	Quillón	CL	17485
1137807	Karukh	AF	17484
5164390	New Philadelphia	US	17484
9939651	Tuantian	CN	17484
2506623	Arbatache	DZ	17481
10704815	Bodrī	IN	17481
11148100	Villa Sarmiento	AR	17481
11463832	Kallūr Tekkumuri	IN	17480
1259916	Pennāgaram	IN	17480
3087529	Radlin	PL	17479
3445689	Urucuia	BR	17479
225037	Arta	DJ	17477
6160806	Sylvan Lake	CA	17477
11655802	Dharmapuram	IN	17476
63949	Bu’aale	SO	17475
3526864	Ciudad de Huitzuco	MX	17475
3113157	Porriño	ES	17475
1273181	Depālpur	IN	17474
1497393	Nizhnyaya Salda	RU	17473
4307238	Saint Matthews	US	17472
2111943	Miharu	JP	17471
3114183	Valdebernardo	ES	17471
1220112	Yovon	TJ	17471
12640359	Al-Minyā al-Jadīdah	EG	17470
3465536	Corbélia	BR	17470
3673756	Nueva Granada	CO	17470
877605	Nanganga	TZ	17468
3170086	Portogruaro	IT	17468
2347330	Beli	NG	17467
1262491	Mūndwa	IN	17465
2376115	Tembedgha	MR	17465
3062257	Vysočany	CZ	17465
2744483	Wijk bij Duurstede	NL	17465
4163220	Maitland	US	17463
6138643	Saint-Lin-Laurentides	CA	17463
10263042	Auhammadpur Mājri	IN	17462
10778957	Tādigadapa	IN	17462
3401457	Cruz do Espírito Santo	BR	17461
2337680	Illela	NG	17461
689304	Vovchansk	UA	17459
2634826	Walton-on-the-Naze	GB	17458
2993024	Montargis	FR	17457
946973	Tzaneen	ZA	17457
3660478	Atuntaqui	EC	17456
4903818	North Aurora	US	17456
2173911	브로큰힐	AU	17456
285111	Al ‘Ayzarīyah	PS	17455
7871306	Morningside	CA	17455
4170797	Safety Harbor	US	17454
134462	Fīrūzkūh	IR	17453
693615	Skvyra	UA	17452
8400053	Maliu	CN	17451
12070764	Valley East	CA	17451
1699060	Murcia	PH	17448
2448442	Yorosso	ML	17447
1273858	Calangute	IN	17446
3454628	Peçanha	BR	17446
615860	아할치헤	GE	17445
3947740	Andahuaylas	PE	17444
734771	Panórama	GR	17444
197768	Garba Tula	KE	17443
3451094	Rio Pomba	BR	17443
1257268	Sarāi Ākil	IN	17443
2848175	Renningen	DE	17442
1732698	Parit Raja	MY	17441
5164706	노스캔턴	US	17441
2411805	탄지	GM	17441
2297661	Nalerigu	GH	17440
3631431	Obispos	VE	17440
6318187	Rosana	BR	17440
3178650	Ciriè	IT	17439
3456176	Nova Era	BR	17438
1261279	Nīsang	IN	17438
6619512	Panoor	IN	17438
2974385	Soisy-sous-Montmorency	FR	17436
2953324	Bad Tölz	DE	17434
3032551	Bischheim	FR	17434
1278808	아메트	IN	17434
13494595	Bareta	IN	17432
12718868	Le Roux	ZA	17432
6317571	Matões do Norte	BR	17432
3018339	Flers	FR	17430
12518878	Kavisuryanagar	IN	17430
11463506	Puthūr	IN	17430
11611382	Nordstadt	DE	17429
3581164	San Pedro	BZ	17429
2861677	Nümbrecht	DE	17427
3703229	Pedregal	PA	17427
10987894	Aoi	JP	17422
12640682	Kadoorie	HK	17422
1270190	Hāt Piplia	IN	17419
5344942	East Hemet	US	17418
791559	Delcevo	MK	17415
1614288	Ban Phe	TH	17414
3444997	Viradouro	BR	17414
498708	Saraktash	RU	17413
1613284	Ban Selaphum	TH	17412
1275793	Bhundsi	IN	17410
10188419	Hongguang Qidui	CN	17409
3448075	Sapeaçu	BR	17409
12719847	Oi Man Estate	HK	17407
587577	빌랸디	EE	17407
2279513	Zaïbo	CI	17406
2788348	Ranst	BE	17405
3469169	Borda da Mata	BR	17404
2995652	Marly-le-Roi	FR	17404
1261810	Naregal	IN	17403
2857900	Oerlinghausen	DE	17403
4780837	Radford	US	17403
4373449	White Oak	US	17403
5938513	Deux-Montagnes	CA	17402
3627680	San Rafael de Onoto	VE	17402
11628557	Bermo	IN	17401
11777400	Shioiri	JP	17401
3068690	오트로코비체	CZ	17401
13156958	Khongapani	IN	17400
625743	Lyepyel’	BY	17400
13545883	Rakivka	UA	17400
3827588	Huilango	MX	17399
3364682	Lansdowne	ZA	17399
12420916	Arele	CN	17398
4093753	Tillmans Corner	US	17398
6052788	Les Coteaux	CA	17396
41428	Pādegān-e Manjīl	IR	17396
3570785	Ducos	MQ	17394
1704021	Maganoy	PH	17394
3473252	Abelardo Luz	BR	17392
3449219	São Domingos do Prata	BR	17392
1778290	Bukit Rambai	MY	17391
3006121	Lattes	FR	17390
11550030	Rejas	ES	17389
3597587	El Asintal	GT	17388
3397263	Joaquim Gomes	BR	17386
5919137	Central Saanich	CA	17385
2469174	Mareth	TN	17385
3457426	Vila Bela da Santíssima Trindade	BR	17384
8062662	Detroit-Shoreway	US	17382
2643553	Louth	GB	17382
5203393	Nicetown-Tioga	US	17382
3173370	Mirandola	IT	17380
12750617	Bukit Gemuroh	MY	17379
567774	추도보	RU	17377
2648728	Gelligaer	GB	17376
204318	Wamba	CD	17373
3072929	크랄루피나트블타보우	CZ	17373
1277897	Bagdogra	IN	17372
2793144	Lebbeke	BE	17372
1269752	Indergarh	IN	17366
575410	복시토고르스크	RU	17366
2756077	Enkhuizen	NL	17365
2897674	Hummelsbüttel	DE	17365
553092	Kantyshevo	RU	17363
2869449	Moosburg	DE	17363
5144736	Wilton	US	17361
2807201	Wittstock	DE	17361
1265041	Lāsalgaon	IN	17360
11962409	Pari	BR	17359
2637659	Sleaford	GB	17359
468657	Yasnyy	RU	17359
8400143	Houba	CN	17358
545788	Kommunar	RU	17358
2523461	San Giovanni in Fiore	IT	17358
1651816	Aileu	TL	17356
11578914	Periyakottai	IN	17356
2264575	Pombal	PT	17355
12718686	Mers El Kheir	MA	17352
561762	Gavrilov-Yam	RU	17351
11890268	Huoshilafu	CN	17351
5016450	Anoka	US	17350
5931006	Coventry Hills	CA	17350
12687305	Qarqūzah	LY	17350
11204573	Ezzouhour	TN	17348
2160188	Lilydale	AU	17348
2032201	볼강	MN	17348
3168514	San Bonifacio	IT	17347
379406	Al Hilāliyya	SD	17345
1133574	Mehtar Lām	AF	17345
5152599	이스트클리블랜드	US	17344
4952320	Sudbury	US	17343
159186	Ilongero	TZ	17342
1182577	Bhopalwala	PK	17341
2783820	Wervik	BE	17340
365763	톤즈	SS	17338
2980935	Saint-Cyr-sur-Loire	FR	17337
2613233	Solrød Strand	DK	17337
3183412	Agropoli	IT	17335
10933952	Edakkazhiyūr	IN	17335
1259773	Phirangipuram	IN	17335
8408551	Sanhe	CN	17335
1806155	Jianshan	CN	17334
645691	Munkkiniemi	FI	17334
3455568	Padre Paraíso	BR	17334
11550011	Fontarrón	ES	17333
2647265	Haydock	GB	17333
2961911	라스판햄	IE	17333
506763	Polyarnyy	RU	17332
3123688	Ejea de los Caballeros	ES	17331
8349243	Hillside	AU	17331
3169272	Riva del Garda	IT	17331
10469865	Nārsala	IN	17330
8948709	Paolo VI	IT	17330
4840767	Plainville	US	17328
13494690	Keezhkulam	IN	17327
12689054	Discovery Park	HK	17325
145963	Germasógeia	CY	17325
1269439	Jalalpore	IN	17325
2872519	Meerane	DE	17325
2536392	Sidi Allal El Bahraoui	MA	17325
1859647	Kawasaki	JP	17324
12070069	San Pietro a Patierno	IT	17324
1274369	Chhala	IN	17323
11550010	Media Legua	ES	17323
3591181	Poptún	GT	17320
1811737	Eman	CN	17317
3017651	포쉬르메르	FR	17317
1152202	Mae Ramat	TH	17316
3179686	Castelfranco Emilia	IT	17315
2940204	Cham	DE	17314
3455750	Otacílio Costa	BR	17312
3886176	La Cruz	CL	17310
1609043	Lom Sak	TH	17309
3037157	아르케이	FR	17308
2861402	Oberasbach	DE	17306
11661417	Sivagirippatti	IN	17306
3119231	La Pineda	ES	17305
3164920	Valenza	IT	17305
3105805	Vilaseca	ES	17305
1278216	Āthagarh	IN	17304
12358505	Huimin	CN	17303
5223358	미들타운	US	17303
4529096	에이다	US	17303
1265233	Lakhnādon	IN	17302
2659296	Onex	CH	17302
586481	Hokmali	AZ	17300
308220	Kemer	TR	17300
11259341	Namavundu	UG	17300
11839902	Tres Valles	MX	17299
658629	Haukipudas	FI	17298
2642096	Mountsorrel	GB	17297
2644559	루이스	GB	17297
8417602	Erlang	CN	17295
4356165	Glassmanor	US	17295
5104836	South Orange	US	17295
2635997	Thorne	GB	17295
714697	Tiszaújváros	HU	17295
2786229	Stabroek	BE	17294
1313479	Loikaw	MM	17293
921889	Fomboni	KM	17291
1810826	Fuyong	CN	17291
2783197	Zolder	BE	17289
4765553	Idylwood	US	17288
4369076	Seabrook	US	17287
2110583	Yabuki	JP	17287
3659926	Calceta	EC	17286
4535414	Durant	US	17286
2358898	Kouka	BF	17286
2435508	Benoy	TD	17285
3449516	Santo Antônio do Amparo	BR	17285
1255213	Takhatgarh	IN	17285
1255082	Talwandi Bhai	IN	17285
10866536	Igusa	JP	17284
2998224	Lingolsheim	FR	17284
289433	Adam	OM	17283
254698	Préveza	GR	17283
4837278	Killingly Center	US	17282
5123456	Kings Park	US	17282
7535681	Saint-Augustin-de-Desmaures	CA	17281
2427697	모이살사	TD	17281
2647365	Haslemere	GB	17279
2871284	Michelstadt	DE	17279
3176722	Fornacelle	IT	17278
1180825	Dadhar	PK	17276
2653974	Calne	GB	17274
1262546	Mūlki	IN	17274
3471522	Arinos	BR	17272
2806081	Wörth am Rhein	DE	17272
5717758	Canby	US	17271
3645727	Chiquinquirá	VE	17271
11655528	Kāttatturai	IN	17271
1276151	Bhānpurī	IN	17270
11550021	San Cristobal	ES	17270
3447848	Sengés	BR	17270
2649830	Evington	GB	17268
3179795	Cassano d'Adda	IT	17267
8421803	Khabarābād	IR	17267
1265742	Kulasegaram	IN	17267
4404233	Poplar Bluff	US	17266
2967879	Vitré	FR	17266
10705043	Deori	IN	17265
1572249	Nhà Bè	VN	17264
1261402	닐라기리	IN	17264
13645742	Belem	GW	17263
3517831	San Salvador El Seco	MX	17263
8858116	Casa Blanca	MX	17262
3107364	Tui	ES	17262
11520308	Mannarai	IN	17261
485871	Suvorovskaya	RU	17261
2755496	Glanerbrug	NL	17260
3935572	Mala	PE	17260
2512432	Pollença	ES	17260
2838201	Schlüchtern	DE	17260
2962668	Maynooth	IE	17259
2596746	Ouaké	BJ	17259
1279154	Ajara	IN	17257
11661831	Bhikshāndārkovil	IN	17257
1269602	Jagalūr	IN	17257
5374671	Moraga	US	17256
2264269	Quelfes	PT	17253
3385230	Venturosa	BR	17251
2649055	Friern Barnet	GB	17250
9891173	Sonobe	JP	17250
2967856	Vitry-le-François	FR	17250
597989	크레팅가	LT	17249
13132709	Chenini Nahal	TN	17248
1810085	Gongtan	CN	17248
11520026	Palangarai	IN	17248
1253132	Virajpet	IN	17246
641869	Pieksämäki	FI	17243
580850	아르스크	RU	17243
1261771	Nārnaund	IN	17242
4366593	Redland	US	17242
147059	Əhmədbəyli	AZ	17242
1605957	Tak Bai	TH	17241
6295484	Zürich (Kreis 11) / Affoltern	CH	17241
3466005	Cocal do Sul	BR	17240
244128	Fada	TD	17240
6232336	Lincoln	NZ	17240
11522093	Pudūr	IN	17240
6232330	Te Atatu South	NZ	17240
1277514	Bālugaon	IN	17238
3066651	Rožnov pod Radhoštěm	CZ	17238
2738707	Ílhavo	PT	17236
6620312	Torvaianica	IT	17235
3407756	Amarante	BR	17234
8220838	Munder Buiten	SR	17234
2455735	Kangaba	ML	17232
5126187	Massapequa Park	US	17232
3020307	Elbeuf	FR	17231
10910231	Irivēri	IN	17231
3671308	Puerto Triunfo	CO	17231
3466134	Cipó	BR	17230
2907545	Heilbad Heiligenstadt	DE	17230
1278973	Alnāvar	IN	17228
1275589	Bilthra	IN	17228
2513324	Navalmoral de la Mata	ES	17228
5597955	Kuna	US	17226
2641892	Nantwich	GB	17226
3451650	Resplendor	BR	17226
738907	Tekkeköy	TR	17226
1005781	Khowa	ZA	17224
3458591	Lima Duarte	BR	17221
1914276	Tuchang	CN	17221
558799	Gribanovskiy	RU	17220
2336798	Iyesi	NG	17220
3392942	Passagem Franca	BR	17220
4062644	폴리	US	17218
2543667	Lalla Mimouna	MA	17217
2292391	Bahé-Blaon	CI	17216
1494091	Promyshlennaya	RU	17216
2149975	Seaford	AU	17215
3522118	Palmarito Tochapan	MX	17213
7745410	Cambundi	AO	17212
7900710	Cambundi	AO	17212
3350917	Cambundi Catembo	AO	17212
2265169	Parede	PT	17212
3110610	Sanxenxo	ES	17212
158016	Kibara	TZ	17211
3468789	Buritama	BR	17210
3402787	Carnaubal	BR	17210
1278692	Anaimalai	IN	17208
3460942	Itacarambi	BR	17208
4170688	Ruskin	US	17208
128392	Sīmīn Shahr	IR	17205
4004126	Jamay	MX	17204
13645747	Santa-Luzia	GW	17204
2388025	Bossembélé	CF	17203
5731070	Hermiston	US	17201
147420	Nehram	AZ	17200
1686004	Sitangkai	PH	17200
12324548	Siwei	CN	17200
1609283	Laem Ngop	TH	17198
3676626	Lérida	CO	17197
4713932	Nederland	US	17196
6316490	Banabuiú	BR	17195
2654927	Bramhall	GB	17195
1270612	Guru Har Sahāi	IN	17192
2806768	Wolfratshausen	DE	17191
1791300	Wudong	CN	17190
3407239	Araruna	BR	17189
1015694	Breyten	ZA	17189
2648448	Glen Parva	GB	17189
1849729	Tsuiki	JP	17189
6101606	Petawawa	CA	17187
1937274	로스팔로스	TL	17186
8220949	Beekhuizen	SR	17185
5354172	Greenfield	US	17184
2947641	Blomberg	DE	17183
11184398	Tangla	IN	17183
151678	Ngerengere	TZ	17181
12156867	Danforth East York	CA	17180
1808652	Heishui	CN	17180
3404306	Cacimba de Dentro	BR	17178
3465703	Condeúba	BR	17178
1527903	Kochkor-Ata	KG	17177
5244267	Ashwaubenon	US	17176
651299	Korsholm	FI	17176
3442750	도로레스	UY	17174
3589475	Santa Bárbara	GT	17172
3650721	테나	EC	17172
293181	Yirkā	IL	17171
2715568	Falköping	SE	17170
10400280	Barrett Town	JM	17169
918398	Chisasa	ZM	17169
307211	Serinhisar	TR	17169
1028970	Pebane	MZ	17167
3087418	Radzionków	PL	17167
2800445	Châtelineau	BE	17166
1263142	Mendarda	IN	17166
619066	Zaslawye	BY	17166
674541	Luduş	RO	17165
3869381	트라이겐	CL	17164
8050880	Ermitagaña	ES	17163
8409070	Longshe	CN	17163
2647468	Harlesden	GB	17162
3457561	Massaranduba	BR	17162
3391774	Poção de Pedras	BR	17161
13353776	Primrose Place	GB	17161
2639189	Romsey	GB	17161
3128201	Berga	ES	17160
2413106	Kanifing	GM	17159
5367314	Live Oak	US	17158
6354969	Playa del Ingles	ES	17158
3446947	Tanque Novo	BR	17158
764862	미엥지제츠포들라스키	PL	17158
3472485	Altinópolis	BR	17156
11551040	Brockley	GB	17156
3466752	Cássia	BR	17155
2740057	Eiras	PT	17154
3459440	Juquiá	BR	17154
2734379	São Paulo de Frades	PT	17154
3386528	Tejuçuoca	BR	17154
3165340	Tradate	IT	17154
3077170	Devínska Nová Ves	SK	17153
3604579	Morocelí	HN	17153
3469374	Bom Sucesso	BR	17151
3454157	Perdizes	BR	17151
205970	Sake	CD	17151
3834310	Toay	AR	17151
2519738	Castilleja de la Cuesta	ES	17150
3394618	Monsenhor Tabosa	BR	17149
1255131	Taleigao	IN	17148
2423969	Albadéria	GN	17147
284446	Balāţah	PS	17146
1703598	Mahayag	PH	17144
3700164	Veracruz	PA	17144
3066878	Říčany	CZ	17143
3397886	Itaquitinga	BR	17142
4748993	Bristol	US	17141
2167312	Engadine	AU	17141
1791762	Wanshui	CN	17141
710098	Derhachi	UA	17139
517766	Novoul’yanovsk	RU	17139
513042	Pallasovka	RU	17139
2746766	Steenwijk	NL	17138
3165737	Terzigno	IT	17138
2803870	Zossen	DE	17138
3461153	Ipaba	BR	17136
11979894	Frankford	US	17135
4303012	Okolona	US	17134
5559320	Bayside	US	17132
2428042	Mboursou Léré	TD	17132
2833296	Selb	DE	17132
2166370	Footscray	AU	17131
1735506	Kepala Batas	MY	17131
118123	Sa‘ādat Shahr	IR	17131
2344245	Dutse	NG	17129
2796833	Haaltert	BE	17129
1269126	Jāwad	IN	17129
1907270	Kamiōi	JP	17129
3473140	Adustina	BR	17126
3517832	San Salvador Atenco	MX	17124
738753	Tirebolu	TR	17124
5106615	Wyckoff	US	17124
13353432	Basukinath	IN	17123
5990916	Kennedy Park	CA	17123
3452502	Pouso Redondo	BR	17123
3167751	San Salvo	IT	17123
1253628	Uttarkāshi	IN	17123
12687304	Al-'Alūaṣ	LY	17122
3657670	Gualaceo	EC	17122
1607439	Phu Khiao	TH	17122
723713	Rožňava	SK	17122
5145028	Woodmere	US	17121
326308	Wenjī	ET	17120
3979505	Ciudad Guadalupe Victoria	MX	17119
1779395	Kampung Bertam Ulu	MY	17119
601460	Gubadag	TM	17118
2660306	Zürich (Kreis 10) / Höngg	CH	17117
2920842	Gescher	DE	17115
2750521	Naarden	NL	17115
2843965	Rotherbaum	DE	17114
1258876	Rājgarh	IN	17113
3398076	Ipueiras	BR	17111
3638904	La Azulita	VE	17111
3470131	Belo Campo	BR	17109
3183343	Albenga	IT	17103
3468353	Caconde	BR	17101
8572291	Sashiōgi	JP	17101
11186287	Ayyalur	IN	17100
3465154	Cristinápolis	BR	17100
8405736	Hexing	CN	17098
2930826	Elmschenhagen	DE	17097
774747	Busko-Zdrój	PL	17095
5359052	Imperial	US	17095
10910197	Kolaccheri	IN	17095
4921725	헌팅턴	US	17095
11656142	Nāranammālpuram	IN	17094
2282178	Sakassou	CI	17093
13308593	Shajing Residential District	CN	17093
150634	Puma	TZ	17092
2554281	Boumia	MA	17091
11592111	Blantyre	GB	17090
3409559	Mata Roma	BR	17090
3872264	San Esteban	CL	17090
2522208	Albolote	ES	17089
10910227	Chālakilakākara	IN	17088
13353462	Shaktinagar	IN	17088
3392010	Piquet Carneiro	BR	17086
7289676	Pokachi	RU	17084
7304427	Tensta	SE	17083
1278707	Amroli	IN	17082
1274874	Chalāla	IN	17081
5014224	Wayne	US	17081
322051	Banaz	TR	17080
3461539	Ibititá	BR	17080
2740593	Condeixa-a-Nova	PT	17078
3452478	Pradópolis	BR	17078
3182897	아르데아	IT	17078
4741616	White Settlement	US	17077
6317380	Jenipapo dos Vieiras	BR	17076
1257567	Samālka	IN	17076
767814	Kozienice	PL	17075
6318703	Sítio Novo	BR	17074
3164080	Vimodrone	IT	17072
3466165	Cidreira	BR	17071
3461951	Guapiara	BR	17071
692129	Svalyava	UA	17068
1674615	Xiulin	TW	17068
745527	Horasan	TR	17067
11484907	Mēppādam	IN	17067
6317907	Pedra Branca do Amapari	BR	17067
2639668	Ramsbottom	GB	17067
3454236	Serra Dourada	BR	17066
3465145	Crixás	BR	17065
8397876	Tangfang	CN	17065
10926134	Minaminagareyama	JP	17064
2791700	Mariakerke	BE	17062
6317286	Indiara	BR	17061
702563	Lutuhyne	UA	17061
1830338	Mémót	KH	17061
1090239	Kaouéni	YT	17060
6231568	Takanini	NZ	17060
5294167	Eloy	US	17059
3724331	Grand Gosier	HT	17059
1465910	Madambakkam	IN	17058
3392746	Paulino Neves	BR	17056
3165240	Trentola-Ducenta	IT	17056
4798308	베클리	US	17056
1261208	Nongpoh	IN	17055
2784548	Visé	BE	17054
1914235	Conglin	CN	17053
1348775	Mahiari	IN	17051
1494907	Plast	RU	17050
3391420	Porteiras	BR	17050
6318717	Souto Soares	BR	17050
1261872	Naraina	IN	17048
11500733	Kokōtamangalam South	IN	17047
3173582	Mentana	IT	17047
11549962	Castilla	ES	17046
3461406	Ilhota	BR	17046
6930153	Alfragide	PT	17044
2660549	Gossau	CH	17043
2392303	Ouinhi	BJ	17043
3079508	베네쇼프	CZ	17043
934322	Mahébourg	MU	17042
3116224	Monzón	ES	17042
4254957	Broad Ripple	US	17041
2654814	Bredbury	GB	17040
1254732	테온싸르	IN	17039
5345860	엘세군도	US	17037
605155	키루나	SE	17037
1268920	Jigani	IN	17036
3451305	Ribeirópolis	BR	17033
1736366	Wakaf Baharu	MY	17033
3387130	Sumé	BR	17031
1261580	Nayāgarh	IN	17030
3172297	Nerviano	IT	17030
3387266	Solânea	BR	17030
13156994	Kusum Pur	IN	17028
2903175	Hochheim am Main	DE	17027
184921	Mwingi	KE	17025
3448200	São Simão	BR	17020
1610943	Den Chai	TH	17019
3598415	Chisec	GT	17018
3453597	Piranga	BR	17018
3113035	Poio	ES	17018
3617069	Río Blanco	NI	17018
9633120	Takatsukadai	JP	17018
10925004	Eravattūr	IN	17016
2647001	Heysham	GB	17016
4939647	Holden	US	17016
1261642	Nawābganj	IN	17015
9884157	Taxkowrük	CN	17015
6620339	Karratha	AU	17013
3105148	Villaquilambre	ES	17013
5095325	Avenel	US	17011
1264504	Maghar	IN	17011
2734363	São Pedro da Cova	PT	17011
3754199	Manaquiri	BR	17009
1818574	Ting Kau	HK	17009
2284744	Maféré	CI	17008
13353507	Varam	IN	17008
695019	Ryl’sk	RU	17007
5116060	East Setauket	US	17006
11669496	Dulsberg	DE	17002
1595679	Nong Kung Si	TH	17001
3493174	San Fernando de Monte Cristi	DO	17001
2732438	Vila Real	PT	17001
1081863	Amboanjo	MG	17000
1079777	Ambohitrolomahitsy	MG	17000
1831732	Banlung	KH	17000
2303258	Bechem	GH	17000
1587985	Bến Thủy	VN	17000
2301464	Duayaw-Nkwanta	GH	17000
627083	Kalodzishchy	BY	17000
232115	Kasanda	UG	17000
539907	Kudepsta	RU	17000
3347880	Londuimbali	AO	17000
2122894	Nevel’sk	RU	17000
13631571	Nyzhnya Telychka	UA	17000
1160110	Nīkshahr	IR	17000
727886	Parvomay	BG	17000
13631378	Rakove	UA	17000
1057688	Sadabe	MG	17000
3573703	Scarborough	TT	17000
3667579	Tadó	CO	17000
6173404	Vanier	CA	17000
1512348	Yangirabot	UZ	17000
783770	Zvečan	XK	17000
13353506	Ongallur-I	IN	16998
1563663	Trung Phụng	VN	16998
2988670	Pamiers	FR	16997
1610187	Kaset Sombun	TH	16996
3057963	푸호프	SK	16995
4625282	Goodlettsville	US	16994
2992671	Montereau-Fault-Yonne	FR	16993
11207824	Umm Lakhbā	QA	16993
3621926	San Diego	CR	16991
4194474	Fayetteville	US	16990
312134	Hilvan	TR	16990
12746517	Chuk Yuen North Estate	HK	16989
3460836	Itajobi	BR	16989
2786087	Stekene	BE	16989
2634483	Westbury	GB	16989
4557787	Elmwood	US	16988
1856703	미야즈 시	JP	16988
5235024	Colchester	US	16986
315401	Ermenek	TR	16986
1272646	비콜림	IN	16986
13156764	Hukumpeta	IN	16985
2163055	호샴	AU	16985
4846757	Altoona	US	16984
2928381	Eutin	DE	16984
3453984	Piatã	BR	16984
13607975	Polo Nord	IT	16983
2240004	Mabubas	AO	16981
3653130	Piñas	EC	16981
4736028	테럴	US	16981
2647785	Guisborough	GB	16979
2510112	Ubrique	ES	16979
4560490	Point Breeze	US	16977
1865209	Arai	JP	16975
3860217	Coronda	AR	16975
1782366	Ayer Itam	MY	16974
3569915	Saint-Joseph	MQ	16974
3446866	Tapiramutá	BR	16974
3053485	Dunaharaszti	HU	16973
3993893	Palaú	MX	16970
377724	Bārah	SD	16969
2799647	Denderleeuw	BE	16969
2971482	튈	FR	16969
2998127	L'Isle-sur-la-Sorgue	FR	16968
3890596	엘키스코	CL	16967
6316471	Bacabeira	BR	16966
3837980	San Antonio Oeste	AR	16966
2147140	Templestowe	AU	16966
11655531	Valvachatottam	IN	16965
1275705	Bijaipur	IN	16964
2634672	Wath upon Dearne	GB	16964
3177337	Este	IT	16963
3166595	Sestri Levante	IT	16963
5324862	Artesia	US	16961
1182775	Bhan	PK	16961
2344418	Dukku	NG	16961
3447812	Serafina Corrêa	BR	16961
726546	Svilengrad	BG	16959
1861225	Iwai	JP	16958
1271538	Garhshankar	IN	16955
5781783	South Ogden	US	16955
3165435	Torremaggiore	IT	16955
3056523	Žiar nad Hronom	SK	16955
2031517	Dzuunmod	MN	16953
7648817	Zuunmod	MN	16953
1272517	Dirba	IN	16952
1135158	Kushk	AF	16952
12420919	Bage'awati	CN	16951
8406205	Huwei	CN	16951
2989755	Octeville	FR	16951
3451783	Realeza	BR	16950
688089	Katerynivka	UA	16948
3175445	Isernia	IT	16945
2023058	Kavalerovo	RU	16945
700696	Mostyska	UA	16945
1258425	Rānpur	IN	16944
13494748	Dukli	IN	16941
2649049	Frinton-on-Sea	GB	16941
527968	Medvedovskaya	RU	16941
2513436	Mula	ES	16941
1726156	Bato	PH	16939
1263691	만찬푸르	IN	16939
3128174	Bermeo	ES	16937
3551184	La Sierpe	CU	16937
3874997	Puerto Aysén	CL	16936
1818365	Wang Tau Hom	HK	16936
12156857	Willowdale West	CA	16936
1263057	Mihona	IN	16935
5975182	Hillcrest Village	CA	16934
2265223	Palmela	PT	16934
10431770	Gothara	IN	16933
3817731	Tezoyuca	MX	16933
517739	Novouzensk	RU	16932
2747227	Sint-Oedenrode	NL	16931
2464860	Teboulbou	TN	16931
843404	Olari	FI	16929
3386445	Tibau do Sul	BR	16929
63689	Buulobarde	SO	16928
1802665	Long’e	CN	16928
8348765	Calamvale	AU	16927
2037927	Dalain Hob	CN	16927
2908942	Hausbruch	DE	16927
2659522	Muttenz	CH	16927
2112309	가쓰우라 시	JP	16927
3128795	Barbastro	ES	16924
1264196	Mākum	IN	16923
2282985	Okromodou	CI	16922
5071665	La Vista	US	16921
2160744	Lakemba	AU	16921
13308731	Shenzhenwan	CN	16921
1880398	Paya Lebar	SG	16920
2973317	Tassin-la-Demi-Lune	FR	16920
13512547	University Endowment Lands	CA	16920
11549929	Castellana	ES	16919
2893437	Kamenz	DE	16918
1268434	Kalghatgi	IN	16917
2939440	Dahlem	DE	16916
314665	Gemerek	TR	16916
155056	Malampaka	TZ	16916
5961564	Glace Bay	CA	16915
6317211	Governador Celso Ramos	BR	16915
227592	Ntungamo	UG	16915
3083185	Trzcianka	PL	16914
2391170	Tobré	BJ	16912
3191316	Samobor	HR	16911
2953371	Bad Reichenhall	DE	16910
1853514	Owase	JP	16910
2655273	Bodmin	GB	16909
3818398	Zarumilla	PE	16907
109391	Al Khabrā’	SA	16906
4938836	Hanover	US	16906
3466936	Carlópolis	BR	16905
10922739	Eruvatti	IN	16905
13494612	Merta Road	IN	16905
1255027	Tanakpur	IN	16905
3170659	Piossasco	IT	16904
2171945	Caulfield North	AU	16903
2390740	Zé	BJ	16903
155743	Lugoba	TZ	16902
13157125	Undera	IN	16902
1857343	Mifune	JP	16901
5316890	Tanque Verde	US	16901
617993	Hînceşti	MD	16900
3167953	San Miniato	IT	16900
4156857	Glenvar Heights	US	16898
293896	Qalansuwa	IL	16898
505421	Pridonskoy	RU	16896
1502091	Krasnoobsk	RU	16894
3833512	Tupungato	AR	16893
1266814	Khed	IN	16892
315905	Eğirdir	TR	16891
11204214	Ga-Malakhe	ZA	16891
151711	Ngara	TZ	16890
2510245	Torrox	ES	16890
6318466	São João do Soter	BR	16889
1790497	Xiangshui	CN	16889
8299619	Hayling Island	GB	16887
3127035	Caldes de Montbui	ES	16885
11550012	Vinateros	ES	16885
5745380	Pendleton	US	16881
2651101	도체스터	GB	16879
3875235	Pozo Almonte	CL	16878
5772654	Centerville	US	16877
1265415	Kutiyāna	IN	16877
2683034	Råsunda	SE	16877
1255488	Sultanpur	IN	16877
3202220	자코보	HR	16875
8449754	Parkside	US	16874
3445928	Boa Vista do Tupim	BR	16873
3837441	San Jorge	AR	16873
8349238	Parafield Gardens	AU	16872
2346812	Bonny	NG	16868
2739788	Fafe	PT	16868
2744042	Zandvoort	NL	16868
1279221	Ahor	IN	16867
926308	Monkey Bay	MW	16867
3190589	포제가	HR	16867
775183	Brzesko	PL	16866
1256100	Sirālkoppa	IN	16864
712967	Bakhmach	UA	16862
3659711	Cariamanga	EC	16862
1607083	Ra-ngae	TH	16862
939608	Winburg	ZA	16862
2799226	Dour	BE	16861
3458112	Malhada	BR	16861
3110813	Sant Celoni	ES	16860
11184427	Sithurajapuram	IN	16860
2920433	Gilching	DE	16859
1784089	Zhouxi	CN	16859
5926268	콜우드	CA	16859
527529	멘젤린스크	RU	16858
2761524	Wels	AT	16857
1672869	Linnei	TW	16856
3536259	Sibanicú	CU	16856
2791744	마르슈앙파멘	BE	16856
3585157	La Libertad	SV	16855
2955421	Bad Arolsen	DE	16854
6317744	Nova Ipixuna	BR	16854
2799496	Destelbergen	BE	16853
933719	Janeng	BW	16853
5136421	Sayville	US	16853
1253454	Vandalūr	IN	16852
321786	Bayındır	TR	16850
2654859	Braunstone	GB	16850
2621912	Frederikssund	DK	16850
3067433	Prosek	CZ	16850
12070063	Pendino	IT	16848
4421935	Clarksdale	US	16847
11072202	Moreh	IN	16847
2930646	Eltville	DE	16845
11463867	Chelamartam	IN	16844
12023071	Malafede	IT	16844
2826909	Stockach	DE	16844
12719553	Pak Tin Estate	HK	16843
3128978	Balaguer	ES	16841
1619276	Bang Rakam	TH	16841
1274861	Challapalle	IN	16841
7576707	Helensvale	AU	16839
3863503	Cafayate	AR	16836
2651294	Devizes	GB	16834
1266220	Konārka	IN	16834
3815375	La Magdalena Tlaltelulco	MX	16834
3493482	Sabana Grande de Boyá	DO	16834
1611492	Bua Yai	TH	16832
2641435	노샐러턴	GB	16832
606531	Boden	SE	16830
3458245	Macatuba	BR	16829
12156851	Leaside-Bennington	CA	16828
4238132	Fairview Heights	US	16827
1271722	Gandevi	IN	16827
5165101	노워크	US	16827
1681676	Tiwi	PH	16826
480685	Tuchkovo	RU	16826
2898117	Huckarde	DE	16825
1606350	Sawang Daen Din	TH	16825
3031268	Bouguenais	FR	16824
4171782	San Carlos Park	US	16824
153709	Mwandiga	TZ	16822
11655782	Āchāripallam Vāniyakudi	IN	16822
787516	Obrenovac	RS	16821
13353505	Peralassery	IN	16821
3988169	Salinas de Hidalgo	MX	16821
7347727	Dongjiang	CN	16816
200755	Awendo	KE	16815
11003038	Awendo	KE	16815
1254000	Bara Uchāna	IN	16815
2638776	Saint Ives	GB	16815
2793077	Lede	BE	16813
1820557	Liang	BN	16813
2482390	Saoula	DZ	16812
1818557	Tin Wan	HK	16811
3514278	Yecapixtla	MX	16811
1278393	Arkalgūd	IN	16810
1268279	Kāmākhyānagar	IN	16810
4933743	콩코드	US	16810
8561397	Nanaku	JP	16809
8740799	Budhni	IN	16808
2643696	Longfield	GB	16808
4659557	Springfield	US	16808
567183	다닐로프	RU	16808
2725201	Årsta	SE	16807
2472838	Zeramedine	TN	16806
630515	Oshmyany	BY	16804
3105247	Villanueva de la Cañada	ES	16804
5101766	New Milford	US	16801
10910220	Pinarāyi	IN	16801
2562629	오르미	MT	16801
234043	Busolwe	UG	16800
1514140	Druzhba	UZ	16800
13132717	Nyamunuka	UG	16800
3673379	Pailitas	CO	16800
3167034	Savigliano	IT	16800
12048027	South Ruislip	GB	16800
611182	Vasil’yevo	RU	16800
13308748	Zhuzilin	CN	16800
295435	베트셰안	IL	16800
1811746	Ehen Hudag	CN	16798
2659422	Nyon	CH	16797
7257726	North Attleborough Center	US	16796
4888892	Country Club Hills	US	16795
539689	Kukmor	RU	16795
2157410	Mitcham	AU	16795
3449502	Santo Antônio do Leverger	BR	16795
8398673	Liangping	CN	16794
72968	Ma'rib	YE	16794
12746547	Wang Tau Hom Estate	HK	16794
78751	모카	YE	16794
770157	Jędrzejów	PL	16792
8573531	Sasazuka	JP	16792
1817310	Baitu	CN	16790
2766922	Saalfelden am Steinernen Meer	AT	16790
2658606	Sierre	CH	16790
2969796	Verneuil-sur-Seine	FR	16790
11345757	Pāchchal	IN	16789
2969692	Verrières-le-Buisson	FR	16789
4899581	Lemont	US	16788
11663478	Navalpattu	IN	16788
5046001	Sartell	US	16788
5205163	Parkwood Manor	US	16787
1153850	Bo Phloi	TH	16786
1167501	Goth Radhan	PK	16786
3388238	São Paulo do Potengi	BR	16786
3898597	Batuco	CL	16784
2837470	Schneeberg	DE	16784
13494689	Vathirairuppu	IN	16784
2937317	Diepholz	DE	16783
4619800	Dyersburg	US	16781
584298	Achkhoy-Martan	RU	16779
661164	Anjala	FI	16779
1255950	Sivagiri	IN	16779
2658564	졸로투른	CH	16777
1276666	Bāwal	IN	16776
5151861	Defiance	US	16776
12156854	Mount Pleasant East	CA	16775
1526797	Akkol’	KZ	16773
2550162	El Harhoura	MA	16773
1794686	Shuangjiang	CN	16773
4348353	Beltsville	US	16772
1510366	Belyy Yar	RU	16772
8432864	Hanumana	IN	16771
1054257	Vatomandry	MG	16771
3052542	Fót	HU	16770
2899676	Holzkirchen	DE	16770
664074	우르지체니	RO	16770
13353504	Porathissery	IN	16768
1819577	관탕	HK	16766
1106835	Thaba-Tseka	LS	16765
265252	Amaliáda	GR	16763
509052	플랍스크	RU	16763
6137780	Sainte-Catherine	CA	16762
618329	Floreşti	MD	16759
1688058	Santa Maria	PH	16758
1253481	Vallam	IN	16758
7932646	Brighton East	AU	16757
3183472	Adelfia	IT	16756
3439525	영	UY	16756
9924467	Fudong	CN	16754
1802802	Lixin	CN	16753
301089	Serinyol	TR	16753
1278703	Āmta	IN	16753
5789683	센트레일리아	US	16753
3369179	Caledon	ZA	16752
2986160	Pontivy	FR	16752
3514051	Zaragoza	MX	16752
4319518	Chalmette	US	16751
3391889	Pitimbu	BR	16751
1253610	Vāda	IN	16750
1268667	Kadod	IN	16747
8858117	La Providencia Siglo XXI	MX	16747
3840104	Puerto Deseado	AR	16747
4911418	Shorewood	US	16747
685823	Baia Sprie	RO	16746
4354821	Ferndale	US	16746
12687308	Wādī 'Utbah	LY	16746
1253490	Valavanur	IN	16745
13157124	Khapat	IN	16744
5163799	Mount Vernon	US	16742
1278073	Bābai	IN	16741
2617658	Lillerød	DK	16741
3473042	Água Clara	BR	16741
10865210	Togoshi	JP	16740
2998854	르베지네	FR	16740
2646979	High Blantyre	GB	16739
2155542	Nerang	AU	16739
2639265	Rochford	GB	16739
1906095	Zhaoxing	CN	16737
1270271	Harsūd	IN	16736
2640201	Plumstead	GB	16736
3406333	Barra de Santo Antônio	BR	16735
2214827	Mizdah	LY	16735
5966078	Greenfield Park	CA	16733
742658	Korgan	TR	16733
2434584	Bousso	TD	16732
13157123	Andada	IN	16730
4916140	Westchester	US	16729
4571722	Bluffton	US	16728
1852362	Shimobuchi	JP	16728
1276437	Beri Khās	IN	16727
1217569	Chelak	UZ	16727
3103034	Boguszów-Gorce	PL	16726
2905904	Hermsdorf	DE	16726
1273171	Dera Māndi	IN	16725
1707398	Laoang	PH	16725
2417394	Moussadou	GN	16725
2976406	Sallanches	FR	16725
4226552	Tifton	US	16725
3101943	Bytów	PL	16724
2652689	Cobham	GB	16724
6141900	Scarborough Village	CA	16724
4929417	오번	US	16724
10189869	Linhe	CN	16723
3098201	Gryfice	PL	16720
2661228	Cham	CH	16719
761218	Przasnysz	PL	16718
2953413	Bad Langensalza	DE	16717
252270	Vári	GR	16717
2164691	Granville	AU	16716
2873632	Marienberg	DE	16716
262719	Ellinikó	GR	16715
6640028	Hale	GB	16715
152546	Mungaa	TZ	16715
1463373	Chanaje	IN	16714
5377100	Nipomo	US	16714
5909278	Brocklehurst	CA	16713
4768678	Laurel	US	16713
3547260	Media Luna	CU	16713
3569741	Abreus	CU	16711
8628018	Bản Na Hỷ	VN	16710
2741865	Cabeceiras de Basto	PT	16710
2752420	Korrewegwijk	NL	16710
1257530	Sāmbūrvadakara	IN	16709
2213570	Qaşr Khiyār	LY	16708
3613015	Cucuyagua	HN	16707
3173631	Melegnano	IT	16707
1861341	Isogo	JP	16706
2992367	Montivilliers	FR	16706
537107	라킨스크	RU	16706
934032	Saint Pierre	MU	16704
3090558	Nowogard	PL	16703
4735702	Taylor	US	16702
3987224	산펠리페	MX	16702
6943558	Bracken Ridge	AU	16701
3947173	Atalaya	PE	16700
3522232	Ozumba de Alzate	MX	16700
2640416	Penrith	GB	16700
13494645	Thorapadi	IN	16700
4212992	North Decatur	US	16698
3673424	Pacho	CO	16698
1218195	Türkmengala	TM	16696
2817202	Vilshofen	DE	16695
2127802	Tōbetsu	JP	16694
2654663	Brixham	GB	16693
4480219	Morganton	US	16692
12719445	Kam Ying	HK	16691
8224696	Karingal	IN	16691
3515163	Santa Rosa Treinta	MX	16691
3182904	Arcore	IT	16690
1262060	Nal Khera	IN	16690
4289445	댄빌	US	16690
2924302	Frohnau	DE	16689
6967990	Az Zuwāydah	PS	16688
2907887	Heidenau	DE	16686
6942645	Buckingham	CA	16685
1259535	Piriyāpatna	IN	16685
3021150	Domont	FR	16684
2791315	Merelbeke	BE	16684
12687494	Touagui	CI	16684
3523909	Los Reyes de Juárez	MX	16683
2947449	Bobingen	DE	16682
2156671	Mount Druitt	AU	16682
130276	Jask	IR	16680
11011454	Nohsa	IN	16680
3671418	Puerto López	CO	16678
2284030	Nambingué	CI	16677
3171900	Orta Nova	IT	16677
2121909	Poronaysk	RU	16677
3388059	São Vicente Férrer	BR	16677
1259801	Phaphūnd	IN	16675
693920	Shpola	UA	16674
1734721	Kampung Teluk Kemang	MY	16672
925789	Mulanje	MW	16672
1698887	Nabunturan	PH	16671
13157122	Sarangpore	IN	16671
3665380	Alvarães	BR	16670
1278052	Babrāla	IN	16670
5220798	Barrington	US	16669
5097239	Denville	US	16669
1505933	Ilanskiy	RU	16668
1849154	Ushibukamachi	JP	16667
2289902	Diourouzon	CI	16666
11556470	Vīrnūr	IN	16665
4915545	Washington	US	16664
2698767	쿰라	SE	16663
2875831	Losheim	DE	16660
5205849	Phoenixville	US	16658
4710749	Mercedes	US	16657
1279181	Ajaigarh	IN	16656
4054378	Center Point	US	16655
3468296	Cafelândia	BR	16654
3620544	Camoapa	NI	16653
3669440	San Lorenzo	CO	16653
1386329	Islamgarh	PK	16651
1277776	바이하르	IN	16650
1264085	Malīhābād	IN	16649
3430457	Navarro	AR	16649
2789162	Péruwelz	BE	16647
3407387	Araçagi	BR	16646
4394905	Lemay	US	16645
2523180	Scordia	IT	16645
2755584	Gennep	NL	16642
1268929	Jhūsi	IN	16642
298326	Ürgüp	TR	16642
3463604	Fartura	BR	16641
2813786	Wassenberg	DE	16641
2357487	Natiaboani	BF	16640
4845984	Wolcott	US	16639
3460698	Itapiranga	BR	16638
3516499	Suchiapa	MX	16637
13157121	Trajpar	IN	16637
3032340	Blanquefort	FR	16636
632542	Vammala	FI	16635
4212888	Norcross	US	16634
3389819	Salitre	BR	16633
3838902	Río Ceballos	AR	16632
3399380	Fortim	BR	16631
5757477	Troutdale	US	16631
590447	마르두	EE	16630
3098130	Gubin	PL	16629
5743731	Oak Grove	US	16629
11500480	Pudusseri	IN	16629
3428373	Santa Clara del Mar	AR	16629
4013726	Anáhuac	MX	16628
5129248	North Valley Stream	US	16628
1818992	San Tin	HK	16628
12689062	Sun Tin Wai	HK	16628
3168730	Sacile	IT	16626
3866465	Aimogasta	AR	16625
3178402	Colle di Val d'Elsa	IT	16625
11656271	Pattamadai	IN	16625
2634155	Whickham	GB	16625
1273793	Cuncolim	IN	16623
3514349	Yajalón	MX	16622
2288439	Gadouan	CI	16620
2346951	Bode Saadu	NG	16619
2870318	Mittweida	DE	16619
579432	Balezino	RU	16618
1691441	Roxas	PH	16618
4353962	Easton	US	16617
10300676	Minamichita	JP	16617
1150210	Thap Than	TH	16615
7848493	Kranzadougou	CI	16614
1260141	Pathalgaon	IN	16613
2324504	Rijau	NG	16613
1277576	Baliguda	IN	16611
4935582	Easthampton	US	16611
1278278	Āsind	IN	16611
3171848	Osimo	IT	16610
2638878	Saffron Walden	GB	16610
7315409	Bothell West	US	16607
1064366	Ifanadiana	MG	16607
109915	Al Baţţālīyah	SA	16606
8405693	Changlong	CN	16605
8348920	Pacific Pines	AU	16605
1253559	Vāghodia	IN	16604
6160603	스위프트 커렌트	CA	16604
3457967	Mangueirinha	BR	16603
3462439	Getúlio Vargas	BR	16602
3534432	Venezuela	CU	16601
233382	Gombe	UG	16600
232287	Kanungu	UG	16600
13132714	Kiryandongo Refugee Camp	UG	16600
2866930	Nauen	DE	16600
411849	Yanqul	OM	16599
3183187	Alpignano	IT	16598
551986	카신	RU	16598
4552707	탈레콰	US	16598
4995664	Hazel Park	US	16597
692315	Sudak	UA	16597
1665357	Yujing	TW	16597
3126317	Cardedeu	ES	16596
4018254	Ario de Rosales	MX	16595
8573523	Saginomiya	JP	16593
3437063	San Juan Bautista	PY	16593
5293083	Douglas	US	16592
12359301	Muhe	CN	16592
2832232	Sigmaringen	DE	16592
4336153	Opelousas	US	16591
3053836	Dabas	HU	16590
3020996	Douarnenez	FR	16590
3086511	Rypin	PL	16589
1619616	Bang Ban	TH	16588
315697	Elmalı	TR	16587
1153241	Huai Yot	TH	16586
11919749	Le Camas	FR	16585
1261564	Nazareth	IN	16584
4938048	Grafton	US	16583
13494539	Samurou	IN	16582
7260095	Sandalfoot Cove	US	16582
6545023	Edmundston	CA	16580
3184497	페친	AL	16580
2759113	Bergschenhoek	NL	16579
4676206	Brenham	US	16579
13494747	Madhuban	IN	16579
2523705	Porto Empedocle	IT	16574
6686961	Īlkhchī	IR	16574
2785612	테선데를로	BE	16574
3531904	Cacahoatán	MX	16572
3653287	Pelileo	EC	16572
728075	Popovo	BG	16571
6534252	San Felice A Cancello	IT	16571
3166006	Suzzara	IT	16571
3575635	로조	DM	16571
496269	Severo-Zadonsk	RU	16569
2904725	Hille	DE	16567
1851286	Tadaoka-higashi	JP	16567
1683342	Tanauan	PH	16567
4167003	Opa-locka	US	16565
5245193	Beaver Dam	US	16564
5338196	Coalinga	US	16564
6822109	Shintomi	JP	16564
3994912	Nochistlán de Mejía	MX	16562
4842818	Seymour	US	16562
2826861	Stockelsdorf	DE	16562
2423919	Arfa Moussaïa	GN	16561
11679084	Lālpettai	IN	16561
191908	Kiminini	KE	16560
3924895	Plácido de Castro	BR	16560
2333490	Kumagunnam	NG	16557
1257588	Sālūmbar	IN	16557
7870920	Trinity-Bellwoods	CA	16556
12519211	Knyahynyn	UA	16554
3488613	Savanna-la-Mar	JM	16553
2655689	Biggleswade	GB	16551
527888	Medvezh’yegorsk	RU	16551
13607951	Clayton Park West	CA	16550
2962725	Malahide	IE	16550
7373329	Xigaoshan	CN	16550
2953363	Bad Säckingen	DE	16549
3466041	Coaraci	BR	16549
3461289	Indiaroba	BR	16549
3557758	Guane	CU	16548
768216	Konstancin-Jeziorna	PL	16548
2508180	’Aïn el Berd	DZ	16548
3182361	Bareggio	IT	16546
2270978	Belém	PT	16546
359867	As Sallūm	EG	16545
2989130	Osny	FR	16545
3836142	Santa María	AR	16545
1255743	Sonkach	IN	16545
2444995	Filingué	NE	16544
2795912	Herve	BE	16544
3181641	Bovisio-Masciago	IT	16542
2901420	Hohenstein-Ernstthal	DE	16542
3068445	Pelhřimov	CZ	16541
1862358	Hitoto	JP	16540
766307	Lidzbark Warmiński	PL	16540
1721695	Cabayangan	PH	16539
2931871	Eilenburg	DE	16539
786341	Resen	MK	16539
3108285	Tàrrega	ES	16539
4997500	Jenison	US	16538
2441526	Madarounfa	NE	16538
3168936	Roseto degli Abruzzi	IT	16538
5113142	코호스	US	16538
987875	Koppies	ZA	16537
3168609	Saluzzo	IT	16537
3179218	Ceglie Messapica	IT	16536
3002984	Le Pecq	FR	16534
6545108	Las Tres Torres	ES	16532
3675409	Manzanares	CO	16532
2404041	Segbwema	SL	16532
3405182	Bonito	BR	16530
8349003	Paralowie	AU	16530
8406675	Zhongling	CN	16530
2338371	Ijoko	NG	16529
1771606	Anak Bukit	MY	16525
4952487	Swansea	US	16525
4022735	Hidalgo	MX	16524
3014392	Guérande	FR	16523
2795908	Herzele	BE	16523
4686593	도나	US	16523
2896546	Illertissen	DE	16522
11522068	Jāmbai	IN	16522
11669846	Kensington	GB	16522
304196	Mucur	TR	16522
4791160	Vienna	US	16522
3895165	Chicureo	CL	16520
4168659	Pinewood	US	16520
1806368	Jiangjia	CN	16518
3669929	San Estanislao	CO	16518
2637357	South Norwood	GB	16518
6534203	L'Ancienne-Lorette	CA	16516
2610789	Vallensbæk	DK	16515
1584955	Cổ Lóa	VN	16514
3468234	Caiapônia	BR	16513
5197159	Lansdale	US	16512
2966110	Blanchardstown	IE	16511
3519249	San Francisco Tlalcilalcalpan	MX	16509
471457	Vostryakovo	RU	16509
151108	Nyamuswa	TZ	16507
4005380	Guadalupe Victoria	MX	16506
10846354	Kōtekāra	IN	16505
1280763	Langru	CN	16505
8572938	Sekimachi-minami	JP	16504
3165595	Tolentino	IT	16504
5886971	Armdale	CA	16502
2652191	Cowley	GB	16500
12746672	Desa Parkcity	MY	16500
8581595	Harringay	GB	16500
2750939	Merenwijk	NL	16500
2910367	Harpen	DE	16498
10210427	Chāndāmeta	IN	16497
3018246	Floirac	FR	16497
2756295	Eibergen	NL	16493
1606343	Seka	TH	16493
113636	Tafresh	IR	16493
4656585	Sevierville	US	16490
6620290	Turgutreis	TR	16490
686803	Zvenyhorodka	UA	16490
4533029	Chickasha	US	16488
3042287	세인트피터포트	GG	16488
4204007	Kingsland	US	16487
12523494	Kiphire	IN	16487
2388693	Bobangui	CF	16486
3061188	Bánovce nad Bebravou	SK	16486
1266838	Khātra	IN	16484
1162862	Uthal	PK	16483
13308200	Lower Moyamensing	US	16481
6295512	Zürich (Kreis 9) / Albisrieden	CH	16480
699078	Novoukrayinka	UA	16479
1829773	Phum Ânlŭng Vĭl	KH	16479
3183319	Albignasego	IT	16477
2913537	Gunzenhausen	DE	16477
2641462	Norbury	GB	16476
4738721	유밸디	US	16476
1822158	Snuol	KH	16473
12156898	Clanton Park	CA	16472
2909794	Haselhorst	DE	16471
3619853	El Crucero	NI	16469
2649996	Enfield Lock	GB	16469
4358082	힐크레스트하이츠	US	16469
2904808	Hilchenbach	DE	16467
3663145	Novo Airão	BR	16467
6318964	Xangri-lá	BR	16463
1785577	Yuxi	CN	16463
10713768	Gorāya	IN	16462
4174201	스튜어트	US	16462
1914256	Ersheng	CN	16461
3594703	La Esperanza	GT	16461
3103096	Bogatynia	PL	16460
3437824	Loma Plata	PY	16460
11563175	Sundakkāmpālaiyam	IN	16459
290581	Umm Suqaym	AE	16459
3121881	Hondarribia	ES	16458
2282521	Petitgoa I	CI	16457
1518431	Tasbuget	KZ	16455
4936087	Fairhaven	US	16453
2815565	Wadern	DE	16453
847507	Suurmetsä	FI	16452
4254021	Avon	US	16451
2775260	Innere Stadt	AT	16450
3655117	La Maná	EC	16450
1756720	Lukut	MY	16450
2354351	Tita	BF	16450
3834048	Tostado	AR	16448
4346788	재커리	US	16448
1503082	Kochenëvo	RU	16446
2811292	Wendelstein	DE	16446
5042773	레드윙	US	16445
3079145	Bohnice	CZ	16444
2902559	Hofgeismar	DE	16444
2332249	Lapai	NG	16442
3533490	San Antonio Acahualco	MX	16442
3392225	Piancó	BR	16441
1514839	Proletar	TJ	16441
3440571	산타루시아	UY	16438
4408672	Sikeston	US	16436
1710258	Jasaan	PH	16435
3945985	Camaná	PE	16434
1256205	Sindkhed Raja	IN	16434
766783	Łapy	PL	16434
599506	Gargždai	LT	16433
1255301	서스너	IN	16432
3177372	Erba	IT	16431
3671228	Pupiales	CO	16431
5108955	베스페이지	US	16429
712587	Bilohirsk	UA	16428
8395439	Toyota	JP	16428
2037485	Erenhot	CN	16427
3069844	Neratovice	CZ	16427
3456325	Neópolis	BR	16426
2359495	Kindi	BF	16424
2509377	Zafra	ES	16424
12217144	Namponkoré	BF	16423
12719540	Sam Shing	HK	16423
4382072	Concord	US	16421
2661321	Burgdorf	CH	16420
3689899	Andes	CO	16419
5294937	Flowing Wells	US	16419
2885800	Königslutter am Elm	DE	16419
2161185	Kogarah	AU	16416
5855051	‘Ewa Beach	US	16415
12420930	Kuoshi'airike	CN	16413
2208313	Umina Beach	AU	16413
3404056	Cajari	BR	16412
1276095	Bharwāri	IN	16411
2953357	Bad Salzungen	DE	16410
2346317	Burutu	NG	16410
2810706	Petersberg	DE	16410
5153680	Fairview Park	US	16407
4885573	브리지뷰	US	16407
833357	Ilinden	MK	16406
5364369	Laguna Woods	US	16406
3406946	Aveiro	BR	16404
13353503	Chendrappini	IN	16404
467525	Yemva	RU	16404
3461556	Ibitiara	BR	16403
2542230	Midar	MA	16402
10263046	Rāni Khera	IN	16402
2625070	오벤로	DK	16401
2611497	퇴네르	DK	16401
3469974	Bituruna	BR	16400
234368	Bukomero	UG	16400
5416005	Cañon City	US	16400
5002656	Mount Clemens	US	16400
13269454	Nigg	GB	16400
12450870	Wu'erqi	CN	16400
1276265	바이젠데이	IN	16400
3455786	Orizona	BR	16399
5045258	Saint Michael	US	16399
3450496	Sananduva	BR	16399
5104853	South River	US	16399
3508952	Dajabón	DO	16398
4292071	Fort Thomas	US	16398
1268035	Kankauli	IN	16398
8298600	Nampundwe	ZM	16396
3987402	Tlaltenango de Sánchez Román	MX	16396
3450116	Santa Margarida	BR	16395
3337504	Seeheim-Jugenheim	DE	16395
461920	즈베니고로드	RU	16395
1763412	Kampung Tanjung Karang	MY	16393
3130606	Alcañiz	ES	16392
13589220	Stonebridge	CA	16392
1907976	Jutou	CN	16390
3453324	Poço Fundo	BR	16390
3463573	Faxinal	BR	16389
1271062	Gokavaram	IN	16389
4174425	Sunset	US	16389
3456124	Nova Resende	BR	16387
1260940	Padampur	IN	16387
4906882	Prospect Heights	US	16386
1273784	Curti	IN	16385
2875645	Loxstedt	DE	16382
2890504	Kirchhain	DE	16381
3493383	San Ignacio de Sabaneta	DO	16380
2515493	Las Cabezas de San Juan	ES	16379
1262034	Nambiyūr	IN	16379
4920986	Griffith	US	16378
3402906	Caridade	BR	16377
6534234	Caronno Pertusella	IT	16377
4323873	Estelle	US	16377
13494584	Lochapada	IN	16377
160798	Butiama	TZ	16376
2739723	Feira	PT	16376
3091141	Namysłów	PL	16376
2824841	Sulzbach	DE	16376
13546408	Ywar Ma East	MM	16376
2649610	Fazakerley	GB	16374
156963	Kishapu	TZ	16371
6943585	The Gap	AU	16371
7262790	Schofield Barracks	US	16370
1865449	아키 시	JP	16370
12718693	Búzi	MZ	16369
2898098	Hückeswagen	DE	16369
12718709	Kamuhanda / Ruyenzi	RW	16369
6559641	Las Gabias	ES	16369
659935	Forssa	FI	16368
2890136	Kladow	DE	16368
12492805	Tianjia	CN	16368
3063736	Uherský Brod	CZ	16367
1276978	Bargūr	IN	16366
4748305	Bon Air	US	16366
2980942	Saint-Cyr-l'École	FR	16365
1848859	Yabase	JP	16365
11549993	Ciudad Universitaria	ES	16364
1272878	Dharampuri	IN	16363
2111964	Matsushima	JP	16363
8417533	Xiaojia	CN	16363
2639323	리펀	GB	16363
3711699	Curundú	PA	16361
1175283	Kaleke Mandi	PK	16361
5265499	Oconomowoc	US	16360
1256414	Shopian	IN	16360
5158067	Hough	US	16359
1853371	Ryōtsu-minato	JP	16359
2147381	타레	AU	16359
4176409	비로비치	US	16358
10256367	Mūllānpur	IN	16356
6295536	Oberwinterthur (Kreis 2)	CH	16356
196761	Moi‘s Bridge	KE	16355
3466325	Jussara	BR	16354
11484545	Ūttukuli	IN	16354
11031613	Kandāri	IN	16353
3589643	San Pedro Carchá	GT	16353
3401106	Demerval Lobão	BR	16352
3176177	Ghedi	IT	16351
1267202	Khada	IN	16350
684490	Bocşa	RO	16349
3466469	Central	BR	16348
2915196	Großostheim	DE	16346
595449	Radviliskis	LT	16344
877471	Nyangao	TZ	16343
6185607	요크턴	CA	16343
723030	Abony	HU	16342
2292932	Andé	CI	16341
1269175	Jasidih	IN	16338
1267776	Kargil	IN	16338
2890425	Kirchlengern	DE	16338
7850551	Nzianouan	CI	16337
305089	Lice	TR	16336
12358565	Xinhua	CN	16336
3433956	Federal	AR	16333
1501365	Kupino	RU	16333
8403620	Zhushan	CN	16331
2391067	Toukountouna	BJ	16330
2516902	Guardamar del Segura	ES	16329
3397546	Jataúba	BR	16328
1851632	Shuzenji	JP	16328
3074204	이친	CZ	16328
1266029	Kotapārh	IN	16326
5812604	서니사이드	US	16325
5736218	레버넌	US	16324
4146934	Bayshore Gardens	US	16323
9891071	Ishinari	JP	16323
3005417	Laxou	FR	16323
2897436	휜펠트	DE	16323
12687966	Gbolouville	CI	16321
2812522	Weilerswist	DE	16321
6316364	Alto Paraíso	BR	16320
2525571	Belpasso	IT	16319
3516347	Tamuín	MX	16318
1752256	Pantai Remis	MY	16317
2775742	호에넴스	AT	16317
3017921	Fontenay-le-Comte	FR	16316
9172583	Wong Chuk Hang	HK	16316
877384	Tingi	TZ	16315
3456137	Nova Olímpia	BR	16314
10555146	Tikri Kalān	IN	16313
3479302	Lagoa da Confusão	BR	16312
1705871	Loboc	PH	16312
5173210	Streetsboro	US	16312
1175678	Johi	PK	16311
6062163	Lutes Mountain	CA	16311
4185657	Calhoun	US	16309
4557983	Fishtown	US	16307
1274881	Chākuliā	IN	16306
4902754	Morton	US	16306
3093708	Lędziny	PL	16305
5262634	Menomonie	US	16305
2747597	Schiebroek	NL	16305
1651079	Atsabe	TL	16304
8398676	Longxi	CN	16304
2339756	Gwarzo	NG	16303
2647398	Hartley	GB	16302
1862755	Ōkubo	JP	16302
2516217	La Algaba	ES	16301
230370	Kyarusozi	UG	16300
229599	Lyantonde	UG	16300
1635826	Maubara	TL	16300
229112	Moroto	UG	16300
1256734	Shāhgarh	IN	16300
1605119	Wang Nam Yen	TH	16299
5403676	트러키	US	16299
2291962	Bayota	CI	16298
5155207	프리몬트	US	16297
109059	Al Munayzilah	SA	16296
629447	비하프	BY	16296
11463106	Kadamakudi	IN	16295
3979174	Lázaro Cárdenas	MX	16294
4749627	Buckhall	US	16293
2903237	Hochfeld	DE	16292
2764279	Stockerau	AT	16292
4692746	게인즈빌	US	16292
1278546	Annāmalainagar	IN	16289
2660127	Kloten	CH	16289
2509408	Yaiza	ES	16289
6318426	São Francisco do Guaporé	BR	16286
3453858	Pindaí	BR	16285
1278842	Āmbāsa	IN	16285
8224697	Arumanai	IN	16283
1278676	Anandpur	IN	16282
2848335	Remagen	DE	16280
2386042	Kabo	CF	16279
1261049	Omalur	IN	16279
3451812	Raposos	BR	16279
1679360	Zumarraga	PH	16279
3176970	Fiorano	IT	16278
1269850	Hatti	IN	16278
1904076	Damiao	CN	16277
2616933	Middelfart	DK	16277
5785243	애버딘	US	16276
3671325	Puerto Santander	CO	16275
5108186	Baychester	US	16274
12188859	Casal Bertone	IT	16273
12358632	Jifeng	CN	16273
7338243	Puchi	CN	16272
13546404	Kyo Kone East	MM	16270
1274422	Chennimalai	IN	16268
2764178	Straßgang	AT	16268
792227	Brvenica	MK	16267
12958623	Centro Novo do Maranhão	BR	16267
5099292	Hopatcong Hills	US	16267
1264523	Madukkūr	IN	16266
1515007	올리아스타이	MN	16265
7302862	Bahula	IN	16264
744716	Kandıra	TR	16264
1171050	Mangla	PK	16264
3674603	Momil	CO	16264
1278090	Ayyampettāi	IN	16263
1283448	Dhulikhel	NP	16263
2659127	Pully	CH	16263
2110994	Shizukuishi	JP	16263
6395604	San Martín de Pangoa	PE	16262
4982236	워터빌	US	16261
1261767	Naroli	IN	16260
1261145	Nūh	IN	16260
5379759	Oroville	US	16260
2993572	Moissy-Cramayel	FR	16259
5134323	Roosevelt	US	16258
187150	Mazeras	KE	16254
2521413	Baeza	ES	16253
3401404	Cumaru	BR	16252
3123063	Ermua	ES	16252
8858118	Ampliación San Mateo	MX	16250
3703068	Penonomé	PA	16250
3692310	San Pedro de Lloc	PE	16250
3082756	우스트카	PL	16250
3882957	Llanquihue	CL	16249
2953197	Baiersbronn	DE	16248
1816369	Bikou	CN	16247
8442323	Thimiri	IN	16246
1630034	Ransiki	ID	16245
11663358	Ellakkudi	IN	16244
3120989	Gernika-Lumo	ES	16244
3440963	프로그레소	UY	16244
2976050	Saran	FR	16243
1858033	구시모토 정	JP	16243
3518475	Teolocholco	MX	16240
3515938	Teopisca	MX	16240
253394	Sparta	GR	16239
6690824	Tooting	GB	16239
3104475	Viveiro	ES	16238
2636948	스테프니	GB	16238
3173391	Minturno	IT	16236
2513604	Montijo	ES	16236
1818259	Yeung Uk Tsuen	HK	16236
1753004	Padang Besar	MY	16235
1689052	San Mateo	PH	16233
878367	Kitama	TZ	16232
6822172	Kumano	JP	16232
3109050	Seseña	ES	16231
3461602	Ibicuí	BR	16230
2748130	Rijen	NL	16230
5088438	Laconia	US	16227
2523927	Palagonia	IT	16227
3029706	Bry-sur-Marne	FR	16226
2157056	Moonee Ponds	AU	16224
3027767	Cesson-Sévigné	FR	16222
1268276	Kamalganj	IN	16222
2260945	Bétou	CG	16221
734880	Orestiáda	GR	16221
1785688	Yunshan	CN	16220
2878673	Leopoldshöhe	DE	16219
2817813	Vechelde	DE	16219
5108707	Bellmore	US	16218
751931	Arhavi	TR	16217
1275978	Bhikangaon	IN	16217
785559	Stara Pazova	RS	16217
3685724	Cotorra	CO	16215
486110	Surkhakhi	RU	16215
1584301	Đại Lộc	VN	16215
2946366	보파르트	DE	16215
3996910	Magdalena	MX	16214
2911408	Halstenbek	DE	16212
117814	Sa‘īdābād	IR	16212
2619154	Kalundborg	DK	16211
6137781	Sainte-Catherine	CA	16211
2919880	Glinde	DE	16210
3460136	Japaratuba	BR	16209
3115907	Mungia	ES	16209
2802435	Beerse	BE	16208
671382	Pantelimon	RO	16206
10286555	Nuuanu - Punchbowl	US	16205
5030005	히빙	US	16204
4788145	Sudley	US	16203
712389	Berezan	UA	16202
3454005	Piaçabuçu	BR	16201
8354605	Svyatopetrivske	UA	16200
2218478	비라크	LY	16200
1507636	Chunskiy	RU	16199
4192205	Dublin	US	16197
13494688	Neelagiri	IN	16197
1817925	Qingyang	CN	16197
3526662	Izamal	MX	16195
9403721	Kuliouou - Kalani Iki	US	16195
12718789	Frischgewaagd	ZA	16192
2952252	Bassum	DE	16191
553248	Kamyzyak	RU	16191
11725	Zīr Āb	IR	16191
360159	Ar Radīsīyah Qiblī	EG	16190
3179347	Cattolica	IT	16189
3446198	Tremedal	BR	16189
3446392	Tocantins	BR	16185
1269449	Jalakandapuram	IN	16184
284324	Bayt Jālā	PS	16183
1462735	Mullānwāla	IN	16183
5720495	Coos Bay	US	16182
3002570	Le Pontet	FR	16182
6295520	Stadt Winterthur (Kreis 1)	CH	16182
454768	투쿰스	LV	16182
12358507	Mujia	CN	16180
2476917	Thenia	DZ	16180
2511287	San Miguel De Abona	ES	16179
1689994	Aurora	PH	16178
2420139	Kamabi	GN	16178
1822842	Yeang	KH	16177
2656407	Banbridge	GB	16173
3939168	Huarmey	PE	16172
12719438	Braemar Hill	HK	16171
2158867	Manly	AU	16170
2865716	Neuenhagen	DE	16170
542334	Krasnogvardeyskoye	RU	16169
3652684	Pujilí	EC	16168
3996299	Medina	MX	16166
1165486	Shahr Sultan	PK	16166
1260556	Pandaria	IN	16165
284999	Al Yāmūn	PS	16164
12156849	Lansing-Westgate	CA	16164
2992890	Montbrison	FR	16164
1254590	Thiruvaiyaru	IN	16164
3019153	Faches-Thumesnil	FR	16163
4471851	Hope Mills	US	16163
707296	Iziaslav	UA	16162
9972964	West Pennant Hills	AU	16162
4016734	Bucerías	MX	16161
5417041	Cimarron Hills	US	16161
11556871	Elandakuttai	IN	16160
7326411	Zhongba	CN	16160
494427	Shilovo	RU	16159
4702732	Katy	US	16158
4184845	브런즈윅	US	16157
1907966	Dazhuang	CN	16156
3204672	Bačka Topola	RS	16154
789228	Kosovo Polje	XK	16154
1590225	Ít Ong	VN	16153
4802316	Clarksburg	US	16152
3583747	San Francisco	SV	16152
3176097	Ginosa	IT	16151
4701458	Jollyville	US	16151
2945545	Brake (Unterweser)	DE	16150
3061284	Dvůr Králové nad Labem	CZ	16150
13535632	Maaspoort	NL	16150
2640465	Penicuik	GB	16150
1257313	Sānwer	IN	16150
3897322	칼데라	CL	16150
4697645	Highland Village	US	16149
751838	Arsin	TR	16148
3460553	Itirapina	BR	16148
3073193	Košíře	CZ	16145
692118	Svatove	UA	16145
2836084	Schrobenhausen	DE	16143
1152432	Lang Suan	TH	16142
4503346	Ocean Acres	US	16142
2877438	Linden-Nord	DE	16141
2850887	Rahden	DE	16140
11655747	Nallavila	IN	16138
758252	Staszów	PL	16137
2967934	Viroflay	FR	16137
3466405	Cerro Azul	BR	16134
11680524	Kāmayakkavundanpatti	IN	16134
558236	Gryazovets	RU	16133
946932	Ugie	ZA	16133
2639223	Roehampton	GB	16132
3838879	Río Colorado	AR	16132
4794350	Wolf Trap	US	16131
3385670	Urucará	BR	16130
1275700	Bījāpur	IN	16129
2876147	Lohr am Main	DE	16127
586340	Yeni Suraxanı	AZ	16127
5100748	Madison	US	16126
1265402	Kuthalam	IN	16125
1856120	Nagasu	JP	16125
3514597	Santa Ana Xalmimilulco	MX	16125
2882440	Künzell	DE	16124
3986985	San Francisco de los Romo	MX	16124
2409823	Bumpe	SL	16123
2692613	Mariestad	SE	16122
2790357	Neerpelt	BE	16122
2751582	Lindenholt	NL	16121
2659873	Littau	CH	16121
7338250	Maying	CN	16121
2648215	Grangemouth	GB	16120
2754817	하를링언	NL	16119
173312	Al Quţayfah	SY	16118
1699204	Morong	PH	16117
1687409	San Vicente	PH	16116
4720131	포틀랜드	US	16116
7315234	Midway	US	16115
1083676	Ambarakaraka	MG	16114
11500776	Chengalam	IN	16111
10910167	Cherukunnu	IN	16111
1720499	Calatagan	PH	16110
3460908	Itaeté	BR	16110
1830040	Phumĭ Âmpĭl Leu	KH	16110
11010185	Kamiya	JP	16109
2523192	Scicli	IT	16109
13494542	Kuda	IN	16108
3667386	Tarqui	CO	16108
2285092	Logoualé	CI	16106
3084440	Strzegom	PL	16106
2943336	Brüggen	DE	16105
3403214	Canudos	BR	16105
2999683	Les Sables-d'Olonne	FR	16105
41589	Shahrak-e Mohandesī-ye Zerā‘ī	IR	16104
1879544	아양리	KP	16104
7517557	Hualin	CN	16103
2738347	Leça do Bailio	PT	16103
8418560	Shiwan	CN	16103
3164919	Valenzano	IT	16101
3643353	El Dorado	VE	16100
2645541	Kilwinning	GB	16100
13580322	Kybalchych	UA	16100
481350	Trubchevsk	RU	16100
486665	수히니치	RU	16100
924732	Nkhata Bay	MW	16099
4734909	Sulphur Springs	US	16098
3460281	Jacupiranga	BR	16097
12156840	Newtonbrook East	CA	16097
2550985	Driouch	MA	16096
1697491	Novaliches Proper	PH	16096
3686013	Concordia	CO	16095
2243092	Cage Mazumbo	AO	16093
4361831	Maryland City	US	16093
2638894	Ryton	GB	16093
4566137	Manatí	PR	16092
2261697	Vialonga	PT	16088
12718768	Bagale	ZA	16087
512052	파블롭스크	RU	16087
13353502	Chevvoor	IN	16086
3515906	Tepatlaxco de Hidalgo	MX	16085
8443029	Vāniyamkulam	IN	16085
2978722	Saint-Loup	FR	16084
2635113	Upper Norwood	GB	16082
2270629	Buraca	PT	16081
2929247	Erwitte	DE	16081
4131116	Siloam Springs	US	16081
2704613	후딕스발	SE	16081
618370	Drochia	MD	16080
2238951	Pango Aluquém	AO	16080
2854923	Penzberg	DE	16079
1607435	Phu Kradueng	TH	16079
1254712	Tevāram	IN	16079
828055	Belidzhi	RU	16078
13132708	Bembla et Mnara	TN	16078
3516982	Santiago Tulantepec	MX	16078
2333563	Kukawa	NG	16077
13132731	Mwansabombwe	ZM	16077
2978768	Saint-Leu-la-Forêt	FR	16075
1275966	Bhiloda	IN	16074
8858119	Fraccionamiento Ciudad Olmeca	MX	16074
4562506	Aguadilla	PR	16073
3064454	Svitavy	CZ	16073
6295495	Zürich (Kreis 2) / Wollishofen	CH	16073
8473997	Thị Trấn Việt Quang	VN	16072
8418561	Yulong	CN	16072
12719569	Hoi Lai Estate	HK	16071
760680	Radzyń Podlaski	PL	16071
3166571	Sezze	IT	16071
1921495	Xiaochangshan	CN	16071
3601999	San Juan de Flores	HN	16070
6142912	Seafair	CA	16070
3179560	Castel Maggiore	IT	16068
3448599	São Lourenço da Serra	BR	16067
1609278	Laem Sing	TH	16066
1214256	Paropo	ID	16065
1859882	Kasumi	JP	16064
1256731	Shāhi	IN	16064
5029181	Ham Lake	US	16062
3698176	Chongoyape	PE	16061
3664207	Fonte Boa	BR	16060
4920473	Frankfort	US	16060
2515555	La Roda	ES	16060
4600541	웨스트컬럼비아	US	16060
143052	Ardestān	IR	16058
1607801	Phanom Sarakham	TH	16057
3616253	Siuna	NI	16056
560756	골리치노	RU	16056
2172293	Carlton	AU	16055
1857450	Matsuzaki	JP	16055
2807184	Witzenhausen	DE	16055
11627210	Kedia	IN	16054
2282506	Petit Grabo	CI	16054
663100	Vatra Dornei	RO	16054
6940573	Pohjois-Hervanta	FI	16053
2980097	Saint-Fons	FR	16053
2953341	Bad Segeberg	DE	16052
3007874	Landerneau	FR	16052
4919820	Dyer	US	16051
4712933	Mount Pleasant	US	16051
2846455	Rissen	DE	16051
707752	Horodok	UA	16046
5134693	라이	US	16046
4046704	Fort Hunt	US	16045
521874	Nikolayevsk	RU	16044
8348615	Alexandra Hills	AU	16043
2920329	Ginsheim-Gustavsburg	DE	16043
2098869	Bulolo	PG	16042
8312260	Hakurōmachi	JP	16042
984012	Leeudoringstad	ZA	16042
3472831	Agudo	BR	16041
8348142	Glenwood	AU	16040
6198579	Ora-dong	KR	16037
13607832	Weg naar Zee	SR	16037
2221394	Tonga	CM	16036
8991407	Đinh Văn	VN	16036
8426094	Świerczewo	PL	16034
2633561	Worcester Park	GB	16031
1819339	Mount Davis	HK	16030
4179667	Americus	US	16028
5193309	Hermitage	US	16028
1256245	심가	IN	16027
5019588	Buffalo	US	16026
2518444	El Grao	ES	16026
2354340	Tô	BF	16026
1831940	Ângk Tasaôm	KH	16026
13353501	Kandamkunnu	IN	16025
3403943	Cajueiro	BR	16024
4919381	Crawfordsville	US	16024
2939167	Damme	DE	16024
3126534	Canovelles	ES	16023
585220	Qusar	AZ	16022
3526355	Juchitepec	MX	16021
4161373	Lake Mary	US	16021
3089823	Osowa	PL	16021
11952858	Petershausen-West	DE	16021
11592296	Viewpark	GB	16020
2814146	Wardenburg	DE	16019
463217	Zherdevka	RU	16019
2292380	Baibli	CI	16018
2917816	Grefrath	DE	16016
1265809	Kudāl	IN	16015
3462419	Giruá	BR	16013
2992741	Monte-Carlo	MC	16012
2799090	Duffel	BE	16011
1159975	Pīshīn	IR	16011
5907092	Bracebridge	CA	16010
2856163	Othmarschen	DE	16009
156025	Lembeni	TZ	16008
3447965	Sátiro Dias	BR	16008
6691766	Longsight	GB	16007
2981512	Saint-Avertin	FR	16007
7849905	Loboville	CI	16006
3026285	샤토덩	FR	16006
4405434	Republic	US	16005
1253644	Utnūr	IN	16005
4452303	Albemarle	US	16003
3168231	San Giovanni Valdarno	IT	16002
3988416	El Rosario	MX	16001
1270082	Hindoria	IN	16001
1084740	Alarobia	MG	16000
1072711	Ankazondandy	MG	16000
2656196	Basford	GB	16000
234497	Buhesi	UG	16000
4752136	Cherry Hill	US	16000
2753955	Hoge Vucht	NL	16000
373130	Kafia Kingi	SS	16000
1767194	Kampung Machap Baru	MY	16000
1183614	Karimabad	PK	16000
230348	Kyazanga	UG	16000
7911406	Manafwa	UG	16000
2156034	Muswellbrook	AU	16000
2856944	Oschatz	DE	16000
3184518	Patos	AL	16000
6693840	Quartiere Otto	IT	16000
6692524	Sarigerme	TR	16000
2786634	Sint-Kruis	BE	16000
1213442	Tongging	ID	16000
705962	Trudivskyi	UA	16000
2667109	Tullinge	SE	16000
1943235	Venilale	TL	16000
1649539	바우카우	TL	16000
1276400	Betma	IN	15999
12750403	El Camino Real	US	15999
11655282	Kappiyara	IN	15998
8858120	San Rafael Tlanalapan	MX	15998
11461741	Vellakkinar	IN	15998
4152064	Country Walk	US	15997
979910	Makwassie	ZA	15996
2755605	Gemert	NL	15995
656073	Janakkala	FI	15995
2798301	Fléron	BE	15994
7342980	Dianga	CN	15993
708313	Horodok	UA	15993
716301	Püspökladány	HU	15990
6693088	파사이아	ES	15990
4219001	Riverdale	US	15989
2077454	Australind	AU	15988
683974	Brad	RO	15988
2438409	Torodi	NE	15988
2644497	Limehouse	GB	15986
4928662	Abington	US	15985
2350806	Akwanga	NG	15985
2158538	Mascot	AU	15985
3012664	Issoire	FR	15984
2951679	Beckingen	DE	15983
3614797	Belén Gualcho	HN	15983
1570643	Phú Đô	VN	15983
10733995	Balaungi	IN	15982
8349052	Duncraig	AU	15982
4005857	Vicente Guerrero	MX	15982
3471038	Balneário Rincão	BR	15981
1813591	Dashan	CN	15980
3465067	Cruz Machado	BR	15978
1270522	Hājo	IN	15977
1164679	Sodhri	PK	15977
2347155	Biliri	NG	15976
1175365	Kalabagh	PK	15976
949026	Thulamahashi	ZA	15974
2654480	Broxburn	GB	15970
515804	Tsotsin-Yurt	RU	15970
5117438	Floral Park	US	15969
3176748	Forio	IT	15969
3573732	Sangre Grande	TT	15968
12048325	Seven Sisters	GB	15968
2653239	Chertsey	GB	15967
11777281	Nakaiburi	JP	15967
4720833	Prosper	US	15967
1125896	Shahrak	AF	15967
3016097	Gien	FR	15966
5407030	Walnut Park	US	15966
2170435	Coorparoo	AU	15965
2645347	Kippax	GB	15965
2240686	Kunda dya Baze	AO	15965
3163853	Zola Predosa	IT	15965
1022145	Ashton	ZA	15964
1735485	Gurun	MY	15964
428219	Karusi	BI	15964
1264077	Māliya	IN	15964
3034483	Bayeux	FR	15963
2948071	Blankenburg	DE	15963
4718209	Pecan Grove	US	15963
3178112	Cordenons	IT	15962
2898364	Hövelhof	DE	15962
1095961	Machipanda	MZ	15962
1266240	Kombai	IN	15960
10202136	Asāra	IN	15959
1616658	Ban Mo	TH	15959
4402178	Overland	US	15959
3367804	Gansbaai	ZA	15957
7115111	Corvera de Asturias	ES	15955
3399625	Ferreiros	BR	15955
6545104	Hostafrancs	ES	15954
4994391	Grandville	US	15953
11777259	Oyamazaki	JP	15953
2818094	Uslar	DE	15951
3337476	Konjic	BA	15950
3401944	Colônia Leopoldina	BR	15949
2905206	Hettstedt	DE	15949
5914826	Candiac	CA	15947
5727382	Four Corners	US	15947
692832	Starobilsk	UA	15947
2958128	Alsfeld	DE	15945
12047925	Ealing Common	GB	15945
2788506	Puurs	BE	15944
11185663	Koothappar	IN	15943
5493403	Sunland Park	US	15940
3016292	Gentilly	FR	15939
2428450	Mangalmé	TD	15939
3026194	샤토티에리	FR	15938
2521249	Barrio de Peral	ES	15937
1859079	Kōge	JP	15937
2338356	River Atuwara	NG	15937
1288322	팡캄	MM	15936
3467928	Campanha	BR	15935
5923921	Cliffcrest	CA	15935
2337379	Iperu	NG	15935
1253977	Udalguri	IN	15935
618054	Codru	MD	15934
2652458	Conisbrough	GB	15934
1520969	Merke	KZ	15934
2986025	Port-de-Bouc	FR	15934
1463102	Shan Chaung	MM	15934
1253374	Vaso	IN	15934
2026583	Bodaybo	RU	15933
1274807	Chānasma	IN	15932
1275775	Boothapandi	IN	15931
4869195	North Liberty	US	15931
2645951	Johnstone	GB	15930
2864034	Neustadt in Holstein	DE	15930
3447658	Sertanópolis	BR	15930
3415496	케플라비크	IS	15930
2660512	Grenchen	CH	15927
2392134	Pèrèrè	BJ	15927
4286281	Burlington	US	15926
2664050	Västra Frölunda	SE	15924
4018227	Ciudad de Armería	MX	15923
8416930	Lijia	CN	15923
763291	Olecko	PL	15923
321929	Baskil	TR	15922
11501661	Bharanikāvu Tekku	IN	15922
4364964	Parole	US	15922
5406421	Vincent	US	15922
7262464	Vincent	US	15922
2850235	Ratekau	DE	15921
4173600	Southchase	US	15921
2933959	Ebersbach an der Fils	DE	15919
2160560	Lara	AU	15919
301172	Senirkent	TR	15919
12503655	Csepel-Királyerdő	HU	15917
3457098	Mirante do Paranapanema	BR	15917
5404476	유카이아	US	15917
1681333	Trento	PH	15916
616752	Dilijan	AM	15914
3681733	Guadalupe	CO	15913
772339	Garwolin	PL	15912
8858121	Tecámac de Felipe Villanueva	MX	15911
2556996	Assa	MA	15910
12687528	Gagny	CI	15910
3390902	Quixelô	BR	15910
510364	페스토보	RU	15910
2925080	Freilassing	DE	15909
8576480	Nakanobu	JP	15909
2788765	Pont-à-Celles	BE	15909
2647262	Hayes	GB	15908
4704027	La Marque	US	15908
1257940	Rura	IN	15908
2819974	Unterkrozingen	DE	15908
12718697	Messica	MZ	15907
6050263	L'Assomption	CA	15906
3841159	Pigüé	AR	15905
5364022	La Palma	US	15904
5101873	North Arlington	US	15904
2980636	Saint-Égrève	FR	15904
527740	멜렌키	RU	15902
12047636	Kozanów	PL	15901
3457641	Marmeleiro	BR	15901
3435644	Carmen de Areco	AR	15900
3856235	Embalse	AR	15900
232619	Kakumiro	UG	15900
231670	Kazo	UG	15900
6317546	Mário Campos	BR	15900
10677907	Bunjwah	IN	15899
2968368	Villers-lès-Nancy	FR	15899
3167044	Sava	IT	15898
1710518	Isabela	PH	15897
624700	Nesvizh	BY	15897
3164241	Villafranca di Verona	IT	15895
4727605	Seagoville	US	15894
3665168	Atalaia do Norte	BR	15892
3030101	Brie-Comte-Robert	FR	15892
5965812	Greater Napanee	CA	15892
4922673	Lebanon	US	15892
342711	Barentu	ER	15891
1274747	Chandia	IN	15891
6316847	Cerejeiras	BR	15890
234092	Busembatia	UG	15889
10490140	Vijayapuri North	IN	15887
1702002	Mankayan	PH	15886
2797652	Gentbrugge	BE	15885
4381478	Clayton	US	15884
973527	Tlokoeng	ZA	15884
3178999	Cerveteri	IT	15883
1090242	Mtsapéré	YT	15880
2473570	Mahires	TN	15878
3031898	Boissy-Saint-Léger	FR	15877
1267023	Khaniādhāna	IN	15877
5130780	Pearl River	US	15876
12718834	Thubelihle	ZA	15876
3624174	Colima	CR	15875
3979665	Zinapécuaro de Figueroa	MX	15875
4189213	코니어스	US	15875
3052241	Göd	HU	15874
12156897	Bathurst Manor	CA	15873
7849068	Zéaglo	CI	15873
4165519	Myrtle Grove	US	15870
2376898	로소	MR	15870
4670146	Aldine	US	15869
8404735	Linxi	CN	15869
3446923	Tapejara	BR	15869
2176934	Banora Point	AU	15868
3181550	Bressanone	IT	15868
11557957	Kannampālaiyam	IN	15868
5223505	Narragansett	US	15868
2660925	Einsiedeln	CH	15867
507599	포크로프	RU	15867
509697	페투시키	RU	15866
1605118	Wang Noi	TH	15865
1852831	Sayō	JP	15863
12041452	Mezgor'e	RU	15861
1259554	Pipraich	IN	15856
1733874	Beaufort	MY	15855
3445922	Tupi Paulista	BR	15854
2653755	카마던	GB	15854
5258296	코코나	US	15854
10867078	Inokashira	JP	15853
11903640	Sankt Leonhard	AT	15853
3762210	Santiago Tlacotepec	MX	15853
3040051	les Escaldes	AD	15853
3014383	게레	FR	15853
2282983	Okrouyo	CI	15852
2381690	Akjoujt	MR	15851
2272222	Albufeira	PT	15851
2943408	Bruckmühl	DE	15851
2354265	Toma	BF	15851
2742506	Baguim do Monte	PT	15850
1279407	Abhayāpuri	IN	15847
12156557	Binyamina-Giv'at Ada	IL	15847
295410	Binyamina-Giv‘at ‘Ada	IL	15847
1255620	Srivaikuntam	IN	15847
12420918	Azhatebage	CN	15846
5132029	Port Washington	US	15846
3469298	Bonito	BR	15844
6317525	Maraã	BR	15843
3590406	Sanarate	GT	15843
2646471	Hoyland Nether	GB	15842
4165869	New Port Richey	US	15842
3123504	엘에스코리알	ES	15842
2435779	Bédiondo	TD	15841
1255425	Sunel	IN	15840
580716	Arzgir	RU	15838
5146233	Aurora	US	15838
6064365	Maillardville	CA	15837
1256003	Sisauli	IN	15837
1253754	Unhel	IN	15837
2636333	Tadley	GB	15836
12687527	Gnépasso	CI	15835
627811	Ivanovo	BY	15833
4137457	Adams Morgan	US	15830
2451935	Sagalo	ML	15830
6156102	스트라스부르	CA	15829
713245	Apostolove	UA	15828
2147821	Surry Hills	AU	15828
2127478	Yakumo	JP	15826
705183	Slobozhanske	UA	15825
5240509	Rutland	US	15824
2659869	로카르노	CH	15824
3471427	Balneário Arroio do Silva	BR	15820
2758831	Blerick	NL	15820
1025104	Ulongué	MZ	15820
8220851	Tammenga	SR	15819
7871317	Pleasant View	CA	15818
5095281	애즈베리파크	US	15818
12070755	Lake Country	CA	15817
11463509	Marattakara	IN	15817
12687141	Pok Hong	HK	15817
8576453	Yōga	JP	15817
2129365	Kutchan	JP	15816
12689422	Flakièdougou	CI	15815
1608797	Makkasan	TH	15815
3929768	San Clemente	PE	15815
3167940	San Nicandro Garganico	IT	15815
7258897	Lutherville-Timonium	US	15814
2857291	Olsberg	DE	15814
3109546	Sant Just Desvern	ES	15811
11462894	Vadakkēkkād	IN	15811
2801494	Boom	BE	15810
1272421	Domchānch	IN	15809
2788088	Riemst	BE	15809
12750398	UC Irvine	US	15807
2339786	Gwaram	NG	15806
761131	Przeworsk	PL	15805
132428	Haftkel	IR	15802
4929283	애슐랜드	US	15802
4765520	Hybla Valley	US	15801
2636433	Swanscombe	GB	15801
2272147	Alcobaça	PT	15800
1175232	Kallar Kahar	PK	15800
230476	Kyamahungu	UG	15800
12626141	Saint-Henri	CA	15800
8409075	Lianhu	CN	15797
13156705	Minamiminowa	JP	15797
10883966	Molakālumuru	IN	15797
3465752	Conceição do Almeida	BR	15794
2288759	Gaoulou	CI	15794
12718833	Daggakraal	ZA	15793
3025496	Chenôve	FR	15791
2523087	Sinnai	IT	15791
711867	Bohuslav	UA	15789
11185500	Jalda	IN	15789
1268863	Jodiya Bandar	IN	15788
618815	Žytkavičy	BY	15788
13494583	Dera Colliery Township	IN	15787
2111567	Ōarai	JP	15787
2997395	루르드	FR	15786
2694560	Ljungby	SE	15785
4942508	Longmeadow	US	15784
764749	Milanówek	PL	15784
3168239	San Giovanni in Persiceto	IT	15783
1269990	홀랄커러	IN	15783
4354234	Elkton	US	15782
727791	Rakovski	BG	15782
3670350	Salgar	CO	15782
2639018	Royston	GB	15781
2839316	Schiffweiler	DE	15780
1272229	Dumra	IN	15778
2875623	Lubnjow	DE	15778
4561553	Strawberry Mansion	US	15778
3436047	Benito Juárez	AR	15777
3600195	Yoro	HN	15774
8573577	Kamiigusa	JP	15773
3459147	Lagoa Real	BR	15770
11664510	Pudukkottai	IN	15769
1263134	Mennānyam	IN	15768
2852280	Preetz	DE	15768
1275558	Binika	IN	15765
1255764	Sonpet	IN	15765
2746839	Staphorst	NL	15765
1014322	Cala	ZA	15764
3172116	Oderzo	IT	15764
2732785	Vermoim	PT	15764
690312	Bahacheve	UA	15763
3685273	Darien	CO	15763
2110596	Wakuya	JP	15763
4994871	Grosse Pointe Woods	US	15762
10689453	Bāngarda	IN	15761
1272829	Dhārni	IN	15761
4670555	Alton	US	15760
3668655	Santa Lucía	CO	15760
1605070	Warichaphum	TH	15760
3199779	Gračanica	BA	15758
2649169	Fort William	GB	15757
2641661	New Cross	GB	15756
1254663	Thandla	IN	15756
3168627	Salsomaggiore Terme	IT	15754
3456277	Nobres	BR	15753
4485272	Pinehurst	US	15752
4695317	Groves	US	15750
2455465	Ké-Macina	ML	15750
1266631	Khuldābād	IN	15749
1605102	Wang Saphung	TH	15747
2967318	Wittenheim	FR	15747
1272053	Elumalai	IN	15746
3461089	Iporã	BR	15746
12047651	Różanka-Polanka	PL	15746
1266746	Khetia	IN	15744
2660365	헤리자우	CH	15744
1904026	Xinsheng	CN	15743
3028779	Canteleu	FR	15742
3855074	General Pinedo	AR	15741
4946402	Orient Heights	US	15741
584791	Ujar	AZ	15741
4741100	West University Place	US	15741
11669848	Hunts Cross	GB	15740
1275814	Bhudgaon	IN	15738
2112989	Daigo	JP	15736
3450170	Santa Juliana	BR	15734
3101613	Choszczno	PL	15733
485639	Svetogorsk	RU	15733
10987664	Ōgi	JP	15733
2953464	Bad Essen	DE	15732
12718708	Bugaragara	RW	15732
1266598	Khusropur	IN	15731
5219501	Wilkinsburg	US	15731
802714	Persianovka	RU	15730
676527	Gura Humorului	RO	15728
2811204	Wendlingen am Neckar	DE	15728
3465409	Correia Pinto	BR	15727
10469721	Yerkhera	IN	15727
4771414	Manassas Park	US	15726
5219619	Willow Grove	US	15726
3084085	Świdwin	PL	15725
5146282	Avon Center	US	15724
4693150	Gatesville	US	15724
3467884	Campina da Lagoa	BR	15723
5973973	Henry Farm	CA	15723
2891834	Kelheim	DE	15723
2249576	Koumpentoum	SN	15723
4898846	La Grange	US	15723
745039	İstinye	TR	15721
667101	Şimleu Silvaniei	RO	15721
6077340	Mont-Saint-Hilaire	CA	15720
3174748	Lido	IT	15719
3457582	Maruim	BR	15719
2813433	Weener	DE	15718
6295475	Zürich (Kreis 10) / Wipkingen	CH	15718
6316924	Coronel João Sá	BR	15717
4272340	그레이트벤드	US	15717
1733449	Kinarut	MY	15716
2286632	Kolia	CI	15716
2322957	Soba	NG	15715
1266843	Khatīma	IN	15714
1276939	Bari Sādri	IN	15713
12972572	Campinápolis	BR	15713
1273512	Dāpoli	IN	15713
4308225	Shively	US	15713
3894446	Coelemu	CL	15711
4764127	Highland Springs	US	15711
2656627	Baildon	GB	15710
4068446	Hueytown	US	15710
8573723	Eifuku	JP	15709
7315418	Mill Creek East	US	15709
4924104	New Haven	US	15709
2658494	Steffisburg	CH	15709
4092788	탤러디가	US	15709
740881	Osmaneli	TR	15708
1148205	Āsmār	AF	15708
709429	Dunayivtsi	UA	15707
2330719	Marte	NG	15707
11519456	Kumārapālaiyam	IN	15706
3064894	Střížkov	CZ	15705
2659587	모르주	CH	15705
6317102	Estrela de Alagoas	BR	15701
158492	Kamachumu	TZ	15701
566155	Divnoye	RU	15700
232137	Kasambya	UG	15700
475881	베네프	RU	15700
3176379	Galliate	IT	15699
13157120	Kabilpor	IN	15699
9288247	Kanō	JP	15697
13100438	Koolauloa	US	15697
5162851	Middleburg Heights	US	15696
8348477	Casula	AU	15695
3526603	Jalpa de Méndez	MX	15695
384320	Mukingo	RW	15695
3022569	Crépy-en-Valois	FR	15694
3060139	Handlová	SK	15694
3013862	Haubourdin	FR	15694
12750601	Fernie	ZA	15693
3136765	Stjørdalshalsen	NO	15693
1870742	신안주	KP	15693
12750458	Semender	RU	15691
11683679	Periyapatti	IN	15690
3447249	Sumidouro	BR	15690
1445350	Yamjāl	IN	15689
1849155	Ushitsu	JP	15687
2761436	Wetzelsdorf	AT	15687
2558052	Amizmiz	MA	15685
6911696	Ṭinṭâne	MR	15684
12156845	Taylor-Massey	CA	15683
3067051	Rakovník	CZ	15682
3068766	Ostrov	CZ	15681
1852890	Sashiki	JP	15681
2653634	Carterton	GB	15680
315061	Ezine	TR	15677
8224430	Zeulenroda-Triebes	DE	15677
1259022	Rāhon	IN	15676
3033416	Berck-Plage	FR	15675
2514868	Los Alcázares	ES	15674
5380437	Pacific Grove	US	15674
2511180	Santa Cruz de la Palma	ES	15674
1253606	Vadakāncheri	IN	15674
8469819	Al Safa	AE	15672
1180133	Dhanot	PK	15672
2640054	포스카울	GB	15672
1277930	Bagar	IN	15670
1503037	Kodinsk	RU	15670
3690316	Aguazul	CO	15669
6316487	Balneário Gaivota	BR	15669
1177089	Harnoli	PK	15669
5229794	Mitchell	US	15669
1904058	Tieshan	CN	15669
1506260	Gornyak	RU	15668
723505	Stará Ľubovňa	SK	15667
11679731	Manaveli	IN	15666
4699442	Humble	US	15665
3000648	Les Herbiers	FR	15664
2640140	Ponders End	GB	15664
6316897	Colorado do Oeste	BR	15663
5423908	Greenwood Village	US	15663
1106809	Le Hochet	MU	15662
2264923	Peniche	PT	15662
2885760	Königstein im Taunus	DE	15661
1263610	Manthani	IN	15661
3625155	Yumare	VE	15661
3199744	Gradačac	BA	15659
11282157	Malamulele	ZA	15659
3013701	Yutz	FR	15659
1663246	Ban Kèngkok	LA	15658
2392319	Ouessé	BJ	15658
2647644	Hale	GB	15657
4002745	La Cruz	MX	15657
12719572	Fu Cheong Estate	HK	15655
361394	Al Bawīţī	EG	15653
2523113	Siderno	IT	15651
3108317	Tarancón	ES	15651
3461503	Igaporã	BR	15650
6232237	Mount Eden	NZ	15650
8348511	Cranebrook	AU	15649
2988936	Outreau	FR	15648
2562266	자바르	MT	15648
2847033	Riegelsberg	DE	15647
884798	Mvurwi	ZW	15646
1818544	To Kwa Wan	HK	15646
7260966	Bryn Mawr-Skyway	US	15645
13494611	Vidyavihar	IN	15644
463828	젤레노그라츠크	RU	15644
2887716	Klingenstein	DE	15643
13156993	Neb Sarai	IN	15640
3596041	El Tejar	GT	15639
3082751	Ustroń	PL	15637
1487882	Uzhur	RU	15637
2142457	Yarraville	AU	15636
124914	Manūjān	IR	15634
3609775	Erandique	HN	15633
1265239	Lakhipur	IN	15633
12157094	San Antonio	PE	15633
11549807	les Roquetes	ES	15633
1732312	Abuyog	PH	15632
1166062	Sarai Sidhu	PK	15632
492944	Sim	RU	15632
3687634	Candelaria	CO	15631
2251490	Gossas Village	SN	15630
1504636	Karabash	RU	15630
124967	Manjīl	IR	15630
13353494	Panangad	IN	15630
3892981	Cunco	CL	15628
643644	Orimattila	FI	15628
7849082	Aboka	CI	15627
3455304	Palmitos	BR	15626
11680409	Chokkanāthapuram	IN	15625
2650110	Elland	GB	15625
2830637	Spenge	DE	15625
2934020	Eberbach	DE	15624
1053765	Vohipeno	MG	15622
295174	Ar Rayna	IL	15621
2289950	Dignago	CI	15621
12719444	Lee On	HK	15621
695859	Rakhiv	UA	15621
8441290	Kamatgi	IN	15620
3862655	Carcarañá	AR	15619
1504212	Kataysk	RU	15619
2858103	Odenthal	DE	15619
108782	‘Uyūn al Jiwā’	SA	15619
1266596	Khūtār	IN	15618
12048177	Perry Vale	GB	15618
4885418	Bradley	US	15617
10253590	Sātalkheri	IN	15617
2611720	Tilst	DK	15617
1619400	Bang Mun Nak	TH	15616
8145969	Kara-Kulja	KG	15616
552977	카라바노보	RU	15615
2773913	Klosterneuburg	AT	15614
901766	Namwala	ZM	15614
11669847	Belle Vale	GB	15613
13132738	Toyoyama	JP	15613
12501197	Maval	IN	15612
4901710	McKinley Park	US	15612
13535802	Yùmén	CN	15612
1267617	Kasāra	IN	15611
11677565	Agaram	IN	15610
13157119	Baben	IN	15610
1261826	Nārāyankher	IN	15610
3033415	Berck	FR	15609
11522157	Salangaippālaiyam	IN	15609
2923507	Füssen	DE	15608
1278064	Baberu	IN	15607
1151528	Pa Sang	TH	15607
6318953	Vitória do Xingu	BR	15607
3428975	San Javier	AR	15606
6137489	Saint-Basile-le-Grand	CA	15605
3446582	Terra Preta	BR	15605
2873776	Marbach am Neckar	DE	15604
2127202	아나디리	RU	15604
1720052	Calumpang	PH	15602
1064258	Ikalamavony	MG	15601
2026979	Baykal’sk	RU	15600
712559	Bilopillia	UA	15600
2653123	Chislehurst	GB	15600
585802	Govlar	AZ	15600
148354	Beylagan	AZ	15599
12048257	Queenstown	GB	15599
969698	Northam	ZA	15598
2961086	털러모어	IE	15598
522260	Nikel	RU	15596
8063574	Old Swan	GB	15596
1273528	Danta	IN	15594
3726674	Désarmes	HT	15594
8572855	Sakai	JP	15594
1277955	Bādshāhpur	IN	15593
4354256	엘크릿지	US	15593
3517795	Zinacatepec	MX	15592
281581	Ţūbās	PS	15591
10877887	Chengala	IN	15588
1270335	Haripād	IN	15588
9985580	Gulgam	IN	15587
2250668	Kbombole	SN	15587
8993961	Khánh Hải	VN	15585
3817714	Tulantongo	MX	15584
2994935	Mayenne	FR	15583
10865987	Shimo’ochiai	JP	15583
5955526	Forest Heights	CA	15581
188025	Malaba	KE	15581
1684137	Talacogon	PH	15581
1610963	Dan Khun Thot	TH	15580
2112370	Kanegasaki	JP	15580
3880302	Maullín	CL	15580
4346913	애버딘	US	15580
4589446	North Myrtle Beach	US	15579
3429786	Puerto Esperanza	AR	15579
3036240	Audincourt	FR	15577
3701682	Sabanitas	PA	15577
3448332	São Pedro do Sul	BR	15577
1266433	Kuchinda	IN	15576
153423	Mlalo	TZ	15576
3623781	Esparza	CR	15575
10701276	Husainpur	IN	15575
1445797	Kompalli	IN	15575
418911	Chamgordān	IR	15574
13353675	Kalher	IN	15573
3396662	Lagoa Nova	BR	15573
763829	Nisko	PL	15573
3178019	Correggio	IT	15571
1855852	Nakanojō	JP	15571
6690791	Vallcarca	ES	15571
2558844	Ait Yazza	MA	15570
2555504	Ben Taieb	MA	15568
1715094	Diadi	PH	15567
3399377	Fortuna	BR	15567
2898079	Hude	DE	15567
1851319	Tachiarai	JP	15567
4504871	Williamstown	US	15567
2638651	Saltash	GB	15566
2339293	Ibeto	NG	15565
1607257	Prakhon Chai	TH	15564
3080074	Złotoryja	PL	15564
8063096	Earlsfield	GB	15562
11350714	Miyota	JP	15562
6051562	리덕	CA	15561
13527001	Malango	SB	15560
3403428	Canapi	BR	15559
7870917	Little Portugal	CA	15559
1254214	Toshām	IN	15559
2782555	암슈테텐	AT	15559
3170073	Porto San Giorgio	IT	15558
13132735	Harare Western Suburbs	ZW	15556
319357	Çat	TR	15556
1817306	Baituo	CN	15555
4434069	Long Beach	US	15555
11655584	Ponmana	IN	15554
11549813	el Turó de la Peira	ES	15554
3035204	Balma	FR	15553
3693584	Pimentel	PE	15552
2633863	Wimborne Minster	GB	15552
5040477	Otsego	US	15551
2789232	Peer	BE	15551
5500539	불더시티	US	15551
2634403	웨스트햄	GB	15551
1863531	Higashigotanda	JP	15550
6064180	Magog	CA	15550
3456377	Natividade	BR	15550
1791214	Wujia	CN	15549
5284756	필모어	US	15548
3654064	Montalvo	EC	15547
10987573	Toneri	JP	15547
3450376	Santa Cecília	BR	15546
5948587	Humbermede	CA	15545
1003843	Fouriesburg	ZA	15544
13157118	Sanjan	IN	15544
3904666	El Torno	BO	15543
625972	Logoysk	BY	15543
3178850	Chiari	IT	15541
4161400	Lake Wales	US	15541
11550900	Allerton	GB	15540
2346561	Bukuru	NG	15540
3013681	Hautmont	FR	15540
2349951	Anchau	NG	15538
1275593	Bilsanda	IN	15538
8858122	Venceremos	MX	15538
5323566	Alum Rock	US	15536
2554594	Bou Izakarn	MA	15536
3524374	Libres	MX	15536
3466267	Charqueada	BR	15535
12156839	Edenbridge-Humber Valley	CA	15535
2178208	Albany Creek	AU	15532
143499	Anār	IR	15532
673033	Mizil	RO	15532
3496134	Monte Plata	DO	15532
3928924	Satipo	PE	15532
6639623	Erskine	GB	15530
320004	Çağlayancerit	TR	15530
3427327	Colonia Wanda	AR	15529
502400	Razumnoye	RU	15529
3460615	Itariri	BR	15528
1605538	Thap Khlo	TH	15528
3093726	Łęczyca	PL	15528
2520121	Carlet	ES	15527
8416213	Zengfu	CN	15527
3454408	Pedregulho	BR	15525
2515284	La Solana	ES	15523
1810552	Gaogu	CN	15522
1264949	Leteri	IN	15519
2997904	Lognes	FR	15519
6295542	Zürich (Kreis 8)	CH	15519
4669828	Addison	US	15518
2633681	Wombwell	GB	15518
8397878	Fengling	CN	15517
155076	Makuyuni	TZ	15516
2361373	Diapaga	BF	15515
2799369	Diksmuide	BE	15515
3454901	Passa Quatro	BR	15515
2270339	Campo Grande	PT	15514
149151	Usagara	TZ	15514
4019082	Ahualulco de Mercado	MX	15512
432456	Kirundo	BI	15511
3110821	Sant Carles de la Ràpita	ES	15511
2747751	Sassenheim	NL	15510
2218562	Bin Jawwād	LY	15509
4353925	East Riverdale	US	15509
3116262	Montornès del Vallès	ES	15509
2953552	Bad Bentheim	DE	15508
4475347	Laurinburg	US	15507
3522246	San Pablo Oztotepec	MX	15507
32996	Morteẕá Gerd	IR	15506
3393829	Nova Timboteua	BR	15506
1253217	Vettavalam	IN	15506
12048252	Furzedown	GB	15504
2962974	Leixlip	IE	15504
3869967	Teodoro Schmidt	CL	15504
4429589	Hernando	US	15503
493316	Shushary	RU	15503
3013627	Hayange	FR	15501
5540831	Hurricane	US	15501
2473633	Kellabine	TN	15501
1904391	Ban Houakhoua	LA	15500
711562	Bortnychi	UA	15500
281187	Giv`at H̱ananya	IL	15500
7911309	Väståboland	FI	15498
4840755	플레인필드	US	15498
3406334	Barra de Santa Rosa	BR	15497
8399052	Fengping	CN	15497
1771485	Kampung Ayer Molek	MY	15497
4558475	Hanover	US	15496
3514785	Venustiano Carranza	MX	15496
7521471	Docklands	AU	15495
1732785	Pengerang	MY	15494
3914839	Huanuni	BO	15492
4205885	Lithia Springs	US	15491
12718740	Mile 91	SL	15491
2539139	Oulad Tayeb	MA	15491
1722356	Boroon	PH	15490
6232280	Titirangi	NZ	15490
1263714	Mani Mājra	IN	15489
12689065	Butterfly	HK	15488
787615	Nova Pazova	RS	15488
3176560	Frattaminore	IT	15487
8740787	Kurwai	IN	15487
2863199	Niederkrüchten	DE	15487
8599061	Las Delicias	MX	15486
583041	알렉산드롭스크	RU	15486
2637407	South Hayling	GB	15485
12358503	Fazhanhe	CN	15483
487095	스트루니노	RU	15483
5116937	Farmingville	US	15481
5126208	Mastic	US	15481
12687144	Prince Edward	HK	15481
13494746	Taranagar	IN	15481
2561290	Aguelmous	MA	15480
13512769	Central Coquitlam	CA	15480
2376976	Elghabra	MR	15480
617345	Bilicenii Vechi	MD	15479
3935288	Minas de Marcona	PE	15478
7258965	Setauket-East Setauket	US	15477
689916	Verkhnodniprovsk	UA	15477
3345317	Blackwood	GB	15476
12319260	Les Moulins	FR	15476
2834978	Schwarzenberg	DE	15475
2973146	Tergnier	FR	15475
2359695	Karankasso	BF	15474
5098863	해리슨	US	15474
5802493	Martha Lake	US	15473
5132028	Port Richmond	US	15470
1219638	Çaşgyn	TM	15470
1611416	Chai Nat	TH	15469
3531574	Cárdenas	MX	15469
565289	Donskoye	RU	15469
3621804	San Juan de Dios	CR	15469
4861719	Indianola	US	15467
1813315	Daxie	CN	15466
2792360	Lille	BE	15466
3174141	Malnate	IT	15466
3057630	Skalica	SK	15466
3028521	Carrières-sous-Poissy	FR	15465
7778986	Fortress Hill	HK	15464
1819361	Mid Levels	HK	15464
323094	Aşkale	TR	15462
1735963	Pakan	MY	15462
411763	Al Hilāl al Gharbīyah	QA	15461
411768	Al Hilāl ash Sharqīyah	QA	15461
3516912	Santiago Tuxtla	MX	15459
3012829	Illzach	FR	15457
4215391	Perry	US	15457
5325186	Atwater Village	US	15455
1266070	Kosigi	IN	15455
294373	Majd el Kurūm	IL	15455
3675212	Marsella	CO	15455
1015969	Winnie Mandela	ZA	15454
2956093	Angermünde	DE	15453
1439850	Brāhmanān di Bāri	IN	15453
8400139	Zhen’an	CN	15452
4259640	Jasper	US	15451
8416968	Wangjia	CN	15451
1860588	Kamigōri	JP	15448
1733023	Kuala Lipis	MY	15448
3451185	Rio do Antônio	BR	15448
4852065	Clive	US	15447
707679	Ilovays’k	UA	15447
3996956	Madera	MX	15447
965571	Mamafubedu	ZA	15447
4231523	Winder	US	15447
4574989	Clemson	US	15446
2378160	Magṭa‘ Laḥjar	MR	15446
3583098	Sonzacate	SV	15446
319528	Kestel	TR	15445
1688372	Santa Barbara	PH	15445
143539	Amlash	IR	15444
11549942	Recoletos	ES	15444
2522250	Albal	ES	15443
2352356	Ado-Odo	NG	15442
3401830	Condado	BR	15441
3401725	Coremas	BR	15441
11522441	Tindal	IN	15440
12746524	Tung Tau Estate	HK	15440
2472724	Beni Khalled	TN	15439
3180601	카푸아	IT	15438
2151443	Rockdale	AU	15436
11549931	Apostol Santiago	ES	15435
857690	Moskovskiy	RU	15435
2953389	Bad Neustadt an der Saale	DE	15434
3992919	Peribán de Ramos	MX	15434
6295531	Seen (Kreis 3)	CH	15434
2435474	Béré	TD	15431
4428495	Greenwood	US	15431
4003804	Juan Aldama	MX	15431
6691078	Bilderstöckchen	DE	15430
2511160	Santafé	ES	15430
4174861	Tavares	US	15430
221527	오보크	DJ	15429
1499163	Mayma	RU	15428
3363957	Moorreesburg	ZA	15428
12440504	Awuliya	CN	15427
4761951	Great Falls	US	15427
1528875	Ala-Buka	KG	15426
3389560	Santa Luzia	BR	15426
1268310	Kalugumalai	IN	15423
1254396	Tīrthahalli	IN	15422
5059836	제임스타운	US	15422
759320	Siemiatycze	PL	15421
5140675	Terrace Heights	US	15421
2795795	Heusy	BE	15420
7118109	Velserbroek	NL	15420
9972586	Taylors Hill	AU	15419
7281839	Carindale	AU	15418
1570209	Phước Hòa	VN	15418
736296	Efkarpía	GR	15416
13494610	Ajeetgarh	IN	15414
5116570	Emerson Hill	US	15412
3385910	Turaru	BR	15412
8478257	Agios Ioannis Rentis	GR	15411
5325372	Avocado Heights	US	15411
2986306	Pont-à-Mousson	FR	15411
8551473	Bo	VN	15408
13645938	Kapolei Villages	US	15408
1688248	Santa Cruz	PH	15408
12640679	City One	HK	15407
1508879	Borovskiy	RU	15406
3394908	Messias	BR	15405
1260221	Parvatsar	IN	15405
3180581	Carate Brianza	IT	15404
3101787	Chełmża	PL	15403
4464873	Eden	US	15403
5146675	Bay Village	US	15402
8349177	Landsdale	AU	15401
3204176	Bijelo Polje	ME	15400
4161178	Lake Butler	US	15400
2521485	Atarfe	ES	15399
3470162	Bela Vista do Paraíso	BR	15399
3393848	Nova Olinda	BR	15399
7372977	Yulong	CN	15397
1614115	Ban Phra	TH	15396
2154912	North Melbourne	AU	15395
516256	Ochër	RU	15395
3022151	Cugnaux	FR	15393
3441292	Paso de Carrasco	UY	15393
13546398	Kan Nar Middle	MM	15390
3817641	San Mateo Huitzilzingo	MX	15389
3171664	Palagiano	IT	15388
2486505	Naciria	DZ	15387
161980	Magtymguly	TM	15386
3616234	Somotillo	NI	15385
3019952	Éragny	FR	15385
5850554	Makakilo City	US	15383
3172240	Noci	IT	15383
1268722	Kachhwa	IN	15381
10524011	Rāmachandrapuran	IN	15381
12358502	Donghui	CN	15380
2189028	Karori	NZ	15380
2144502	Warwick	AU	15380
5330167	Bostonia	US	15379
1258619	Rāmpur	IN	15379
5144040	Westbury	US	15379
1127628	Sang-e Chārak	AF	15377
789611	Kamenjane	MK	15376
1256929	Sāyla	IN	15376
630768	Ylivieska	FI	15375
2279214	Zoukougbeu	CI	15375
2791534	Mechelen-aan-de-Maas	BE	15374
2674649	Staffanstorp	SE	15373
13580769	Christopher-Champlain	CA	15372
2260401	Djambala	CG	15372
1859688	Kawaminami	JP	15372
2644120	Llandudno	GB	15371
1256824	Seoni Chhapāra	IN	15371
3532499	Ayutla de los Libres	MX	15370
1857238	Mikuriya	JP	15370
4159805	Iona	US	15369
3833412	Unquillo	AR	15369
3180389	Carugate	IT	15368
2859380	Ober-Ramstadt	DE	15367
1259158	Purushottampur	IN	15366
1490551	Suzun	RU	15365
2167651	Eight Mile Plains	AU	15364
3465071	Cruzília	BR	15362
2990192	Noisiel	FR	15362
3113576	Piera	ES	15362
3874570	Putaendo	CL	15361
2019326	네르친스크	RU	15360
4618057	Dickson	US	15359
1277841	바	IN	15359
12048372	Latchmere	GB	15358
617381	Slobozia	MD	15356
3666997	Tocancipá	CO	15355
3445728	Urandi	BR	15355
4302529	Newport	US	15354
13353500	Kanhirode	IN	15353
3668012	Simití	CO	15353
1603235	Ban Huai Thalaeng	TH	15352
3345432	Neston	GB	15352
11338545	Ou Bei Choan	KH	15351
1273367	Davorlim	IN	15350
1272367	Dornakal	IN	15350
4057835	컬먼	US	15350
662699	Vişeu de Sus	RO	15349
2940938	Bürstadt	DE	15348
3428708	San Luis del Palmar	AR	15347
4707055	Live Oak	US	15346
13156763	Morampudi	IN	15346
2810834	Bochum-Werne	DE	15345
2939995	Clausthal-Zellerfeld	DE	15345
1501460	Kulunda	RU	15345
3165612	Todi	IT	15345
3107955	Tordera	ES	15345
4488232	로어노크래피즈	US	15345
5308305	페이슨	US	15345
4843786	Storrs	US	15344
1593889	Ấp Bình Châu	VN	15344
3045487	Sárvár	HU	15343
635080	Taka-Töölö	FI	15343
8746448	Ea T’ling	VN	15342
13157026	Penha de França	IN	15342
12523341	Kanchanpur	IN	15341
480876	Tsimlyansk	RU	15341
2112932	Fukawa	JP	15340
7303641	Jelcz Laskowice	PL	15340
1880586	Kampong Loyang	SG	15340
1880486	Loyang	SG	15340
5756304	The Dalles	US	15340
921900	Dzaoudzi	YT	15339
1277997	Badgām	IN	15338
8403605	Houshan	CN	15338
6621337	Kingsford	AU	15338
3430957	Magdalena	AR	15338
712861	바르	UA	15337
2361778	Gomboussougou	BF	15336
13353499	Pappinivattom	IN	15336
11657965	Pālaiyam	IN	15336
3451265	Rio Azul	BR	15336
5476913	로스루너스	US	15336
2285905	Kouibly	CI	15335
1263015	Mīrganj	IN	15335
8399049	Qinglong	CN	15335
3580477	West Bay	KY	15335
2170697	Coogee	AU	15333
1735889	Julau	MY	15333
2847524	Ribnitz-Damgarten	DE	15333
3458942	Teolândia	BR	15332
698131	오우루치	UA	15332
3397055	Jupi	BR	15329
11604574	Dārāsuram	IN	15326
1265451	Kushālnagar	IN	15326
2826304	Straelen	DE	15325
13100431	Sayan	IN	15324
292862	Ḩattā	AE	15324
1300310	Pèkon	MM	15323
11777417	Uchiko	JP	15322
1267538	Katangi	IN	15321
127992	Bandar-e Khamīr	IR	15320
3937486	Junín	PE	15320
155515	Mabama	TZ	15320
3449475	Santo Cristo	BR	15320
4889959	Dixon	US	15319
3398178	Inhuma	BR	15319
2511050	Santomera	ES	15319
9480732	Boshrūyeh	IR	15318
11550772	Manor Park	GB	15318
5245359	Bellevue	US	15317
2513885	Miguelturra	ES	15316
672024	Ocna Mureş	RO	15316
5399976	Sunland	US	15316
1691538	롬블론	PH	15316
2735175	Ribeira de Frades	PT	15315
3448850	São João Evangelista	BR	15315
2734410	São Martinho do Bispo	PT	15315
766042	Łomianki	PL	15315
4076239	밀브룩	US	15314
1619281	Bang Racham	TH	15313
2521105	Benetússer	ES	15313
4149077	Brownsville	US	15313
3622716	Nicoya	CR	15313
5854496	와일루쿠	US	15313
2958024	Altdorf bei Nürnberg	DE	15312
10249440	Bhauri	IN	15312
8347914	Prestons	AU	15312
2062338	Rockingham	AU	15312
112029	Veys	IR	15312
2802039	Bevere	BE	15311
1267492	Kāthor	IN	15311
8299577	Warren Township	US	15311
3097271	Jelcz	PL	15308
3129661	아레니스데마르	ES	15307
2516088	La Carolina	ES	15306
11186049	Villukuri	IN	15304
3075297	Horní Měcholupy	CZ	15303
300377	Solhan	TR	15303
312024	Hizan	TR	15302
3980833	Tuzantla	MX	15302
1106616	Baie du Tombeau	MU	15301
310907	Kadınhanı	TR	15301
579771	Bagayevskaya	RU	15300
578091	Belëv	RU	15300
1277194	Bāonlī	IN	15300
6249340	Hamilton East	NZ	15300
6958823	Houhai	CN	15300
13512377	Lougheed	CA	15300
6691033	Donaghmede	IE	15299
3581514	Orange Walk	BZ	15298
2063042	포트헤들랜드	AU	15298
3526785	Villa Independencia	MX	15297
41466	Malekābād	IR	15296
3398584	Guamaré	BR	15295
5886586	알부투스 릿지	CA	15295
1507488	Degtyarsk	RU	15294
5137507	Seaford	US	15294
2597400	Borotou-Koro	CI	15293
11919748	La Blancarde	FR	15292
1684577	Tagas	PH	15292
1277202	Bāntva	IN	15291
7848497	Nizahon II	CI	15290
115615	Shāl	IR	15290
13157025	Chimbel	IN	15289
3045476	Sashalom	HU	15288
5815136	Washougal	US	15288
1815797	Changba	CN	15286
2855794	Oyten	DE	15286
3650960	Sucre	EC	15286
1273642	Dalkola	IN	15285
6137579	Saint-Charles-Borromée	CA	15285
2977491	Saint-Pierre-des-Corps	FR	15284
12688220	Bognonzra	CI	15282
669870	Popeşti-Leordeni	RO	15279
760343	Ropczyce	PL	15279
1255619	Srīvardhan	IN	15279
7614200	Bandar Tenggara	MY	15278
3274966	Lauda-Königshofen	DE	15278
3661756	Uarini	BR	15278
5722064	Dallas	US	15277
3060219	Galanta	SK	15277
1253175	Vilattikulam	IN	15277
1591236	Bà Nà	VN	15276
1907969	Guochuan	CN	15276
2866280	Neu-Anspach	DE	15276
2788521	Putte	BE	15276
3649959	Zamora	EC	15276
3569136	Alquízar	CU	15275
1966184	Leuwiliang	ID	15275
3023240	Coulommiers	FR	15274
3392311	Pereiro	BR	15274
5119049	Graniteville	US	15272
2892786	Karlstadt	DE	15272
12969866	Tapurah	BR	15272
3107807	Torredembarra	ES	15272
724503	케주마로크	SK	15271
4470566	헨더슨	US	15271
3693826	Pátapo	PE	15270
4493186	Stallings	US	15270
2962785	Lucan	IE	15269
5268986	River Falls	US	15269
3567823	Baraguá	CU	15268
4985744	Berkley	US	15268
3465330	Corupá	BR	15267
585568	Mardakan	AZ	15267
2027296	아이할	RU	15267
2949475	Beverungen	DE	15266
2014624	우다치니	RU	15266
623941	Astraviec	BY	15265
3164090	Lancenigo-Villorba	IT	15265
491352	Sofrino	RU	15265
1266126	코라타지어	IN	15265
2286458	Kong	CI	15262
568587	Chernyanka	RU	15261
1793274	Tanjia	CN	15261
2935042	Drensteinfurt	DE	15260
13353498	Thekkumkara	IN	15258
4352728	Damascus	US	15257
2992650	Montesson	FR	15256
6138525	Saint John West	CA	15255
6695468	Bommasandra Industrial Area	IN	15254
2129138	Moritake	JP	15254
7848483	Diéhiba	CI	15253
1529529	Dure	CN	15253
668828	Râşnov	RO	15253
4308122	Shelbyville	US	15253
3530175	Coscomatepec de Bravo	MX	15252
695912	Radomyshl	UA	15252
13526895	Kennedy Street	US	15251
9635322	Sayama	JP	15250
13580764	Vanier	CA	15249
647731	Loimaa	FI	15248
2640894	Orpington	GB	15248
4949152	Roxbury Crossing	US	15248
5572400	Susanville	US	15247
2013229	Vyazemskiy	RU	15247
1706402	Lilio	PH	15246
2693759	Ludvika	SE	15245
4520905	Pataskala	US	15245
3467545	Cândido de Abreu	BR	15244
2250849	Kanel	SN	15244
3517524	Tecámac	MX	15244
3515902	Tepeapulco	MX	15244
321136	Bigadiç	TR	15242
1691446	Roxas	PH	15242
6318785	Trairão	BR	15242
296829	Yeşilova	TR	15242
1496739	Novosilikatnyy	RU	15241
3181471	Brusciano	IT	15238
2937790	Deutz	DE	15238
2786344	Soumagne	BE	15237
1511466	아라밀	RU	15237
1864968	Asso	JP	15236
3460788	Itanhandu	BR	15236
10910251	Kudali	IN	15236
3450872	Rosário Oeste	BR	15236
3577102	Santa Cruz	AW	15236
8858123	Alborada Jaltenco	MX	15235
2925189	Freiberg am Neckar	DE	15235
3398923	Glória	BR	15234
2805597	Wurzen	DE	15233
1283878	Zigon	MM	15233
3465729	Conchas	BR	15232
3068107	Poděbrady	CZ	15232
12519688	Yadagirigutta	IN	15232
3699364	Bellavista	PE	15231
2868936	Much	DE	15231
2661861	Adliswil	CH	15230
2750815	Mijdrecht	NL	15230
2763810	Telfs	AT	15229
3057685	Sereď	SK	15228
662187	짐니체아	RO	15228
2958105	Alsterdorf	DE	15227
5946656	Edgemont	CA	15225
2809777	Wickede	DE	15225
2978100	생 막시망 라 생트 보메	FR	15225
3453787	Pinhalzinho	BR	15224
1262567	Mūlanūr	IN	15223
6318208	Salto do Lontra	BR	15223
2758547	Boskoop	NL	15222
1269824	Ichhāwar	IN	15221
3982007	Tepalcatepec	MX	15221
8407506	Wanmu	CN	15220
138989	Charām	IR	15218
710548	Voznesenivka	UA	15218
5012495	트래버스시티	US	15218
564654	Dubovka	RU	15217
185939	Muhoroni	KE	15217
5397851	South Yuba City	US	15217
2170307	Corio	AU	15215
2111514	Ogawa	JP	15215
1220219	Vakhsh	TJ	15215
2098329	다루	PG	15214
3428123	Santa Teresita	AR	15213
1904046	Yongxi	CN	15213
12719544	City Garden	HK	15212
4837648	Ledyard	US	15212
4772735	Merrifield	US	15212
11628594	Sāram	IN	15212
3128757	la Barceloneta	ES	15212
2743095	Alfena	PT	15211
10684812	Jugiāl	IN	15210
2514066	Massamagrell	ES	15210
2411905	소마	GM	15210
10303818	Goniāna Mandi	IN	15208
1607615	Phon Charoen	TH	15208
1704002	Magarao	PH	15205
2153925	Palm Beach	AU	15205
1795330	Shihui	CN	15205
2647363	Haslingden	GB	15204
7287775	Nizhnesortymskiy	RU	15204
3470390	Barrocas	BR	15203
3450719	Salesópolis	BR	15202
1271642	Gangolli	IN	15200
232522	Kalisizo	UG	15200
250267	Safi	JO	15200
6232329	Te Atatu Peninsula	NZ	15200
144484	Ahram	IR	15198
752489	Akhisar	TR	15198
2177576	Ascot Vale	AU	15197
13353372	R.S. Pora	IN	15197
1486298	야시키노	RU	15197
2395510	Athiémé	BJ	15195
2110560	Yamada	JP	15195
720364	Gyomaendrőd	HU	15194
6139184	Saint-Vincent-de-Paul	CA	15194
6318415	São Félix do Coribe	BR	15194
3907080	푸나타	BO	15194
3203653	Bosanska Krupa	BA	15193
6240770	Cambridge	NZ	15192
7268049	Mangilao Village	GU	15191
897456	Sinazongwe	ZM	15191
148445	아스타라	AZ	15190
2933101	Eggenstein-Leopoldshafen	DE	15189
13156905	Niz-Hajo	IN	15188
3473218	Acajutiba	BR	15187
5098109	Fords	US	15187
1538338	Oymak	CN	15187
2766446	Sankt Peter	AT	15187
4714582	New Territory	US	15186
6957263	카폴레이	US	15186
11487291	Kīlattingal	IN	15185
2955224	Ascheberg	DE	15184
2882091	Bad Laasphe	DE	15184
1609990	Khao Wong	TH	15184
299643	Taşucu	TR	15184
3980169	Villa Hidalgo	MX	15182
5337908	클리어레이크	US	15182
3000138	Les Olives	FR	15181
3578599	Pointe-à-Pitre	GP	15181
468063	Yelan’	RU	15181
2658665	슈비츠	CH	15181
2476028	티파자	DZ	15180
12156850	Lawrence Park South	CA	15179
3090452	Nowy Tomyśl	PL	15179
686669	Adjud	RO	15178
2341955	Ganye	NG	15178
13494687	Kangeyanallur	IN	15177
5567770	McKinleyville	US	15177
1857201	Minami-aoyama	JP	15177
798763	Viikki	FI	15177
1275132	Buguda	IN	15176
2339665	Gwoza	NG	15176
2953405	Bad Lippspringe	DE	15175
1267006	Khāpa	IN	15175
699753	노우호로드시베르스키	UA	15175
4959473	브런즈윅	US	15175
1259840	Petlāwad	IN	15174
1056487	Soalala	MG	15174
8347847	Taylors Lakes	AU	15174
3463916	Espumoso	BR	15173
3864430	Belén	AR	15172
1263997	Mahabalipuram	IN	15172
3181359	Bussolengo	IT	15170
2360541	Gayéri	BF	15170
2356765	Pa	BF	15170
3862254	Catriel	AR	15169
13494582	Ghantapada	IN	15169
561515	Giaginskaya	RU	15169
7302137	West Ealing	GB	15169
2937591	Dieburg	DE	15168
153408	Mlangali	TZ	15168
4011469	Puebla	MX	15168
3596644	El Palmar	GT	15167
4294799	Highview	US	15167
536156	Leninsk	RU	15167
792501	Bogovinje	MK	15166
177748	Chiengi	ZM	15165
10429089	Xiping	CN	15165
13664979	Gorjī-ye Soflá	IR	15163
3188915	Trbovlje	SI	15163
4013892	Ciénega de Flores	MX	15162
2640667	Palmers Green	GB	15162
3516919	Tetla	MX	15161
2759197	Bennekom	NL	15160
5123247	Kenmore	US	15160
13156992	Sultan Pur	IN	15160
2635607	Totteridge	GB	15159
7302802	Rondebosch	ZA	15158
3394918	Meruoca	BR	15157
3590924	Rabinal	GT	15157
1264757	Lormi	IN	15156
2655369	Blaydon-on-Tyne	GB	15155
2791735	Marchienne-au-Pont	BE	15154
7932620	Elwood	AU	15153
4181936	Belvedere Park	US	15152
11664459	Ottakkadai	IN	15152
5387749	Ripon	US	15151
3063546	Ústí nad Orlicí	CZ	15151
7932622	Burwood	AU	15147
4367419	Rossville	US	15147
11549806	la Guineueta	ES	15147
3469983	Biritinga	BR	15146
5114900	Depew	US	15146
380151	Ad Dindar	SD	15144
2351470	Ajaokuta	NG	15144
4595374	Seven Oaks	US	15144
1153646	Chom Bueng	TH	15143
3386024	Triunfo	BR	15141
3173369	Mirano	IT	15139
7258633	Gates-North Gates	US	15138
2989877	Noyon	FR	15138
5381325	Parlier	US	15138
4231354	Wilmington Island	US	15138
3472344	América Dourada	BR	15137
7510940	Erawan	TH	15137
3355672	뤼데리츠	NA	15137
3202641	체티네	ME	15137
9003711	Corigliano Scalo	IT	15136
1266092	Korwai	IN	15136
6941125	Sant Agustí	ES	15136
5344817	East Rancho Dominguez	US	15135
2753184	Julianadorp	NL	15135
2219736	Al Qawāsim	LY	15134
1157662	Bang Saphan	TH	15134
384266	Kora	RW	15134
1136863	Khāsh	AF	15133
2262744	Tavira	PT	15133
1520947	Sarykemer	KZ	15132
1267290	Kenda	IN	15131
8858124	Crucecita	MX	15130
3459261	Presidente Dutra	BR	15130
13353497	Karamuck	IN	15129
1259210	Pupri	IN	15129
13526900	Southwest Waterfront	US	15129
11680754	Āyikudi	IN	15129
1714519	Dologon	PH	15128
4437982	Natchez	US	15128
11863036	Sinfin	GB	15128
622113	Shchuchyn	BY	15127
3864375	Bella Vista	AR	15126
4351851	Cloverly	US	15126
1858579	Kōzan	JP	15125
4868907	Newton	US	15125
3085172	Solec Kujawski	PL	15125
13353461	Saligram	IN	15123
12493784	Shrivardhan	IN	15123
1849857	Toyoda	JP	15123
1271509	Garot	IN	15122
3460243	Jaguapitã	BR	15122
3099169	Głuchołazy	PL	15120
5364916	Lamont	US	15120
1880177	Tiong Bahru Estate	SG	15120
3601691	Santa Bárbara	HN	15119
3982170	Técpan de Galeana	MX	15119
3455036	Paraty	BR	15118
479687	Uchkeken	RU	15118
1259784	페	IN	15118
1255712	Sorada	IN	15117
8378910	Villanova	IT	15117
10926303	Kizhariyūr	IN	15116
4619943	East Brainerd	US	15114
6269531	Paris 01 Louvre	FR	15114
10866730	Ebisu	JP	15112
3851331	La Falda	AR	15112
7538522	Vidigal	BR	15112
2157495	Miranda	AU	15111
1481890	Setsan	MM	15111
6690595	Shadwell	GB	15110
732452	Chirpan	BG	15109
1714482	Domalanoan	PH	15108
2897732	Humboldtkolonie	DE	15108
3453518	Piratininga	BR	15108
5387687	Rio Linda	US	15106
4527124	Vandalia	US	15106
3099180	Głowno	PL	15103
2781680	Bludenz	AT	15102
4935434	East Longmeadow	US	15102
2565574	Pokola	CG	15102
5103086	Ramsey	US	15102
3387258	Soledade	BR	15102
3855143	General Acha	AR	15101
229630	Lwengo	UG	15100
508656	Pochep	RU	15100
7874479	Trindade	BR	15100
1566029	Phú Lộc	VN	15099
1469706	Markaz-e Woluswalī-ye Āchīn	AF	15098
3688840	Betulia	CO	15097
2344600	Doma	NG	15097
4177897	West Park	US	15097
5991055	Kenora	CA	15096
1064131	Imerimandroso	MG	15095
4626334	Greeneville	US	15094
3469168	Holambra	BR	15094
847633	알타	NO	15094
11549932	Niño Jesús	ES	15093
651659	Kontiolahti	FI	15092
506762	Polyarnyye Zori	RU	15092
3049896	Kiskőrös	HU	15091
2128645	Ōno	JP	15091
2412141	Sanyang	GM	15090
2337235	Isanlu-Itedoijowa	NG	15087
1266924	Kharhiāl	IN	15087
4245152	Mount Vernon	US	15087
3105214	Villanueva del Pardillo	ES	15087
4346991	Adelphi	US	15086
6151264	Sooke	CA	15086
2945591	Brackenheim	DE	15083
3697990	Coishco	PE	15083
11604632	Tirunāgeswaram	IN	15082
6693094	Springfield Lakes	AU	15081
2759524	Badhoevedorp	NL	15080
2287987	Guéyo	CI	15080
10311513	Inokura	JP	15080
2642683	Mexborough	GB	15079
9972422	Keilor East	AU	15078
3202888	차코베츠	HR	15078
1261871	Naraini	IN	15077
742902	Kocaali	TR	15076
1265150	Lālpur	IN	15076
1527497	Kyzyl-Suu	KG	15075
3590520	San Andrés Xecul	GT	15074
1278785	Amīngarh	IN	15073
1244596	Hatton	LK	15073
9958114	Rochedale South	AU	15073
3467962	Cambuci	BR	15070
3466046	Clevelândia	BR	15070
4760232	Front Royal	US	15070
2882439	Künzelsau	DE	15070
1260442	Panth Pīplia	IN	15070
3065903	Slaný	CZ	15070
916246	Kabompo	ZM	15069
5278693	Weston	US	15069
1864808	Bange	JP	15068
3403200	Capela	BR	15068
3982545	Tangancícuaro de Arista	MX	15068
1253673	Usehat	IN	15068
2641591	Newport Pagnell	GB	15067
3573989	Paradise	TT	15067
1729734	Babo-Pangulo	PH	15066
653616	Kauhava	FI	15066
10342754	Mani	BF	15066
1691904	Ramos	PH	15066
2641795	Neston	GB	15064
5512827	Spanish Springs	US	15064
12048327	Tottenham Hale	GB	15064
12808655	Porte Saint-Denis	FR	15063
11655763	Ālūr	IN	15063
3403941	Cajueiro	BR	15062
9881926	Eppan	IT	15062
12070060	Vicaria	IT	15062
7259265	Fort Leonard Wood	US	15061
3676934	La Unión	CO	15061
12719635	Yiu Tung Estate	HK	15061
2356136	Sabou	BF	15060
3472406	Alvinópolis	BR	15059
4935211	Duxbury	US	15059
831432	Espiye	TR	15058
4912499	Sterling	US	15057
2167817	Echuca	AU	15056
161997	Jebel	TM	15056
1260954	Pachperwa	IN	15056
4137919	캐피틀힐	US	15056
4793846	윌리엄스버그	US	15052
3621655	San Rafael Arriba	CR	15051
575457	Boguchar	RU	15048
5315062	Somerton	US	15048
2769110	Perchtoldsdorf	AT	15047
4175296	Three Lakes	US	15047
2244797	Thilogne	SN	15044
689584	Vilnyansk	UA	15044
711841	볼흐라드	UA	15044
3526611	Xalatlaco	MX	15043
681502	Cisnădie	RO	15042
11550018	Piovera	ES	15041
1255478	Sumbal	IN	15041
1850732	Tamaru	JP	15041
3570446	La Trinité	MQ	15040
2820973	Trossingen	DE	15040
188123	Makindu	KE	15038
3078545	Bruntál	CZ	15037
677742	Găeşti	RO	15037
3169181	Rocca di Papa	IT	15036
4146389	Auburndale	US	15035
2521016	Berja	ES	15035
3889262	Frutillar	CL	15034
1139807	Jabal os Saraj	AF	15032
3583199	Santiago de María	SV	15032
2219471	Ar Rayāyinah	LY	15031
1736870	Engkilili	MY	15031
2493605	Ighram	DZ	15030
2644853	Larkhall	GB	15030
3172681	Montichiari	IT	15030
3385980	Tucumã	BR	15030
1007061	Dysselsdorp	ZA	15029
733264	Berkovitsa	BG	15027
3030057	Brignoles	FR	15027
1853163	Sakaki	JP	15025
12640344	Kompienga	BF	15024
5118743	Gloversville	US	15023
2519651	Cehegín	ES	15022
5523074	Hereford	US	15021
2161608	Kensington	AU	15021
8465210	Brasilândia de Minas	BR	15020
13308387	Shanto	ET	15020
460570	체시스	LV	15020
5116303	Eggertsville	US	15019
1267097	Khamaria	IN	15019
2700839	Kinna	SE	15019
3671330	Puerto Salgar	CO	15019
1222562	Suluktu	KG	15019
1129516	Qarqīn	AF	15018
2413511	Farato	GM	15017
3522451	Ocotlán de Morelos	MX	15016
3461830	Guareí	BR	15013
3472263	Andorinha	BR	15012
3824536	Alto Lucero	MX	15011
691016	Tulchyn	UA	15011
5108093	Batavia	US	15010
3077920	Česká Třebová	CZ	15010
3035654	Avon	FR	15009
155285	Mahanje	TZ	15009
3464705	Dionísio Cerqueira	BR	15008
12718832	Empuluzu	ZA	15008
1608541	Nakhon Luang	TH	15008
3128382	Béjar	ES	15007
1262988	Misrikh	IN	15007
2787662	Rotselaar	BE	15007
1253785	Ūn	IN	15007
2520413	Campo de Criptana	ES	15006
1267385	Kāveripatnam	IN	15006
1279213	Ahwa	IN	15004
2144949	Wallan	AU	15004
3081046	Ząbkowice Śląskie	PL	15004
2262582	Torres Novas	PT	15002
2811698	Weißwasser	DE	15002
3096525	카르투지	PL	15002
5520552	Dumas	US	15001
3421319	누크	GL	14798
3582672	벨모판	BZ	13381
4035715	아바루아	CK	13373
2611396	토르스하운	FO	13200
3575551	바스테르	KN	12920
5881576	파고파고	AS	11500
3579732	바스테르	GP	11472
3041732	마리에함	AX	10682
3513563	크랄렌데이크	BQ	10620
13512378	Harewood	CA	8769
3577430	로드타운	VG	8449
3579925	세인트조지스	GD	7500
2081986	팔리키르	FM	6942
2562305	발레타	MT	6794
2110394	푸나푸티	TV	6320
3424934	생피에르	PM	6200
3579132	귀스타비아	BL	5988
3578851	마리고	MF	5700
3042030	파두츠	LI	5197
935048	로밤바	SZ	4557
3168070	산마리노	SM	4500
3576994	코번타운	TC	3720
2729907	롱위에아르뷔엔	SJ	2368
3426691	스탠리	FK	2213
3573374	더밸리	AI	2035
12226438	Ciudad de la Paz	GQ	2000
3513392	필립스뷔르흐	SX	1400
4034821	마타우투	WF	1200
7626461	야렌 구	NR	1100
4044012	하갓냐	GU	1051
7266440	브레이즈	MS	1000
3573197	해밀턴	BM	902
2161314	킹스턴	NF	880
6691831	바티칸	VA	829
3370903	제임스타운	SH	637
4036284	알로피	NU	624
2078127	플라잉피시코브	CX	500
7304591	웨스트 섬	CC	120
13405691	Liberpolis	HR	63
4030723	애덤스타운	PN	46
1546102	포르토프랑셰	TF	45
3426466	그리트비켄	GS	2
13631342	Thomas Magena home	KE	0
8063361	응게룰무드	PW	0
3578069	플리머스	MS	0
